product,product_label,geo_level,region,province,location,year,value_metric_tons,data_status
coconut_w_husk,Coconut (w/ husk),national,,,PHILIPPINES,2010,15510282.61,official_psa
coconut_w_husk,Coconut (w/ husk),national,,,PHILIPPINES,2011,15244609.3,official_psa
coconut_w_husk,Coconut (w/ husk),national,,,PHILIPPINES,2012,15863800.92,official_psa
coconut_w_husk,Coconut (w/ husk),national,,,PHILIPPINES,2013,15354334.19,official_psa
coconut_w_husk,Coconut (w/ husk),national,,,PHILIPPINES,2014,14696298.35,official_psa
coconut_w_husk,Coconut (w/ husk),national,,,PHILIPPINES,2015,14735188.98,official_psa
coconut_w_husk,Coconut (w/ husk),national,,,PHILIPPINES,2016,13825080.08,official_psa
coconut_w_husk,Coconut (w/ husk),national,,,PHILIPPINES,2017,14049131.06,official_psa
coconut_w_husk,Coconut (w/ husk),national,,,PHILIPPINES,2018,14726165.43,official_psa
coconut_w_husk,Coconut (w/ husk),national,,,PHILIPPINES,2019,14765057.06,official_psa
coconut_w_husk,Coconut (w/ husk),national,,,PHILIPPINES,2020,14490922.69,official_psa
coconut_w_husk,Coconut (w/ husk),national,,,PHILIPPINES,2021,14717293.91,official_psa
coconut_w_husk,Coconut (w/ husk),national,,,PHILIPPINES,2022,14931158.3,official_psa
coconut_w_husk,Coconut (w/ husk),national,,,PHILIPPINES,2023,14892628.4,official_psa
coconut_w_husk,Coconut (w/ husk),national,,,PHILIPPINES,2024,14500416.25,official_psa
coconut_w_husk,Coconut (w/ husk),national,,,PHILIPPINES,2025,14506607.09,official_psa
coconut_w_husk,Coconut (w/ husk),national,,,PHILIPPINES,2026,14528881.92,estimated_gap
coconut_w_husk,Coconut (w/ husk),region,CORDILLERA ADMINISTRATIVE REGION (CAR),,CORDILLERA ADMINISTRATIVE REGION (CAR),2010,913.98,official_psa
coconut_w_husk,Coconut (w/ husk),region,CORDILLERA ADMINISTRATIVE REGION (CAR),,CORDILLERA ADMINISTRATIVE REGION (CAR),2011,907.24,official_psa
coconut_w_husk,Coconut (w/ husk),region,CORDILLERA ADMINISTRATIVE REGION (CAR),,CORDILLERA ADMINISTRATIVE REGION (CAR),2012,952.23,official_psa
coconut_w_husk,Coconut (w/ husk),region,CORDILLERA ADMINISTRATIVE REGION (CAR),,CORDILLERA ADMINISTRATIVE REGION (CAR),2013,1078.78,official_psa
coconut_w_husk,Coconut (w/ husk),region,CORDILLERA ADMINISTRATIVE REGION (CAR),,CORDILLERA ADMINISTRATIVE REGION (CAR),2014,1172.97,official_psa
coconut_w_husk,Coconut (w/ husk),region,CORDILLERA ADMINISTRATIVE REGION (CAR),,CORDILLERA ADMINISTRATIVE REGION (CAR),2015,1165.07,official_psa
coconut_w_husk,Coconut (w/ husk),region,CORDILLERA ADMINISTRATIVE REGION (CAR),,CORDILLERA ADMINISTRATIVE REGION (CAR),2016,1037.39,official_psa
coconut_w_husk,Coconut (w/ husk),region,CORDILLERA ADMINISTRATIVE REGION (CAR),,CORDILLERA ADMINISTRATIVE REGION (CAR),2017,981.41,official_psa
coconut_w_husk,Coconut (w/ husk),region,CORDILLERA ADMINISTRATIVE REGION (CAR),,CORDILLERA ADMINISTRATIVE REGION (CAR),2018,942.25,official_psa
coconut_w_husk,Coconut (w/ husk),region,CORDILLERA ADMINISTRATIVE REGION (CAR),,CORDILLERA ADMINISTRATIVE REGION (CAR),2019,912.54,official_psa
coconut_w_husk,Coconut (w/ husk),region,CORDILLERA ADMINISTRATIVE REGION (CAR),,CORDILLERA ADMINISTRATIVE REGION (CAR),2020,1024.13,official_psa
coconut_w_husk,Coconut (w/ husk),region,CORDILLERA ADMINISTRATIVE REGION (CAR),,CORDILLERA ADMINISTRATIVE REGION (CAR),2021,1064.64,official_psa
coconut_w_husk,Coconut (w/ husk),region,CORDILLERA ADMINISTRATIVE REGION (CAR),,CORDILLERA ADMINISTRATIVE REGION (CAR),2022,1133.58,official_psa
coconut_w_husk,Coconut (w/ husk),region,CORDILLERA ADMINISTRATIVE REGION (CAR),,CORDILLERA ADMINISTRATIVE REGION (CAR),2023,1148.3,official_psa
coconut_w_husk,Coconut (w/ husk),region,CORDILLERA ADMINISTRATIVE REGION (CAR),,CORDILLERA ADMINISTRATIVE REGION (CAR),2024,1143.32,official_psa
coconut_w_husk,Coconut (w/ husk),region,CORDILLERA ADMINISTRATIVE REGION (CAR),,CORDILLERA ADMINISTRATIVE REGION (CAR),2025,1141.64,official_psa
coconut_w_husk,Coconut (w/ husk),region,CORDILLERA ADMINISTRATIVE REGION (CAR),,CORDILLERA ADMINISTRATIVE REGION (CAR),2026,1029.92,estimated_gap
coconut_w_husk,Coconut (w/ husk),province,CORDILLERA ADMINISTRATIVE REGION (CAR),Abra,Abra,2010,191.86,official_psa
coconut_w_husk,Coconut (w/ husk),province,CORDILLERA ADMINISTRATIVE REGION (CAR),Abra,Abra,2011,190.5,official_psa
coconut_w_husk,Coconut (w/ husk),province,CORDILLERA ADMINISTRATIVE REGION (CAR),Abra,Abra,2012,202.82,official_psa
coconut_w_husk,Coconut (w/ husk),province,CORDILLERA ADMINISTRATIVE REGION (CAR),Abra,Abra,2013,212.76,official_psa
coconut_w_husk,Coconut (w/ husk),province,CORDILLERA ADMINISTRATIVE REGION (CAR),Abra,Abra,2014,220.03,official_psa
coconut_w_husk,Coconut (w/ husk),province,CORDILLERA ADMINISTRATIVE REGION (CAR),Abra,Abra,2015,214.9,official_psa
coconut_w_husk,Coconut (w/ husk),province,CORDILLERA ADMINISTRATIVE REGION (CAR),Abra,Abra,2016,208.28,official_psa
coconut_w_husk,Coconut (w/ husk),province,CORDILLERA ADMINISTRATIVE REGION (CAR),Abra,Abra,2017,203.87,official_psa
coconut_w_husk,Coconut (w/ husk),province,CORDILLERA ADMINISTRATIVE REGION (CAR),Abra,Abra,2018,191.64,official_psa
coconut_w_husk,Coconut (w/ husk),province,CORDILLERA ADMINISTRATIVE REGION (CAR),Abra,Abra,2019,191.62,official_psa
coconut_w_husk,Coconut (w/ husk),province,CORDILLERA ADMINISTRATIVE REGION (CAR),Abra,Abra,2020,188.72,official_psa
coconut_w_husk,Coconut (w/ husk),province,CORDILLERA ADMINISTRATIVE REGION (CAR),Abra,Abra,2021,179.25,official_psa
coconut_w_husk,Coconut (w/ husk),province,CORDILLERA ADMINISTRATIVE REGION (CAR),Abra,Abra,2022,182.53,official_psa
coconut_w_husk,Coconut (w/ husk),province,CORDILLERA ADMINISTRATIVE REGION (CAR),Abra,Abra,2023,181.95,official_psa
coconut_w_husk,Coconut (w/ husk),province,CORDILLERA ADMINISTRATIVE REGION (CAR),Abra,Abra,2024,153.85,official_psa
coconut_w_husk,Coconut (w/ husk),province,CORDILLERA ADMINISTRATIVE REGION (CAR),Abra,Abra,2025,209.33,official_psa
coconut_w_husk,Coconut (w/ husk),province,CORDILLERA ADMINISTRATIVE REGION (CAR),Abra,Abra,2026,152.39,estimated_gap
coconut_w_husk,Coconut (w/ husk),province,CORDILLERA ADMINISTRATIVE REGION (CAR),Apayao,Apayao,2010,254.85,official_psa
coconut_w_husk,Coconut (w/ husk),province,CORDILLERA ADMINISTRATIVE REGION (CAR),Apayao,Apayao,2011,248.45,official_psa
coconut_w_husk,Coconut (w/ husk),province,CORDILLERA ADMINISTRATIVE REGION (CAR),Apayao,Apayao,2012,267.65,official_psa
coconut_w_husk,Coconut (w/ husk),province,CORDILLERA ADMINISTRATIVE REGION (CAR),Apayao,Apayao,2013,324.5,official_psa
coconut_w_husk,Coconut (w/ husk),province,CORDILLERA ADMINISTRATIVE REGION (CAR),Apayao,Apayao,2014,374.84,official_psa
coconut_w_husk,Coconut (w/ husk),province,CORDILLERA ADMINISTRATIVE REGION (CAR),Apayao,Apayao,2015,393.08,official_psa
coconut_w_husk,Coconut (w/ husk),province,CORDILLERA ADMINISTRATIVE REGION (CAR),Apayao,Apayao,2016,347.69,official_psa
coconut_w_husk,Coconut (w/ husk),province,CORDILLERA ADMINISTRATIVE REGION (CAR),Apayao,Apayao,2017,324.65,official_psa
coconut_w_husk,Coconut (w/ husk),province,CORDILLERA ADMINISTRATIVE REGION (CAR),Apayao,Apayao,2018,295.55,official_psa
coconut_w_husk,Coconut (w/ husk),province,CORDILLERA ADMINISTRATIVE REGION (CAR),Apayao,Apayao,2019,284.0,official_psa
coconut_w_husk,Coconut (w/ husk),province,CORDILLERA ADMINISTRATIVE REGION (CAR),Apayao,Apayao,2020,333.09,official_psa
coconut_w_husk,Coconut (w/ husk),province,CORDILLERA ADMINISTRATIVE REGION (CAR),Apayao,Apayao,2021,343.87,official_psa
coconut_w_husk,Coconut (w/ husk),province,CORDILLERA ADMINISTRATIVE REGION (CAR),Apayao,Apayao,2022,347.6,official_psa
coconut_w_husk,Coconut (w/ husk),province,CORDILLERA ADMINISTRATIVE REGION (CAR),Apayao,Apayao,2023,335.25,official_psa
coconut_w_husk,Coconut (w/ husk),province,CORDILLERA ADMINISTRATIVE REGION (CAR),Apayao,Apayao,2024,335.0,official_psa
coconut_w_husk,Coconut (w/ husk),province,CORDILLERA ADMINISTRATIVE REGION (CAR),Apayao,Apayao,2025,326.08,official_psa
coconut_w_husk,Coconut (w/ husk),province,CORDILLERA ADMINISTRATIVE REGION (CAR),Apayao,Apayao,2026,369.64,estimated_gap
coconut_w_husk,Coconut (w/ husk),province,CORDILLERA ADMINISTRATIVE REGION (CAR),Benguet,Benguet,2010,15.14,official_psa
coconut_w_husk,Coconut (w/ husk),province,CORDILLERA ADMINISTRATIVE REGION (CAR),Benguet,Benguet,2011,15.38,official_psa
coconut_w_husk,Coconut (w/ husk),province,CORDILLERA ADMINISTRATIVE REGION (CAR),Benguet,Benguet,2012,15.1,official_psa
coconut_w_husk,Coconut (w/ husk),province,CORDILLERA ADMINISTRATIVE REGION (CAR),Benguet,Benguet,2013,15.16,official_psa
coconut_w_husk,Coconut (w/ husk),province,CORDILLERA ADMINISTRATIVE REGION (CAR),Benguet,Benguet,2014,15.29,official_psa
coconut_w_husk,Coconut (w/ husk),province,CORDILLERA ADMINISTRATIVE REGION (CAR),Benguet,Benguet,2015,15.01,official_psa
coconut_w_husk,Coconut (w/ husk),province,CORDILLERA ADMINISTRATIVE REGION (CAR),Benguet,Benguet,2016,14.78,official_psa
coconut_w_husk,Coconut (w/ husk),province,CORDILLERA ADMINISTRATIVE REGION (CAR),Benguet,Benguet,2017,15.06,official_psa
coconut_w_husk,Coconut (w/ husk),province,CORDILLERA ADMINISTRATIVE REGION (CAR),Benguet,Benguet,2018,15.0,official_psa
coconut_w_husk,Coconut (w/ husk),province,CORDILLERA ADMINISTRATIVE REGION (CAR),Benguet,Benguet,2019,15.55,official_psa
coconut_w_husk,Coconut (w/ husk),province,CORDILLERA ADMINISTRATIVE REGION (CAR),Benguet,Benguet,2020,15.82,official_psa
coconut_w_husk,Coconut (w/ husk),province,CORDILLERA ADMINISTRATIVE REGION (CAR),Benguet,Benguet,2021,16.77,official_psa
coconut_w_husk,Coconut (w/ husk),province,CORDILLERA ADMINISTRATIVE REGION (CAR),Benguet,Benguet,2022,18.9,official_psa
coconut_w_husk,Coconut (w/ husk),province,CORDILLERA ADMINISTRATIVE REGION (CAR),Benguet,Benguet,2023,19.56,official_psa
coconut_w_husk,Coconut (w/ husk),province,CORDILLERA ADMINISTRATIVE REGION (CAR),Benguet,Benguet,2024,18.5,official_psa
coconut_w_husk,Coconut (w/ husk),province,CORDILLERA ADMINISTRATIVE REGION (CAR),Benguet,Benguet,2025,18.37,official_psa
coconut_w_husk,Coconut (w/ husk),province,CORDILLERA ADMINISTRATIVE REGION (CAR),Benguet,Benguet,2026,26.98,estimated_gap
coconut_w_husk,Coconut (w/ husk),province,CORDILLERA ADMINISTRATIVE REGION (CAR),Ifugao,Ifugao,2010,86.82,official_psa
coconut_w_husk,Coconut (w/ husk),province,CORDILLERA ADMINISTRATIVE REGION (CAR),Ifugao,Ifugao,2011,90.31,official_psa
coconut_w_husk,Coconut (w/ husk),province,CORDILLERA ADMINISTRATIVE REGION (CAR),Ifugao,Ifugao,2012,94.71,official_psa
coconut_w_husk,Coconut (w/ husk),province,CORDILLERA ADMINISTRATIVE REGION (CAR),Ifugao,Ifugao,2013,103.95,official_psa
coconut_w_husk,Coconut (w/ husk),province,CORDILLERA ADMINISTRATIVE REGION (CAR),Ifugao,Ifugao,2014,131.11,official_psa
coconut_w_husk,Coconut (w/ husk),province,CORDILLERA ADMINISTRATIVE REGION (CAR),Ifugao,Ifugao,2015,135.33,official_psa
coconut_w_husk,Coconut (w/ husk),province,CORDILLERA ADMINISTRATIVE REGION (CAR),Ifugao,Ifugao,2016,141.72,official_psa
coconut_w_husk,Coconut (w/ husk),province,CORDILLERA ADMINISTRATIVE REGION (CAR),Ifugao,Ifugao,2017,148.73,official_psa
coconut_w_husk,Coconut (w/ husk),province,CORDILLERA ADMINISTRATIVE REGION (CAR),Ifugao,Ifugao,2018,154.51,official_psa
coconut_w_husk,Coconut (w/ husk),province,CORDILLERA ADMINISTRATIVE REGION (CAR),Ifugao,Ifugao,2019,174.23,official_psa
coconut_w_husk,Coconut (w/ husk),province,CORDILLERA ADMINISTRATIVE REGION (CAR),Ifugao,Ifugao,2020,196.27,official_psa
coconut_w_husk,Coconut (w/ husk),province,CORDILLERA ADMINISTRATIVE REGION (CAR),Ifugao,Ifugao,2021,228.25,official_psa
coconut_w_husk,Coconut (w/ husk),province,CORDILLERA ADMINISTRATIVE REGION (CAR),Ifugao,Ifugao,2022,284.38,official_psa
coconut_w_husk,Coconut (w/ husk),province,CORDILLERA ADMINISTRATIVE REGION (CAR),Ifugao,Ifugao,2023,297.68,official_psa
coconut_w_husk,Coconut (w/ husk),province,CORDILLERA ADMINISTRATIVE REGION (CAR),Ifugao,Ifugao,2024,312.51,official_psa
coconut_w_husk,Coconut (w/ husk),province,CORDILLERA ADMINISTRATIVE REGION (CAR),Ifugao,Ifugao,2025,250.48,official_psa
coconut_w_husk,Coconut (w/ husk),province,CORDILLERA ADMINISTRATIVE REGION (CAR),Ifugao,Ifugao,2026,186.51,estimated_gap
coconut_w_husk,Coconut (w/ husk),province,CORDILLERA ADMINISTRATIVE REGION (CAR),Kalinga,Kalinga,2010,192.17,official_psa
coconut_w_husk,Coconut (w/ husk),province,CORDILLERA ADMINISTRATIVE REGION (CAR),Kalinga,Kalinga,2011,190.35,official_psa
coconut_w_husk,Coconut (w/ husk),province,CORDILLERA ADMINISTRATIVE REGION (CAR),Kalinga,Kalinga,2012,195.75,official_psa
coconut_w_husk,Coconut (w/ husk),province,CORDILLERA ADMINISTRATIVE REGION (CAR),Kalinga,Kalinga,2013,243.0,official_psa
coconut_w_husk,Coconut (w/ husk),province,CORDILLERA ADMINISTRATIVE REGION (CAR),Kalinga,Kalinga,2014,257.0,official_psa
coconut_w_husk,Coconut (w/ husk),province,CORDILLERA ADMINISTRATIVE REGION (CAR),Kalinga,Kalinga,2015,238.14,official_psa
coconut_w_husk,Coconut (w/ husk),province,CORDILLERA ADMINISTRATIVE REGION (CAR),Kalinga,Kalinga,2016,160.4,official_psa
coconut_w_husk,Coconut (w/ husk),province,CORDILLERA ADMINISTRATIVE REGION (CAR),Kalinga,Kalinga,2017,134.46,official_psa
coconut_w_husk,Coconut (w/ husk),province,CORDILLERA ADMINISTRATIVE REGION (CAR),Kalinga,Kalinga,2018,134.36,official_psa
coconut_w_husk,Coconut (w/ husk),province,CORDILLERA ADMINISTRATIVE REGION (CAR),Kalinga,Kalinga,2019,105.95,official_psa
coconut_w_husk,Coconut (w/ husk),province,CORDILLERA ADMINISTRATIVE REGION (CAR),Kalinga,Kalinga,2020,137.59,official_psa
coconut_w_husk,Coconut (w/ husk),province,CORDILLERA ADMINISTRATIVE REGION (CAR),Kalinga,Kalinga,2021,145.5,official_psa
coconut_w_husk,Coconut (w/ husk),province,CORDILLERA ADMINISTRATIVE REGION (CAR),Kalinga,Kalinga,2022,156.99,official_psa
coconut_w_husk,Coconut (w/ husk),province,CORDILLERA ADMINISTRATIVE REGION (CAR),Kalinga,Kalinga,2023,180.07,official_psa
coconut_w_husk,Coconut (w/ husk),province,CORDILLERA ADMINISTRATIVE REGION (CAR),Kalinga,Kalinga,2024,180.58,official_psa
coconut_w_husk,Coconut (w/ husk),province,CORDILLERA ADMINISTRATIVE REGION (CAR),Kalinga,Kalinga,2025,204.78,official_psa
coconut_w_husk,Coconut (w/ husk),province,CORDILLERA ADMINISTRATIVE REGION (CAR),Kalinga,Kalinga,2026,175.28,estimated_gap
coconut_w_husk,Coconut (w/ husk),province,CORDILLERA ADMINISTRATIVE REGION (CAR),Mountain Province,Mountain Province,2010,173.14,official_psa
coconut_w_husk,Coconut (w/ husk),province,CORDILLERA ADMINISTRATIVE REGION (CAR),Mountain Province,Mountain Province,2011,172.25,official_psa
coconut_w_husk,Coconut (w/ husk),province,CORDILLERA ADMINISTRATIVE REGION (CAR),Mountain Province,Mountain Province,2012,176.2,official_psa
coconut_w_husk,Coconut (w/ husk),province,CORDILLERA ADMINISTRATIVE REGION (CAR),Mountain Province,Mountain Province,2013,179.41,official_psa
coconut_w_husk,Coconut (w/ husk),province,CORDILLERA ADMINISTRATIVE REGION (CAR),Mountain Province,Mountain Province,2014,174.7,official_psa
coconut_w_husk,Coconut (w/ husk),province,CORDILLERA ADMINISTRATIVE REGION (CAR),Mountain Province,Mountain Province,2015,168.61,official_psa
coconut_w_husk,Coconut (w/ husk),province,CORDILLERA ADMINISTRATIVE REGION (CAR),Mountain Province,Mountain Province,2016,164.52,official_psa
coconut_w_husk,Coconut (w/ husk),province,CORDILLERA ADMINISTRATIVE REGION (CAR),Mountain Province,Mountain Province,2017,154.64,official_psa
coconut_w_husk,Coconut (w/ husk),province,CORDILLERA ADMINISTRATIVE REGION (CAR),Mountain Province,Mountain Province,2018,151.19,official_psa
coconut_w_husk,Coconut (w/ husk),province,CORDILLERA ADMINISTRATIVE REGION (CAR),Mountain Province,Mountain Province,2019,141.2,official_psa
coconut_w_husk,Coconut (w/ husk),province,CORDILLERA ADMINISTRATIVE REGION (CAR),Mountain Province,Mountain Province,2020,152.64,official_psa
coconut_w_husk,Coconut (w/ husk),province,CORDILLERA ADMINISTRATIVE REGION (CAR),Mountain Province,Mountain Province,2021,151.0,official_psa
coconut_w_husk,Coconut (w/ husk),province,CORDILLERA ADMINISTRATIVE REGION (CAR),Mountain Province,Mountain Province,2022,143.18,official_psa
coconut_w_husk,Coconut (w/ husk),province,CORDILLERA ADMINISTRATIVE REGION (CAR),Mountain Province,Mountain Province,2023,133.79,official_psa
coconut_w_husk,Coconut (w/ husk),province,CORDILLERA ADMINISTRATIVE REGION (CAR),Mountain Province,Mountain Province,2024,142.88,official_psa
coconut_w_husk,Coconut (w/ husk),province,CORDILLERA ADMINISTRATIVE REGION (CAR),Mountain Province,Mountain Province,2025,132.6,official_psa
coconut_w_husk,Coconut (w/ husk),province,CORDILLERA ADMINISTRATIVE REGION (CAR),Mountain Province,Mountain Province,2026,122.47,estimated_gap
coconut_w_husk,Coconut (w/ husk),region,REGION I (ILOCOS REGION),,REGION I (ILOCOS REGION),2010,37378.91,official_psa
coconut_w_husk,Coconut (w/ husk),region,REGION I (ILOCOS REGION),,REGION I (ILOCOS REGION),2011,38476.03,official_psa
coconut_w_husk,Coconut (w/ husk),region,REGION I (ILOCOS REGION),,REGION I (ILOCOS REGION),2012,39315.99,official_psa
coconut_w_husk,Coconut (w/ husk),region,REGION I (ILOCOS REGION),,REGION I (ILOCOS REGION),2013,40482.32,official_psa
coconut_w_husk,Coconut (w/ husk),region,REGION I (ILOCOS REGION),,REGION I (ILOCOS REGION),2014,40977.71,official_psa
coconut_w_husk,Coconut (w/ husk),region,REGION I (ILOCOS REGION),,REGION I (ILOCOS REGION),2015,39463.9,official_psa
coconut_w_husk,Coconut (w/ husk),region,REGION I (ILOCOS REGION),,REGION I (ILOCOS REGION),2016,40158.12,official_psa
coconut_w_husk,Coconut (w/ husk),region,REGION I (ILOCOS REGION),,REGION I (ILOCOS REGION),2017,43624.8,official_psa
coconut_w_husk,Coconut (w/ husk),region,REGION I (ILOCOS REGION),,REGION I (ILOCOS REGION),2018,42481.87,official_psa
coconut_w_husk,Coconut (w/ husk),region,REGION I (ILOCOS REGION),,REGION I (ILOCOS REGION),2019,42621.35,official_psa
coconut_w_husk,Coconut (w/ husk),region,REGION I (ILOCOS REGION),,REGION I (ILOCOS REGION),2020,44012.42,official_psa
coconut_w_husk,Coconut (w/ husk),region,REGION I (ILOCOS REGION),,REGION I (ILOCOS REGION),2021,44328.92,official_psa
coconut_w_husk,Coconut (w/ husk),region,REGION I (ILOCOS REGION),,REGION I (ILOCOS REGION),2022,47226.9,official_psa
coconut_w_husk,Coconut (w/ husk),region,REGION I (ILOCOS REGION),,REGION I (ILOCOS REGION),2023,48459.85,official_psa
coconut_w_husk,Coconut (w/ husk),region,REGION I (ILOCOS REGION),,REGION I (ILOCOS REGION),2024,49250.54,official_psa
coconut_w_husk,Coconut (w/ husk),region,REGION I (ILOCOS REGION),,REGION I (ILOCOS REGION),2025,51161.84,official_psa
coconut_w_husk,Coconut (w/ husk),region,REGION I (ILOCOS REGION),,REGION I (ILOCOS REGION),2026,50199.85,estimated_gap
coconut_w_husk,Coconut (w/ husk),province,REGION I (ILOCOS REGION),Ilocos Norte,Ilocos Norte,2010,3933.34,official_psa
coconut_w_husk,Coconut (w/ husk),province,REGION I (ILOCOS REGION),Ilocos Norte,Ilocos Norte,2011,4156.18,official_psa
coconut_w_husk,Coconut (w/ husk),province,REGION I (ILOCOS REGION),Ilocos Norte,Ilocos Norte,2012,4438.41,official_psa
coconut_w_husk,Coconut (w/ husk),province,REGION I (ILOCOS REGION),Ilocos Norte,Ilocos Norte,2013,4589.24,official_psa
coconut_w_husk,Coconut (w/ husk),province,REGION I (ILOCOS REGION),Ilocos Norte,Ilocos Norte,2014,4896.08,official_psa
coconut_w_husk,Coconut (w/ husk),province,REGION I (ILOCOS REGION),Ilocos Norte,Ilocos Norte,2015,5088.57,official_psa
coconut_w_husk,Coconut (w/ husk),province,REGION I (ILOCOS REGION),Ilocos Norte,Ilocos Norte,2016,5198.02,official_psa
coconut_w_husk,Coconut (w/ husk),province,REGION I (ILOCOS REGION),Ilocos Norte,Ilocos Norte,2017,5381.77,official_psa
coconut_w_husk,Coconut (w/ husk),province,REGION I (ILOCOS REGION),Ilocos Norte,Ilocos Norte,2018,5608.2,official_psa
coconut_w_husk,Coconut (w/ husk),province,REGION I (ILOCOS REGION),Ilocos Norte,Ilocos Norte,2019,5807.1,official_psa
coconut_w_husk,Coconut (w/ husk),province,REGION I (ILOCOS REGION),Ilocos Norte,Ilocos Norte,2020,5866.11,official_psa
coconut_w_husk,Coconut (w/ husk),province,REGION I (ILOCOS REGION),Ilocos Norte,Ilocos Norte,2021,5947.88,official_psa
coconut_w_husk,Coconut (w/ husk),province,REGION I (ILOCOS REGION),Ilocos Norte,Ilocos Norte,2022,6048.54,official_psa
coconut_w_husk,Coconut (w/ husk),province,REGION I (ILOCOS REGION),Ilocos Norte,Ilocos Norte,2023,6168.36,official_psa
coconut_w_husk,Coconut (w/ husk),province,REGION I (ILOCOS REGION),Ilocos Norte,Ilocos Norte,2024,6218.71,official_psa
coconut_w_husk,Coconut (w/ husk),province,REGION I (ILOCOS REGION),Ilocos Norte,Ilocos Norte,2025,6172.35,official_psa
coconut_w_husk,Coconut (w/ husk),province,REGION I (ILOCOS REGION),Ilocos Norte,Ilocos Norte,2026,6277.81,estimated_gap
coconut_w_husk,Coconut (w/ husk),province,REGION I (ILOCOS REGION),Ilocos Sur,Ilocos Sur,2010,5376.93,official_psa
coconut_w_husk,Coconut (w/ husk),province,REGION I (ILOCOS REGION),Ilocos Sur,Ilocos Sur,2011,5134.81,official_psa
coconut_w_husk,Coconut (w/ husk),province,REGION I (ILOCOS REGION),Ilocos Sur,Ilocos Sur,2012,4956.09,official_psa
coconut_w_husk,Coconut (w/ husk),province,REGION I (ILOCOS REGION),Ilocos Sur,Ilocos Sur,2013,5032.59,official_psa
coconut_w_husk,Coconut (w/ husk),province,REGION I (ILOCOS REGION),Ilocos Sur,Ilocos Sur,2014,4841.04,official_psa
coconut_w_husk,Coconut (w/ husk),province,REGION I (ILOCOS REGION),Ilocos Sur,Ilocos Sur,2015,4610.59,official_psa
coconut_w_husk,Coconut (w/ husk),province,REGION I (ILOCOS REGION),Ilocos Sur,Ilocos Sur,2016,4716.06,official_psa
coconut_w_husk,Coconut (w/ husk),province,REGION I (ILOCOS REGION),Ilocos Sur,Ilocos Sur,2017,4861.91,official_psa
coconut_w_husk,Coconut (w/ husk),province,REGION I (ILOCOS REGION),Ilocos Sur,Ilocos Sur,2018,4871.66,official_psa
coconut_w_husk,Coconut (w/ husk),province,REGION I (ILOCOS REGION),Ilocos Sur,Ilocos Sur,2019,4792.96,official_psa
coconut_w_husk,Coconut (w/ husk),province,REGION I (ILOCOS REGION),Ilocos Sur,Ilocos Sur,2020,5023.53,official_psa
coconut_w_husk,Coconut (w/ husk),province,REGION I (ILOCOS REGION),Ilocos Sur,Ilocos Sur,2021,5354.11,official_psa
coconut_w_husk,Coconut (w/ husk),province,REGION I (ILOCOS REGION),Ilocos Sur,Ilocos Sur,2022,6258.99,official_psa
coconut_w_husk,Coconut (w/ husk),province,REGION I (ILOCOS REGION),Ilocos Sur,Ilocos Sur,2023,6207.17,official_psa
coconut_w_husk,Coconut (w/ husk),province,REGION I (ILOCOS REGION),Ilocos Sur,Ilocos Sur,2024,6242.82,official_psa
coconut_w_husk,Coconut (w/ husk),province,REGION I (ILOCOS REGION),Ilocos Sur,Ilocos Sur,2025,6215.11,official_psa
coconut_w_husk,Coconut (w/ husk),province,REGION I (ILOCOS REGION),Ilocos Sur,Ilocos Sur,2026,5873.06,estimated_gap
coconut_w_husk,Coconut (w/ husk),province,REGION I (ILOCOS REGION),La Union,La Union,2010,2173.01,official_psa
coconut_w_husk,Coconut (w/ husk),province,REGION I (ILOCOS REGION),La Union,La Union,2011,2248.08,official_psa
coconut_w_husk,Coconut (w/ husk),province,REGION I (ILOCOS REGION),La Union,La Union,2012,2328.92,official_psa
coconut_w_husk,Coconut (w/ husk),province,REGION I (ILOCOS REGION),La Union,La Union,2013,2379.19,official_psa
coconut_w_husk,Coconut (w/ husk),province,REGION I (ILOCOS REGION),La Union,La Union,2014,2488.02,official_psa
coconut_w_husk,Coconut (w/ husk),province,REGION I (ILOCOS REGION),La Union,La Union,2015,2525.32,official_psa
coconut_w_husk,Coconut (w/ husk),province,REGION I (ILOCOS REGION),La Union,La Union,2016,2466.27,official_psa
coconut_w_husk,Coconut (w/ husk),province,REGION I (ILOCOS REGION),La Union,La Union,2017,2553.74,official_psa
coconut_w_husk,Coconut (w/ husk),province,REGION I (ILOCOS REGION),La Union,La Union,2018,2575.56,official_psa
coconut_w_husk,Coconut (w/ husk),province,REGION I (ILOCOS REGION),La Union,La Union,2019,2619.79,official_psa
coconut_w_husk,Coconut (w/ husk),province,REGION I (ILOCOS REGION),La Union,La Union,2020,2630.41,official_psa
coconut_w_husk,Coconut (w/ husk),province,REGION I (ILOCOS REGION),La Union,La Union,2021,2587.12,official_psa
coconut_w_husk,Coconut (w/ husk),province,REGION I (ILOCOS REGION),La Union,La Union,2022,2708.0,official_psa
coconut_w_husk,Coconut (w/ husk),province,REGION I (ILOCOS REGION),La Union,La Union,2023,2738.72,official_psa
coconut_w_husk,Coconut (w/ husk),province,REGION I (ILOCOS REGION),La Union,La Union,2024,2764.19,official_psa
coconut_w_husk,Coconut (w/ husk),province,REGION I (ILOCOS REGION),La Union,La Union,2025,2731.33,official_psa
coconut_w_husk,Coconut (w/ husk),province,REGION I (ILOCOS REGION),La Union,La Union,2026,3071.04,estimated_gap
coconut_w_husk,Coconut (w/ husk),province,REGION I (ILOCOS REGION),Pangasinan,Pangasinan,2010,25895.64,official_psa
coconut_w_husk,Coconut (w/ husk),province,REGION I (ILOCOS REGION),Pangasinan,Pangasinan,2011,26936.95,official_psa
coconut_w_husk,Coconut (w/ husk),province,REGION I (ILOCOS REGION),Pangasinan,Pangasinan,2012,27592.57,official_psa
coconut_w_husk,Coconut (w/ husk),province,REGION I (ILOCOS REGION),Pangasinan,Pangasinan,2013,28481.3,official_psa
coconut_w_husk,Coconut (w/ husk),province,REGION I (ILOCOS REGION),Pangasinan,Pangasinan,2014,28752.57,official_psa
coconut_w_husk,Coconut (w/ husk),province,REGION I (ILOCOS REGION),Pangasinan,Pangasinan,2015,27239.41,official_psa
coconut_w_husk,Coconut (w/ husk),province,REGION I (ILOCOS REGION),Pangasinan,Pangasinan,2016,27777.78,official_psa
coconut_w_husk,Coconut (w/ husk),province,REGION I (ILOCOS REGION),Pangasinan,Pangasinan,2017,30827.38,official_psa
coconut_w_husk,Coconut (w/ husk),province,REGION I (ILOCOS REGION),Pangasinan,Pangasinan,2018,29426.46,official_psa
coconut_w_husk,Coconut (w/ husk),province,REGION I (ILOCOS REGION),Pangasinan,Pangasinan,2019,29401.51,official_psa
coconut_w_husk,Coconut (w/ husk),province,REGION I (ILOCOS REGION),Pangasinan,Pangasinan,2020,30492.38,official_psa
coconut_w_husk,Coconut (w/ husk),province,REGION I (ILOCOS REGION),Pangasinan,Pangasinan,2021,30439.82,official_psa
coconut_w_husk,Coconut (w/ husk),province,REGION I (ILOCOS REGION),Pangasinan,Pangasinan,2022,32211.38,official_psa
coconut_w_husk,Coconut (w/ husk),province,REGION I (ILOCOS REGION),Pangasinan,Pangasinan,2023,33345.6,official_psa
coconut_w_husk,Coconut (w/ husk),province,REGION I (ILOCOS REGION),Pangasinan,Pangasinan,2024,34024.82,official_psa
coconut_w_husk,Coconut (w/ husk),province,REGION I (ILOCOS REGION),Pangasinan,Pangasinan,2025,36043.06,official_psa
coconut_w_husk,Coconut (w/ husk),province,REGION I (ILOCOS REGION),Pangasinan,Pangasinan,2026,34967.32,estimated_gap
coconut_w_husk,Coconut (w/ husk),region,REGION II (CAGAYAN VALLEY),,REGION II (CAGAYAN VALLEY),2010,67320.27,official_psa
coconut_w_husk,Coconut (w/ husk),region,REGION II (CAGAYAN VALLEY),,REGION II (CAGAYAN VALLEY),2011,59761.1,official_psa
coconut_w_husk,Coconut (w/ husk),region,REGION II (CAGAYAN VALLEY),,REGION II (CAGAYAN VALLEY),2012,66232.77,official_psa
coconut_w_husk,Coconut (w/ husk),region,REGION II (CAGAYAN VALLEY),,REGION II (CAGAYAN VALLEY),2013,71560.7,official_psa
coconut_w_husk,Coconut (w/ husk),region,REGION II (CAGAYAN VALLEY),,REGION II (CAGAYAN VALLEY),2014,74372.18,official_psa
coconut_w_husk,Coconut (w/ husk),region,REGION II (CAGAYAN VALLEY),,REGION II (CAGAYAN VALLEY),2015,77118.14,official_psa
coconut_w_husk,Coconut (w/ husk),region,REGION II (CAGAYAN VALLEY),,REGION II (CAGAYAN VALLEY),2016,77177.33,official_psa
coconut_w_husk,Coconut (w/ husk),region,REGION II (CAGAYAN VALLEY),,REGION II (CAGAYAN VALLEY),2017,73794.57,official_psa
coconut_w_husk,Coconut (w/ husk),region,REGION II (CAGAYAN VALLEY),,REGION II (CAGAYAN VALLEY),2018,73855.22,official_psa
coconut_w_husk,Coconut (w/ husk),region,REGION II (CAGAYAN VALLEY),,REGION II (CAGAYAN VALLEY),2019,72633.98,official_psa
coconut_w_husk,Coconut (w/ husk),region,REGION II (CAGAYAN VALLEY),,REGION II (CAGAYAN VALLEY),2020,78716.52,official_psa
coconut_w_husk,Coconut (w/ husk),region,REGION II (CAGAYAN VALLEY),,REGION II (CAGAYAN VALLEY),2021,82663.58,official_psa
coconut_w_husk,Coconut (w/ husk),region,REGION II (CAGAYAN VALLEY),,REGION II (CAGAYAN VALLEY),2022,84115.23,official_psa
coconut_w_husk,Coconut (w/ husk),region,REGION II (CAGAYAN VALLEY),,REGION II (CAGAYAN VALLEY),2023,87374.67,official_psa
coconut_w_husk,Coconut (w/ husk),region,REGION II (CAGAYAN VALLEY),,REGION II (CAGAYAN VALLEY),2024,83513.11,official_psa
coconut_w_husk,Coconut (w/ husk),region,REGION II (CAGAYAN VALLEY),,REGION II (CAGAYAN VALLEY),2025,80423.67,official_psa
coconut_w_husk,Coconut (w/ husk),region,REGION II (CAGAYAN VALLEY),,REGION II (CAGAYAN VALLEY),2026,80369.32,estimated_gap
coconut_w_husk,Coconut (w/ husk),province,REGION II (CAGAYAN VALLEY),Batanes,Batanes,2010,1415.09,estimated_gap
coconut_w_husk,Coconut (w/ husk),province,REGION II (CAGAYAN VALLEY),Batanes,Batanes,2011,1415.09,estimated_gap
coconut_w_husk,Coconut (w/ husk),province,REGION II (CAGAYAN VALLEY),Batanes,Batanes,2012,1415.09,official_psa
coconut_w_husk,Coconut (w/ husk),province,REGION II (CAGAYAN VALLEY),Batanes,Batanes,2013,1134.25,official_psa
coconut_w_husk,Coconut (w/ husk),province,REGION II (CAGAYAN VALLEY),Batanes,Batanes,2014,895.7,official_psa
coconut_w_husk,Coconut (w/ husk),province,REGION II (CAGAYAN VALLEY),Batanes,Batanes,2015,816.69,official_psa
coconut_w_husk,Coconut (w/ husk),province,REGION II (CAGAYAN VALLEY),Batanes,Batanes,2016,664.29,official_psa
coconut_w_husk,Coconut (w/ husk),province,REGION II (CAGAYAN VALLEY),Batanes,Batanes,2017,523.17,official_psa
coconut_w_husk,Coconut (w/ husk),province,REGION II (CAGAYAN VALLEY),Batanes,Batanes,2018,545.55,official_psa
coconut_w_husk,Coconut (w/ husk),province,REGION II (CAGAYAN VALLEY),Batanes,Batanes,2019,558.01,official_psa
coconut_w_husk,Coconut (w/ husk),province,REGION II (CAGAYAN VALLEY),Batanes,Batanes,2020,692.83,official_psa
coconut_w_husk,Coconut (w/ husk),province,REGION II (CAGAYAN VALLEY),Batanes,Batanes,2021,695.37,official_psa
coconut_w_husk,Coconut (w/ husk),province,REGION II (CAGAYAN VALLEY),Batanes,Batanes,2022,306.88,official_psa
coconut_w_husk,Coconut (w/ husk),province,REGION II (CAGAYAN VALLEY),Batanes,Batanes,2023,458.27,official_psa
coconut_w_husk,Coconut (w/ husk),province,REGION II (CAGAYAN VALLEY),Batanes,Batanes,2024,475.54,official_psa
coconut_w_husk,Coconut (w/ husk),province,REGION II (CAGAYAN VALLEY),Batanes,Batanes,2025,297.71,official_psa
coconut_w_husk,Coconut (w/ husk),province,REGION II (CAGAYAN VALLEY),Batanes,Batanes,2026,312.23,estimated_gap
coconut_w_husk,Coconut (w/ husk),province,REGION II (CAGAYAN VALLEY),Cagayan,Cagayan,2010,30641.72,official_psa
coconut_w_husk,Coconut (w/ husk),province,REGION II (CAGAYAN VALLEY),Cagayan,Cagayan,2011,32831.58,official_psa
coconut_w_husk,Coconut (w/ husk),province,REGION II (CAGAYAN VALLEY),Cagayan,Cagayan,2012,32602.38,official_psa
coconut_w_husk,Coconut (w/ husk),province,REGION II (CAGAYAN VALLEY),Cagayan,Cagayan,2013,32770.58,official_psa
coconut_w_husk,Coconut (w/ husk),province,REGION II (CAGAYAN VALLEY),Cagayan,Cagayan,2014,33007.16,official_psa
coconut_w_husk,Coconut (w/ husk),province,REGION II (CAGAYAN VALLEY),Cagayan,Cagayan,2015,35785.35,official_psa
coconut_w_husk,Coconut (w/ husk),province,REGION II (CAGAYAN VALLEY),Cagayan,Cagayan,2016,37802.92,official_psa
coconut_w_husk,Coconut (w/ husk),province,REGION II (CAGAYAN VALLEY),Cagayan,Cagayan,2017,34917.58,official_psa
coconut_w_husk,Coconut (w/ husk),province,REGION II (CAGAYAN VALLEY),Cagayan,Cagayan,2018,34210.95,official_psa
coconut_w_husk,Coconut (w/ husk),province,REGION II (CAGAYAN VALLEY),Cagayan,Cagayan,2019,32842.82,official_psa
coconut_w_husk,Coconut (w/ husk),province,REGION II (CAGAYAN VALLEY),Cagayan,Cagayan,2020,38293.95,official_psa
coconut_w_husk,Coconut (w/ husk),province,REGION II (CAGAYAN VALLEY),Cagayan,Cagayan,2021,42383.36,official_psa
coconut_w_husk,Coconut (w/ husk),province,REGION II (CAGAYAN VALLEY),Cagayan,Cagayan,2022,43939.29,official_psa
coconut_w_husk,Coconut (w/ husk),province,REGION II (CAGAYAN VALLEY),Cagayan,Cagayan,2023,46395.99,official_psa
coconut_w_husk,Coconut (w/ husk),province,REGION II (CAGAYAN VALLEY),Cagayan,Cagayan,2024,43400.92,official_psa
coconut_w_husk,Coconut (w/ husk),province,REGION II (CAGAYAN VALLEY),Cagayan,Cagayan,2025,41349.95,official_psa
coconut_w_husk,Coconut (w/ husk),province,REGION II (CAGAYAN VALLEY),Cagayan,Cagayan,2026,40382.67,estimated_gap
coconut_w_husk,Coconut (w/ husk),province,REGION II (CAGAYAN VALLEY),Isabela,Isabela,2010,25582.87,official_psa
coconut_w_husk,Coconut (w/ husk),province,REGION II (CAGAYAN VALLEY),Isabela,Isabela,2011,15678.79,official_psa
coconut_w_husk,Coconut (w/ husk),province,REGION II (CAGAYAN VALLEY),Isabela,Isabela,2012,21168.69,official_psa
coconut_w_husk,Coconut (w/ husk),province,REGION II (CAGAYAN VALLEY),Isabela,Isabela,2013,26679.57,official_psa
coconut_w_husk,Coconut (w/ husk),province,REGION II (CAGAYAN VALLEY),Isabela,Isabela,2014,29424.22,official_psa
coconut_w_husk,Coconut (w/ husk),province,REGION II (CAGAYAN VALLEY),Isabela,Isabela,2015,30235.81,official_psa
coconut_w_husk,Coconut (w/ husk),province,REGION II (CAGAYAN VALLEY),Isabela,Isabela,2016,29050.87,official_psa
coconut_w_husk,Coconut (w/ husk),province,REGION II (CAGAYAN VALLEY),Isabela,Isabela,2017,28313.24,official_psa
coconut_w_husk,Coconut (w/ husk),province,REGION II (CAGAYAN VALLEY),Isabela,Isabela,2018,29029.43,official_psa
coconut_w_husk,Coconut (w/ husk),province,REGION II (CAGAYAN VALLEY),Isabela,Isabela,2019,28839.12,official_psa
coconut_w_husk,Coconut (w/ husk),province,REGION II (CAGAYAN VALLEY),Isabela,Isabela,2020,29240.31,official_psa
coconut_w_husk,Coconut (w/ husk),province,REGION II (CAGAYAN VALLEY),Isabela,Isabela,2021,29364.49,official_psa
coconut_w_husk,Coconut (w/ husk),province,REGION II (CAGAYAN VALLEY),Isabela,Isabela,2022,29472.95,official_psa
coconut_w_husk,Coconut (w/ husk),province,REGION II (CAGAYAN VALLEY),Isabela,Isabela,2023,29542.44,official_psa
coconut_w_husk,Coconut (w/ husk),province,REGION II (CAGAYAN VALLEY),Isabela,Isabela,2024,29196.55,official_psa
coconut_w_husk,Coconut (w/ husk),province,REGION II (CAGAYAN VALLEY),Isabela,Isabela,2025,28424.9,official_psa
coconut_w_husk,Coconut (w/ husk),province,REGION II (CAGAYAN VALLEY),Isabela,Isabela,2026,29431.16,estimated_gap
coconut_w_husk,Coconut (w/ husk),province,REGION II (CAGAYAN VALLEY),Nueva Vizcaya,Nueva Vizcaya,2010,8796.39,official_psa
coconut_w_husk,Coconut (w/ husk),province,REGION II (CAGAYAN VALLEY),Nueva Vizcaya,Nueva Vizcaya,2011,9005.0,official_psa
coconut_w_husk,Coconut (w/ husk),province,REGION II (CAGAYAN VALLEY),Nueva Vizcaya,Nueva Vizcaya,2012,8829.04,official_psa
coconut_w_husk,Coconut (w/ husk),province,REGION II (CAGAYAN VALLEY),Nueva Vizcaya,Nueva Vizcaya,2013,8692.97,official_psa
coconut_w_husk,Coconut (w/ husk),province,REGION II (CAGAYAN VALLEY),Nueva Vizcaya,Nueva Vizcaya,2014,8721.91,official_psa
coconut_w_husk,Coconut (w/ husk),province,REGION II (CAGAYAN VALLEY),Nueva Vizcaya,Nueva Vizcaya,2015,7930.52,official_psa
coconut_w_husk,Coconut (w/ husk),province,REGION II (CAGAYAN VALLEY),Nueva Vizcaya,Nueva Vizcaya,2016,7333.94,official_psa
coconut_w_husk,Coconut (w/ husk),province,REGION II (CAGAYAN VALLEY),Nueva Vizcaya,Nueva Vizcaya,2017,7685.83,official_psa
coconut_w_husk,Coconut (w/ husk),province,REGION II (CAGAYAN VALLEY),Nueva Vizcaya,Nueva Vizcaya,2018,7754.15,official_psa
coconut_w_husk,Coconut (w/ husk),province,REGION II (CAGAYAN VALLEY),Nueva Vizcaya,Nueva Vizcaya,2019,7843.68,official_psa
coconut_w_husk,Coconut (w/ husk),province,REGION II (CAGAYAN VALLEY),Nueva Vizcaya,Nueva Vizcaya,2020,7829.32,official_psa
coconut_w_husk,Coconut (w/ husk),province,REGION II (CAGAYAN VALLEY),Nueva Vizcaya,Nueva Vizcaya,2021,7662.66,official_psa
coconut_w_husk,Coconut (w/ husk),province,REGION II (CAGAYAN VALLEY),Nueva Vizcaya,Nueva Vizcaya,2022,7658.86,official_psa
coconut_w_husk,Coconut (w/ husk),province,REGION II (CAGAYAN VALLEY),Nueva Vizcaya,Nueva Vizcaya,2023,8055.42,official_psa
coconut_w_husk,Coconut (w/ husk),province,REGION II (CAGAYAN VALLEY),Nueva Vizcaya,Nueva Vizcaya,2024,7692.54,official_psa
coconut_w_husk,Coconut (w/ husk),province,REGION II (CAGAYAN VALLEY),Nueva Vizcaya,Nueva Vizcaya,2025,7787.42,official_psa
coconut_w_husk,Coconut (w/ husk),province,REGION II (CAGAYAN VALLEY),Nueva Vizcaya,Nueva Vizcaya,2026,7914.25,estimated_gap
coconut_w_husk,Coconut (w/ husk),province,REGION II (CAGAYAN VALLEY),Quirino,Quirino,2010,2299.29,official_psa
coconut_w_husk,Coconut (w/ husk),province,REGION II (CAGAYAN VALLEY),Quirino,Quirino,2011,2245.73,official_psa
coconut_w_husk,Coconut (w/ husk),province,REGION II (CAGAYAN VALLEY),Quirino,Quirino,2012,2217.57,official_psa
coconut_w_husk,Coconut (w/ husk),province,REGION II (CAGAYAN VALLEY),Quirino,Quirino,2013,2283.33,official_psa
coconut_w_husk,Coconut (w/ husk),province,REGION II (CAGAYAN VALLEY),Quirino,Quirino,2014,2323.19,official_psa
coconut_w_husk,Coconut (w/ husk),province,REGION II (CAGAYAN VALLEY),Quirino,Quirino,2015,2349.77,official_psa
coconut_w_husk,Coconut (w/ husk),province,REGION II (CAGAYAN VALLEY),Quirino,Quirino,2016,2325.31,official_psa
coconut_w_husk,Coconut (w/ husk),province,REGION II (CAGAYAN VALLEY),Quirino,Quirino,2017,2354.74,official_psa
coconut_w_husk,Coconut (w/ husk),province,REGION II (CAGAYAN VALLEY),Quirino,Quirino,2018,2315.14,official_psa
coconut_w_husk,Coconut (w/ husk),province,REGION II (CAGAYAN VALLEY),Quirino,Quirino,2019,2550.34,official_psa
coconut_w_husk,Coconut (w/ husk),province,REGION II (CAGAYAN VALLEY),Quirino,Quirino,2020,2660.12,official_psa
coconut_w_husk,Coconut (w/ husk),province,REGION II (CAGAYAN VALLEY),Quirino,Quirino,2021,2557.7,official_psa
coconut_w_husk,Coconut (w/ husk),province,REGION II (CAGAYAN VALLEY),Quirino,Quirino,2022,2737.25,official_psa
coconut_w_husk,Coconut (w/ husk),province,REGION II (CAGAYAN VALLEY),Quirino,Quirino,2023,2922.55,official_psa
coconut_w_husk,Coconut (w/ husk),province,REGION II (CAGAYAN VALLEY),Quirino,Quirino,2024,2747.56,official_psa
coconut_w_husk,Coconut (w/ husk),province,REGION II (CAGAYAN VALLEY),Quirino,Quirino,2025,2563.7,official_psa
coconut_w_husk,Coconut (w/ husk),province,REGION II (CAGAYAN VALLEY),Quirino,Quirino,2026,2450.68,estimated_gap
coconut_w_husk,Coconut (w/ husk),region,REGION III (CENTRAL LUZON),,REGION III (CENTRAL LUZON),2010,210442.31,official_psa
coconut_w_husk,Coconut (w/ husk),region,REGION III (CENTRAL LUZON),,REGION III (CENTRAL LUZON),2011,212648.27,official_psa
coconut_w_husk,Coconut (w/ husk),region,REGION III (CENTRAL LUZON),,REGION III (CENTRAL LUZON),2012,209025.05,official_psa
coconut_w_husk,Coconut (w/ husk),region,REGION III (CENTRAL LUZON),,REGION III (CENTRAL LUZON),2013,179360.22,official_psa
coconut_w_husk,Coconut (w/ husk),region,REGION III (CENTRAL LUZON),,REGION III (CENTRAL LUZON),2014,189174.44,official_psa
coconut_w_husk,Coconut (w/ husk),region,REGION III (CENTRAL LUZON),,REGION III (CENTRAL LUZON),2015,167737.81,official_psa
coconut_w_husk,Coconut (w/ husk),region,REGION III (CENTRAL LUZON),,REGION III (CENTRAL LUZON),2016,100754.65,official_psa
coconut_w_husk,Coconut (w/ husk),region,REGION III (CENTRAL LUZON),,REGION III (CENTRAL LUZON),2017,106523.6,official_psa
coconut_w_husk,Coconut (w/ husk),region,REGION III (CENTRAL LUZON),,REGION III (CENTRAL LUZON),2018,108071.61,official_psa
coconut_w_husk,Coconut (w/ husk),region,REGION III (CENTRAL LUZON),,REGION III (CENTRAL LUZON),2019,118401.14,official_psa
coconut_w_husk,Coconut (w/ husk),region,REGION III (CENTRAL LUZON),,REGION III (CENTRAL LUZON),2020,111839.55,official_psa
coconut_w_husk,Coconut (w/ husk),region,REGION III (CENTRAL LUZON),,REGION III (CENTRAL LUZON),2021,100856.26,official_psa
coconut_w_husk,Coconut (w/ husk),region,REGION III (CENTRAL LUZON),,REGION III (CENTRAL LUZON),2022,101477.93,official_psa
coconut_w_husk,Coconut (w/ husk),region,REGION III (CENTRAL LUZON),,REGION III (CENTRAL LUZON),2023,92803.86,official_psa
coconut_w_husk,Coconut (w/ husk),region,REGION III (CENTRAL LUZON),,REGION III (CENTRAL LUZON),2024,87338.76,official_psa
coconut_w_husk,Coconut (w/ husk),region,REGION III (CENTRAL LUZON),,REGION III (CENTRAL LUZON),2025,52281.07,official_psa
coconut_w_husk,Coconut (w/ husk),region,REGION III (CENTRAL LUZON),,REGION III (CENTRAL LUZON),2026,51347.63,estimated_gap
coconut_w_husk,Coconut (w/ husk),province,REGION III (CENTRAL LUZON),Aurora,Aurora,2010,203800.0,official_psa
coconut_w_husk,Coconut (w/ husk),province,REGION III (CENTRAL LUZON),Aurora,Aurora,2011,206090.0,official_psa
coconut_w_husk,Coconut (w/ husk),province,REGION III (CENTRAL LUZON),Aurora,Aurora,2012,202565.0,official_psa
coconut_w_husk,Coconut (w/ husk),province,REGION III (CENTRAL LUZON),Aurora,Aurora,2013,173017.0,official_psa
coconut_w_husk,Coconut (w/ husk),province,REGION III (CENTRAL LUZON),Aurora,Aurora,2014,182950.0,official_psa
coconut_w_husk,Coconut (w/ husk),province,REGION III (CENTRAL LUZON),Aurora,Aurora,2015,161325.0,official_psa
coconut_w_husk,Coconut (w/ husk),province,REGION III (CENTRAL LUZON),Aurora,Aurora,2016,94377.0,official_psa
coconut_w_husk,Coconut (w/ husk),province,REGION III (CENTRAL LUZON),Aurora,Aurora,2017,100214.1,official_psa
coconut_w_husk,Coconut (w/ husk),province,REGION III (CENTRAL LUZON),Aurora,Aurora,2018,101621.3,official_psa
coconut_w_husk,Coconut (w/ husk),province,REGION III (CENTRAL LUZON),Aurora,Aurora,2019,111676.13,official_psa
coconut_w_husk,Coconut (w/ husk),province,REGION III (CENTRAL LUZON),Aurora,Aurora,2020,105350.65,official_psa
coconut_w_husk,Coconut (w/ husk),province,REGION III (CENTRAL LUZON),Aurora,Aurora,2021,94212.57,official_psa
coconut_w_husk,Coconut (w/ husk),province,REGION III (CENTRAL LUZON),Aurora,Aurora,2022,94493.5,official_psa
coconut_w_husk,Coconut (w/ husk),province,REGION III (CENTRAL LUZON),Aurora,Aurora,2023,86634.53,official_psa
coconut_w_husk,Coconut (w/ husk),province,REGION III (CENTRAL LUZON),Aurora,Aurora,2024,81250.01,official_psa
coconut_w_husk,Coconut (w/ husk),province,REGION III (CENTRAL LUZON),Aurora,Aurora,2025,46288.8,official_psa
coconut_w_husk,Coconut (w/ husk),province,REGION III (CENTRAL LUZON),Aurora,Aurora,2026,42229.78,estimated_gap
coconut_w_husk,Coconut (w/ husk),province,REGION III (CENTRAL LUZON),Bataan,Bataan,2010,3910.9,official_psa
coconut_w_husk,Coconut (w/ husk),province,REGION III (CENTRAL LUZON),Bataan,Bataan,2011,3782.9,official_psa
coconut_w_husk,Coconut (w/ husk),province,REGION III (CENTRAL LUZON),Bataan,Bataan,2012,3691.0,official_psa
coconut_w_husk,Coconut (w/ husk),province,REGION III (CENTRAL LUZON),Bataan,Bataan,2013,3563.9,official_psa
coconut_w_husk,Coconut (w/ husk),province,REGION III (CENTRAL LUZON),Bataan,Bataan,2014,3391.8,official_psa
coconut_w_husk,Coconut (w/ husk),province,REGION III (CENTRAL LUZON),Bataan,Bataan,2015,3622.0,official_psa
coconut_w_husk,Coconut (w/ husk),province,REGION III (CENTRAL LUZON),Bataan,Bataan,2016,3665.2,official_psa
coconut_w_husk,Coconut (w/ husk),province,REGION III (CENTRAL LUZON),Bataan,Bataan,2017,3610.55,official_psa
coconut_w_husk,Coconut (w/ husk),province,REGION III (CENTRAL LUZON),Bataan,Bataan,2018,3691.0,official_psa
coconut_w_husk,Coconut (w/ husk),province,REGION III (CENTRAL LUZON),Bataan,Bataan,2019,3880.43,official_psa
coconut_w_husk,Coconut (w/ husk),province,REGION III (CENTRAL LUZON),Bataan,Bataan,2020,3652.58,official_psa
coconut_w_husk,Coconut (w/ husk),province,REGION III (CENTRAL LUZON),Bataan,Bataan,2021,3828.44,official_psa
coconut_w_husk,Coconut (w/ husk),province,REGION III (CENTRAL LUZON),Bataan,Bataan,2022,4269.47,official_psa
coconut_w_husk,Coconut (w/ husk),province,REGION III (CENTRAL LUZON),Bataan,Bataan,2023,3366.59,official_psa
coconut_w_husk,Coconut (w/ husk),province,REGION III (CENTRAL LUZON),Bataan,Bataan,2024,3426.14,official_psa
coconut_w_husk,Coconut (w/ husk),province,REGION III (CENTRAL LUZON),Bataan,Bataan,2025,3521.93,official_psa
coconut_w_husk,Coconut (w/ husk),province,REGION III (CENTRAL LUZON),Bataan,Bataan,2026,4016.92,estimated_gap
coconut_w_husk,Coconut (w/ husk),province,REGION III (CENTRAL LUZON),Bulacan,Bulacan,2010,563.16,official_psa
coconut_w_husk,Coconut (w/ husk),province,REGION III (CENTRAL LUZON),Bulacan,Bulacan,2011,568.5,official_psa
coconut_w_husk,Coconut (w/ husk),province,REGION III (CENTRAL LUZON),Bulacan,Bulacan,2012,570.0,official_psa
coconut_w_husk,Coconut (w/ husk),province,REGION III (CENTRAL LUZON),Bulacan,Bulacan,2013,581.0,official_psa
coconut_w_husk,Coconut (w/ husk),province,REGION III (CENTRAL LUZON),Bulacan,Bulacan,2014,609.5,official_psa
coconut_w_husk,Coconut (w/ husk),province,REGION III (CENTRAL LUZON),Bulacan,Bulacan,2015,608.0,official_psa
coconut_w_husk,Coconut (w/ husk),province,REGION III (CENTRAL LUZON),Bulacan,Bulacan,2016,629.0,official_psa
coconut_w_husk,Coconut (w/ husk),province,REGION III (CENTRAL LUZON),Bulacan,Bulacan,2017,622.5,official_psa
coconut_w_husk,Coconut (w/ husk),province,REGION III (CENTRAL LUZON),Bulacan,Bulacan,2018,627.0,official_psa
coconut_w_husk,Coconut (w/ husk),province,REGION III (CENTRAL LUZON),Bulacan,Bulacan,2019,582.78,official_psa
coconut_w_husk,Coconut (w/ husk),province,REGION III (CENTRAL LUZON),Bulacan,Bulacan,2020,548.62,official_psa
coconut_w_husk,Coconut (w/ husk),province,REGION III (CENTRAL LUZON),Bulacan,Bulacan,2021,510.54,official_psa
coconut_w_husk,Coconut (w/ husk),province,REGION III (CENTRAL LUZON),Bulacan,Bulacan,2022,496.08,official_psa
coconut_w_husk,Coconut (w/ husk),province,REGION III (CENTRAL LUZON),Bulacan,Bulacan,2023,502.6,official_psa
coconut_w_husk,Coconut (w/ husk),province,REGION III (CENTRAL LUZON),Bulacan,Bulacan,2024,487.55,official_psa
coconut_w_husk,Coconut (w/ husk),province,REGION III (CENTRAL LUZON),Bulacan,Bulacan,2025,506.44,official_psa
coconut_w_husk,Coconut (w/ husk),province,REGION III (CENTRAL LUZON),Bulacan,Bulacan,2026,509.56,estimated_gap
coconut_w_husk,Coconut (w/ husk),province,REGION III (CENTRAL LUZON),Nueva Ecija,Nueva Ecija,2010,765.91,official_psa
coconut_w_husk,Coconut (w/ husk),province,REGION III (CENTRAL LUZON),Nueva Ecija,Nueva Ecija,2011,767.11,official_psa
coconut_w_husk,Coconut (w/ husk),province,REGION III (CENTRAL LUZON),Nueva Ecija,Nueva Ecija,2012,772.28,official_psa
coconut_w_husk,Coconut (w/ husk),province,REGION III (CENTRAL LUZON),Nueva Ecija,Nueva Ecija,2013,757.82,official_psa
coconut_w_husk,Coconut (w/ husk),province,REGION III (CENTRAL LUZON),Nueva Ecija,Nueva Ecija,2014,765.25,official_psa
coconut_w_husk,Coconut (w/ husk),province,REGION III (CENTRAL LUZON),Nueva Ecija,Nueva Ecija,2015,747.03,official_psa
coconut_w_husk,Coconut (w/ husk),province,REGION III (CENTRAL LUZON),Nueva Ecija,Nueva Ecija,2016,741.66,official_psa
coconut_w_husk,Coconut (w/ husk),province,REGION III (CENTRAL LUZON),Nueva Ecija,Nueva Ecija,2017,755.16,official_psa
coconut_w_husk,Coconut (w/ husk),province,REGION III (CENTRAL LUZON),Nueva Ecija,Nueva Ecija,2018,785.28,official_psa
coconut_w_husk,Coconut (w/ husk),province,REGION III (CENTRAL LUZON),Nueva Ecija,Nueva Ecija,2019,839.38,official_psa
coconut_w_husk,Coconut (w/ husk),province,REGION III (CENTRAL LUZON),Nueva Ecija,Nueva Ecija,2020,865.0,official_psa
coconut_w_husk,Coconut (w/ husk),province,REGION III (CENTRAL LUZON),Nueva Ecija,Nueva Ecija,2021,900.94,official_psa
coconut_w_husk,Coconut (w/ husk),province,REGION III (CENTRAL LUZON),Nueva Ecija,Nueva Ecija,2022,914.95,official_psa
coconut_w_husk,Coconut (w/ husk),province,REGION III (CENTRAL LUZON),Nueva Ecija,Nueva Ecija,2023,965.32,official_psa
coconut_w_husk,Coconut (w/ husk),province,REGION III (CENTRAL LUZON),Nueva Ecija,Nueva Ecija,2024,890.1,official_psa
coconut_w_husk,Coconut (w/ husk),province,REGION III (CENTRAL LUZON),Nueva Ecija,Nueva Ecija,2025,764.72,official_psa
coconut_w_husk,Coconut (w/ husk),province,REGION III (CENTRAL LUZON),Nueva Ecija,Nueva Ecija,2026,974.33,estimated_gap
coconut_w_husk,Coconut (w/ husk),province,REGION III (CENTRAL LUZON),Pampanga,Pampanga,2010,194.5,official_psa
coconut_w_husk,Coconut (w/ husk),province,REGION III (CENTRAL LUZON),Pampanga,Pampanga,2011,198.0,official_psa
coconut_w_husk,Coconut (w/ husk),province,REGION III (CENTRAL LUZON),Pampanga,Pampanga,2012,206.0,official_psa
coconut_w_husk,Coconut (w/ husk),province,REGION III (CENTRAL LUZON),Pampanga,Pampanga,2013,211.0,official_psa
coconut_w_husk,Coconut (w/ husk),province,REGION III (CENTRAL LUZON),Pampanga,Pampanga,2014,216.0,official_psa
coconut_w_husk,Coconut (w/ husk),province,REGION III (CENTRAL LUZON),Pampanga,Pampanga,2015,221.1,official_psa
coconut_w_husk,Coconut (w/ husk),province,REGION III (CENTRAL LUZON),Pampanga,Pampanga,2016,224.1,official_psa
coconut_w_husk,Coconut (w/ husk),province,REGION III (CENTRAL LUZON),Pampanga,Pampanga,2017,219.95,official_psa
coconut_w_husk,Coconut (w/ husk),province,REGION III (CENTRAL LUZON),Pampanga,Pampanga,2018,225.65,official_psa
coconut_w_husk,Coconut (w/ husk),province,REGION III (CENTRAL LUZON),Pampanga,Pampanga,2019,221.61,official_psa
coconut_w_husk,Coconut (w/ husk),province,REGION III (CENTRAL LUZON),Pampanga,Pampanga,2020,215.89,official_psa
coconut_w_husk,Coconut (w/ husk),province,REGION III (CENTRAL LUZON),Pampanga,Pampanga,2021,208.65,official_psa
coconut_w_husk,Coconut (w/ husk),province,REGION III (CENTRAL LUZON),Pampanga,Pampanga,2022,202.02,official_psa
coconut_w_husk,Coconut (w/ husk),province,REGION III (CENTRAL LUZON),Pampanga,Pampanga,2023,198.65,official_psa
coconut_w_husk,Coconut (w/ husk),province,REGION III (CENTRAL LUZON),Pampanga,Pampanga,2024,193.71,official_psa
coconut_w_husk,Coconut (w/ husk),province,REGION III (CENTRAL LUZON),Pampanga,Pampanga,2025,194.29,official_psa
coconut_w_husk,Coconut (w/ husk),province,REGION III (CENTRAL LUZON),Pampanga,Pampanga,2026,191.04,estimated_gap
coconut_w_husk,Coconut (w/ husk),province,REGION III (CENTRAL LUZON),Tarlac,Tarlac,2010,393.57,official_psa
coconut_w_husk,Coconut (w/ husk),province,REGION III (CENTRAL LUZON),Tarlac,Tarlac,2011,405.67,official_psa
coconut_w_husk,Coconut (w/ husk),province,REGION III (CENTRAL LUZON),Tarlac,Tarlac,2012,417.68,official_psa
coconut_w_husk,Coconut (w/ husk),province,REGION III (CENTRAL LUZON),Tarlac,Tarlac,2013,433.98,official_psa
coconut_w_husk,Coconut (w/ husk),province,REGION III (CENTRAL LUZON),Tarlac,Tarlac,2014,452.23,official_psa
coconut_w_husk,Coconut (w/ husk),province,REGION III (CENTRAL LUZON),Tarlac,Tarlac,2015,440.45,official_psa
coconut_w_husk,Coconut (w/ husk),province,REGION III (CENTRAL LUZON),Tarlac,Tarlac,2016,434.19,official_psa
coconut_w_husk,Coconut (w/ husk),province,REGION III (CENTRAL LUZON),Tarlac,Tarlac,2017,449.72,official_psa
coconut_w_husk,Coconut (w/ husk),province,REGION III (CENTRAL LUZON),Tarlac,Tarlac,2018,469.08,official_psa
coconut_w_husk,Coconut (w/ husk),province,REGION III (CENTRAL LUZON),Tarlac,Tarlac,2019,588.0,official_psa
coconut_w_husk,Coconut (w/ husk),province,REGION III (CENTRAL LUZON),Tarlac,Tarlac,2020,598.57,official_psa
coconut_w_husk,Coconut (w/ husk),province,REGION III (CENTRAL LUZON),Tarlac,Tarlac,2021,622.06,official_psa
coconut_w_husk,Coconut (w/ husk),province,REGION III (CENTRAL LUZON),Tarlac,Tarlac,2022,635.85,official_psa
coconut_w_husk,Coconut (w/ husk),province,REGION III (CENTRAL LUZON),Tarlac,Tarlac,2023,632.06,official_psa
coconut_w_husk,Coconut (w/ husk),province,REGION III (CENTRAL LUZON),Tarlac,Tarlac,2024,661.42,official_psa
coconut_w_husk,Coconut (w/ husk),province,REGION III (CENTRAL LUZON),Tarlac,Tarlac,2025,640.77,official_psa
coconut_w_husk,Coconut (w/ husk),province,REGION III (CENTRAL LUZON),Tarlac,Tarlac,2026,714.28,estimated_gap
coconut_w_husk,Coconut (w/ husk),province,REGION III (CENTRAL LUZON),Zambales,Zambales,2010,814.27,official_psa
coconut_w_husk,Coconut (w/ husk),province,REGION III (CENTRAL LUZON),Zambales,Zambales,2011,836.09,official_psa
coconut_w_husk,Coconut (w/ husk),province,REGION III (CENTRAL LUZON),Zambales,Zambales,2012,803.09,official_psa
coconut_w_husk,Coconut (w/ husk),province,REGION III (CENTRAL LUZON),Zambales,Zambales,2013,795.52,official_psa
coconut_w_husk,Coconut (w/ husk),province,REGION III (CENTRAL LUZON),Zambales,Zambales,2014,789.66,official_psa
coconut_w_husk,Coconut (w/ husk),province,REGION III (CENTRAL LUZON),Zambales,Zambales,2015,774.23,official_psa
coconut_w_husk,Coconut (w/ husk),province,REGION III (CENTRAL LUZON),Zambales,Zambales,2016,683.5,official_psa
coconut_w_husk,Coconut (w/ husk),province,REGION III (CENTRAL LUZON),Zambales,Zambales,2017,651.62,official_psa
coconut_w_husk,Coconut (w/ husk),province,REGION III (CENTRAL LUZON),Zambales,Zambales,2018,652.3,official_psa
coconut_w_husk,Coconut (w/ husk),province,REGION III (CENTRAL LUZON),Zambales,Zambales,2019,612.81,official_psa
coconut_w_husk,Coconut (w/ husk),province,REGION III (CENTRAL LUZON),Zambales,Zambales,2020,608.24,official_psa
coconut_w_husk,Coconut (w/ husk),province,REGION III (CENTRAL LUZON),Zambales,Zambales,2021,573.06,official_psa
coconut_w_husk,Coconut (w/ husk),province,REGION III (CENTRAL LUZON),Zambales,Zambales,2022,466.06,official_psa
coconut_w_husk,Coconut (w/ husk),province,REGION III (CENTRAL LUZON),Zambales,Zambales,2023,504.11,official_psa
coconut_w_husk,Coconut (w/ husk),province,REGION III (CENTRAL LUZON),Zambales,Zambales,2024,429.83,official_psa
coconut_w_husk,Coconut (w/ husk),province,REGION III (CENTRAL LUZON),Zambales,Zambales,2025,364.12,official_psa
coconut_w_husk,Coconut (w/ husk),province,REGION III (CENTRAL LUZON),Zambales,Zambales,2026,563.6,estimated_gap
coconut_w_husk,Coconut (w/ husk),region,REGION IV-A (CALABARZON),,REGION IV-A (CALABARZON),2010,1394637.7,official_psa
coconut_w_husk,Coconut (w/ husk),region,REGION IV-A (CALABARZON),,REGION IV-A (CALABARZON),2011,1390853.79,official_psa
coconut_w_husk,Coconut (w/ husk),region,REGION IV-A (CALABARZON),,REGION IV-A (CALABARZON),2012,1417438.97,official_psa
coconut_w_husk,Coconut (w/ husk),region,REGION IV-A (CALABARZON),,REGION IV-A (CALABARZON),2013,1434803.73,official_psa
coconut_w_husk,Coconut (w/ husk),region,REGION IV-A (CALABARZON),,REGION IV-A (CALABARZON),2014,1380490.99,official_psa
coconut_w_husk,Coconut (w/ husk),region,REGION IV-A (CALABARZON),,REGION IV-A (CALABARZON),2015,1379297.8,official_psa
coconut_w_husk,Coconut (w/ husk),region,REGION IV-A (CALABARZON),,REGION IV-A (CALABARZON),2016,1517413.98,official_psa
coconut_w_husk,Coconut (w/ husk),region,REGION IV-A (CALABARZON),,REGION IV-A (CALABARZON),2017,1549308.02,official_psa
coconut_w_husk,Coconut (w/ husk),region,REGION IV-A (CALABARZON),,REGION IV-A (CALABARZON),2018,1679779.34,official_psa
coconut_w_husk,Coconut (w/ husk),region,REGION IV-A (CALABARZON),,REGION IV-A (CALABARZON),2019,1643478.75,official_psa
coconut_w_husk,Coconut (w/ husk),region,REGION IV-A (CALABARZON),,REGION IV-A (CALABARZON),2020,1493066.65,official_psa
coconut_w_husk,Coconut (w/ husk),region,REGION IV-A (CALABARZON),,REGION IV-A (CALABARZON),2021,1509582.24,official_psa
coconut_w_husk,Coconut (w/ husk),region,REGION IV-A (CALABARZON),,REGION IV-A (CALABARZON),2022,1528897.85,official_psa
coconut_w_husk,Coconut (w/ husk),region,REGION IV-A (CALABARZON),,REGION IV-A (CALABARZON),2023,1546444.15,official_psa
coconut_w_husk,Coconut (w/ husk),region,REGION IV-A (CALABARZON),,REGION IV-A (CALABARZON),2024,1483543.65,official_psa
coconut_w_husk,Coconut (w/ husk),region,REGION IV-A (CALABARZON),,REGION IV-A (CALABARZON),2025,1518707.59,official_psa
coconut_w_husk,Coconut (w/ husk),region,REGION IV-A (CALABARZON),,REGION IV-A (CALABARZON),2026,1868465.22,estimated_gap
coconut_w_husk,Coconut (w/ husk),province,REGION IV-A (CALABARZON),Batangas,Batangas,2010,132300.0,official_psa
coconut_w_husk,Coconut (w/ husk),province,REGION IV-A (CALABARZON),Batangas,Batangas,2011,125930.0,official_psa
coconut_w_husk,Coconut (w/ husk),province,REGION IV-A (CALABARZON),Batangas,Batangas,2012,107439.0,official_psa
coconut_w_husk,Coconut (w/ husk),province,REGION IV-A (CALABARZON),Batangas,Batangas,2013,82952.5,official_psa
coconut_w_husk,Coconut (w/ husk),province,REGION IV-A (CALABARZON),Batangas,Batangas,2014,69256.36,official_psa
coconut_w_husk,Coconut (w/ husk),province,REGION IV-A (CALABARZON),Batangas,Batangas,2015,68371.8,official_psa
coconut_w_husk,Coconut (w/ husk),province,REGION IV-A (CALABARZON),Batangas,Batangas,2016,76826.5,official_psa
coconut_w_husk,Coconut (w/ husk),province,REGION IV-A (CALABARZON),Batangas,Batangas,2017,84506.5,official_psa
coconut_w_husk,Coconut (w/ husk),province,REGION IV-A (CALABARZON),Batangas,Batangas,2018,99645.21,official_psa
coconut_w_husk,Coconut (w/ husk),province,REGION IV-A (CALABARZON),Batangas,Batangas,2019,100709.83,official_psa
coconut_w_husk,Coconut (w/ husk),province,REGION IV-A (CALABARZON),Batangas,Batangas,2020,79145.42,official_psa
coconut_w_husk,Coconut (w/ husk),province,REGION IV-A (CALABARZON),Batangas,Batangas,2021,75083.05,official_psa
coconut_w_husk,Coconut (w/ husk),province,REGION IV-A (CALABARZON),Batangas,Batangas,2022,71975.82,official_psa
coconut_w_husk,Coconut (w/ husk),province,REGION IV-A (CALABARZON),Batangas,Batangas,2023,75549.2,official_psa
coconut_w_husk,Coconut (w/ husk),province,REGION IV-A (CALABARZON),Batangas,Batangas,2024,77900.37,official_psa
coconut_w_husk,Coconut (w/ husk),province,REGION IV-A (CALABARZON),Batangas,Batangas,2025,75789.82,official_psa
coconut_w_husk,Coconut (w/ husk),province,REGION IV-A (CALABARZON),Batangas,Batangas,2026,66204.13,estimated_gap
coconut_w_husk,Coconut (w/ husk),province,REGION IV-A (CALABARZON),Cavite,Cavite,2010,39708.86,official_psa
coconut_w_husk,Coconut (w/ husk),province,REGION IV-A (CALABARZON),Cavite,Cavite,2011,40322.27,official_psa
coconut_w_husk,Coconut (w/ husk),province,REGION IV-A (CALABARZON),Cavite,Cavite,2012,40386.42,official_psa
coconut_w_husk,Coconut (w/ husk),province,REGION IV-A (CALABARZON),Cavite,Cavite,2013,41143.61,official_psa
coconut_w_husk,Coconut (w/ husk),province,REGION IV-A (CALABARZON),Cavite,Cavite,2014,36511.29,official_psa
coconut_w_husk,Coconut (w/ husk),province,REGION IV-A (CALABARZON),Cavite,Cavite,2015,35930.66,official_psa
coconut_w_husk,Coconut (w/ husk),province,REGION IV-A (CALABARZON),Cavite,Cavite,2016,41712.7,official_psa
coconut_w_husk,Coconut (w/ husk),province,REGION IV-A (CALABARZON),Cavite,Cavite,2017,44205.2,official_psa
coconut_w_husk,Coconut (w/ husk),province,REGION IV-A (CALABARZON),Cavite,Cavite,2018,44684.97,official_psa
coconut_w_husk,Coconut (w/ husk),province,REGION IV-A (CALABARZON),Cavite,Cavite,2019,38808.15,official_psa
coconut_w_husk,Coconut (w/ husk),province,REGION IV-A (CALABARZON),Cavite,Cavite,2020,34857.68,official_psa
coconut_w_husk,Coconut (w/ husk),province,REGION IV-A (CALABARZON),Cavite,Cavite,2021,38741.56,official_psa
coconut_w_husk,Coconut (w/ husk),province,REGION IV-A (CALABARZON),Cavite,Cavite,2022,41868.1,official_psa
coconut_w_husk,Coconut (w/ husk),province,REGION IV-A (CALABARZON),Cavite,Cavite,2023,39097.66,official_psa
coconut_w_husk,Coconut (w/ husk),province,REGION IV-A (CALABARZON),Cavite,Cavite,2024,34277.78,official_psa
coconut_w_husk,Coconut (w/ husk),province,REGION IV-A (CALABARZON),Cavite,Cavite,2025,43797.8,official_psa
coconut_w_husk,Coconut (w/ husk),province,REGION IV-A (CALABARZON),Cavite,Cavite,2026,59492.61,estimated_gap
coconut_w_husk,Coconut (w/ husk),province,REGION IV-A (CALABARZON),Laguna,Laguna,2010,107215.68,official_psa
coconut_w_husk,Coconut (w/ husk),province,REGION IV-A (CALABARZON),Laguna,Laguna,2011,109185.55,official_psa
coconut_w_husk,Coconut (w/ husk),province,REGION IV-A (CALABARZON),Laguna,Laguna,2012,114450.07,official_psa
coconut_w_husk,Coconut (w/ husk),province,REGION IV-A (CALABARZON),Laguna,Laguna,2013,119270.94,official_psa
coconut_w_husk,Coconut (w/ husk),province,REGION IV-A (CALABARZON),Laguna,Laguna,2014,96110.06,official_psa
coconut_w_husk,Coconut (w/ husk),province,REGION IV-A (CALABARZON),Laguna,Laguna,2015,63990.06,official_psa
coconut_w_husk,Coconut (w/ husk),province,REGION IV-A (CALABARZON),Laguna,Laguna,2016,73231.58,official_psa
coconut_w_husk,Coconut (w/ husk),province,REGION IV-A (CALABARZON),Laguna,Laguna,2017,81694.85,official_psa
coconut_w_husk,Coconut (w/ husk),province,REGION IV-A (CALABARZON),Laguna,Laguna,2018,84748.53,official_psa
coconut_w_husk,Coconut (w/ husk),province,REGION IV-A (CALABARZON),Laguna,Laguna,2019,80265.54,official_psa
coconut_w_husk,Coconut (w/ husk),province,REGION IV-A (CALABARZON),Laguna,Laguna,2020,80017.86,official_psa
coconut_w_husk,Coconut (w/ husk),province,REGION IV-A (CALABARZON),Laguna,Laguna,2021,87985.83,official_psa
coconut_w_husk,Coconut (w/ husk),province,REGION IV-A (CALABARZON),Laguna,Laguna,2022,95271.02,official_psa
coconut_w_husk,Coconut (w/ husk),province,REGION IV-A (CALABARZON),Laguna,Laguna,2023,94854.86,official_psa
coconut_w_husk,Coconut (w/ husk),province,REGION IV-A (CALABARZON),Laguna,Laguna,2024,98649.62,official_psa
coconut_w_husk,Coconut (w/ husk),province,REGION IV-A (CALABARZON),Laguna,Laguna,2025,97801.02,official_psa
coconut_w_husk,Coconut (w/ husk),province,REGION IV-A (CALABARZON),Laguna,Laguna,2026,106434.71,estimated_gap
coconut_w_husk,Coconut (w/ husk),province,REGION IV-A (CALABARZON),Quezon,Quezon,2010,1114764.02,official_psa
coconut_w_husk,Coconut (w/ husk),province,REGION IV-A (CALABARZON),Quezon,Quezon,2011,1114760.53,official_psa
coconut_w_husk,Coconut (w/ husk),province,REGION IV-A (CALABARZON),Quezon,Quezon,2012,1154500.29,official_psa
coconut_w_husk,Coconut (w/ husk),province,REGION IV-A (CALABARZON),Quezon,Quezon,2013,1190719.4,official_psa
coconut_w_husk,Coconut (w/ husk),province,REGION IV-A (CALABARZON),Quezon,Quezon,2014,1177892.89,official_psa
coconut_w_husk,Coconut (w/ husk),province,REGION IV-A (CALABARZON),Quezon,Quezon,2015,1210224.58,official_psa
coconut_w_husk,Coconut (w/ husk),province,REGION IV-A (CALABARZON),Quezon,Quezon,2016,1324913.44,official_psa
coconut_w_husk,Coconut (w/ husk),province,REGION IV-A (CALABARZON),Quezon,Quezon,2017,1338141.31,official_psa
coconut_w_husk,Coconut (w/ husk),province,REGION IV-A (CALABARZON),Quezon,Quezon,2018,1449926.81,official_psa
coconut_w_husk,Coconut (w/ husk),province,REGION IV-A (CALABARZON),Quezon,Quezon,2019,1422880.12,official_psa
coconut_w_husk,Coconut (w/ husk),province,REGION IV-A (CALABARZON),Quezon,Quezon,2020,1298277.19,official_psa
coconut_w_husk,Coconut (w/ husk),province,REGION IV-A (CALABARZON),Quezon,Quezon,2021,1306999.59,official_psa
coconut_w_husk,Coconut (w/ husk),province,REGION IV-A (CALABARZON),Quezon,Quezon,2022,1318966.76,official_psa
coconut_w_husk,Coconut (w/ husk),province,REGION IV-A (CALABARZON),Quezon,Quezon,2023,1335707.1,official_psa
coconut_w_husk,Coconut (w/ husk),province,REGION IV-A (CALABARZON),Quezon,Quezon,2024,1270090.33,official_psa
coconut_w_husk,Coconut (w/ husk),province,REGION IV-A (CALABARZON),Quezon,Quezon,2025,1292504.95,official_psa
coconut_w_husk,Coconut (w/ husk),province,REGION IV-A (CALABARZON),Quezon,Quezon,2026,1711201.05,estimated_gap
coconut_w_husk,Coconut (w/ husk),province,REGION IV-A (CALABARZON),Rizal,Rizal,2010,649.14,official_psa
coconut_w_husk,Coconut (w/ husk),province,REGION IV-A (CALABARZON),Rizal,Rizal,2011,655.44,official_psa
coconut_w_husk,Coconut (w/ husk),province,REGION IV-A (CALABARZON),Rizal,Rizal,2012,663.19,official_psa
coconut_w_husk,Coconut (w/ husk),province,REGION IV-A (CALABARZON),Rizal,Rizal,2013,717.28,official_psa
coconut_w_husk,Coconut (w/ husk),province,REGION IV-A (CALABARZON),Rizal,Rizal,2014,720.39,official_psa
coconut_w_husk,Coconut (w/ husk),province,REGION IV-A (CALABARZON),Rizal,Rizal,2015,780.7,official_psa
coconut_w_husk,Coconut (w/ husk),province,REGION IV-A (CALABARZON),Rizal,Rizal,2016,729.76,official_psa
coconut_w_husk,Coconut (w/ husk),province,REGION IV-A (CALABARZON),Rizal,Rizal,2017,760.16,official_psa
coconut_w_husk,Coconut (w/ husk),province,REGION IV-A (CALABARZON),Rizal,Rizal,2018,773.81,official_psa
coconut_w_husk,Coconut (w/ husk),province,REGION IV-A (CALABARZON),Rizal,Rizal,2019,815.12,official_psa
coconut_w_husk,Coconut (w/ husk),province,REGION IV-A (CALABARZON),Rizal,Rizal,2020,768.49,official_psa
coconut_w_husk,Coconut (w/ husk),province,REGION IV-A (CALABARZON),Rizal,Rizal,2021,772.21,official_psa
coconut_w_husk,Coconut (w/ husk),province,REGION IV-A (CALABARZON),Rizal,Rizal,2022,816.15,official_psa
coconut_w_husk,Coconut (w/ husk),province,REGION IV-A (CALABARZON),Rizal,Rizal,2023,1235.33,official_psa
coconut_w_husk,Coconut (w/ husk),province,REGION IV-A (CALABARZON),Rizal,Rizal,2024,2625.54,official_psa
coconut_w_husk,Coconut (w/ husk),province,REGION IV-A (CALABARZON),Rizal,Rizal,2025,8813.99,official_psa
coconut_w_husk,Coconut (w/ husk),province,REGION IV-A (CALABARZON),Rizal,Rizal,2026,10253.91,estimated_gap
coconut_w_husk,Coconut (w/ husk),region,MIMAROPA REGION,,MIMAROPA REGION,2010,659219.26,official_psa
coconut_w_husk,Coconut (w/ husk),region,MIMAROPA REGION,,MIMAROPA REGION,2011,712899.74,official_psa
coconut_w_husk,Coconut (w/ husk),region,MIMAROPA REGION,,MIMAROPA REGION,2012,745488.54,official_psa
coconut_w_husk,Coconut (w/ husk),region,MIMAROPA REGION,,MIMAROPA REGION,2013,779134.54,official_psa
coconut_w_husk,Coconut (w/ husk),region,MIMAROPA REGION,,MIMAROPA REGION,2014,806928.97,official_psa
coconut_w_husk,Coconut (w/ husk),region,MIMAROPA REGION,,MIMAROPA REGION,2015,818146.12,official_psa
coconut_w_husk,Coconut (w/ husk),region,MIMAROPA REGION,,MIMAROPA REGION,2016,758748.45,official_psa
coconut_w_husk,Coconut (w/ husk),region,MIMAROPA REGION,,MIMAROPA REGION,2017,772478.55,official_psa
coconut_w_husk,Coconut (w/ husk),region,MIMAROPA REGION,,MIMAROPA REGION,2018,790677.72,official_psa
coconut_w_husk,Coconut (w/ husk),region,MIMAROPA REGION,,MIMAROPA REGION,2019,791120.73,official_psa
coconut_w_husk,Coconut (w/ husk),region,MIMAROPA REGION,,MIMAROPA REGION,2020,759368.93,official_psa
coconut_w_husk,Coconut (w/ husk),region,MIMAROPA REGION,,MIMAROPA REGION,2021,803357.35,official_psa
coconut_w_husk,Coconut (w/ husk),region,MIMAROPA REGION,,MIMAROPA REGION,2022,905922.52,official_psa
coconut_w_husk,Coconut (w/ husk),region,MIMAROPA REGION,,MIMAROPA REGION,2023,796861.48,official_psa
coconut_w_husk,Coconut (w/ husk),region,MIMAROPA REGION,,MIMAROPA REGION,2024,800868.32,official_psa
coconut_w_husk,Coconut (w/ husk),region,MIMAROPA REGION,,MIMAROPA REGION,2025,815061.9,official_psa
coconut_w_husk,Coconut (w/ husk),region,MIMAROPA REGION,,MIMAROPA REGION,2026,964748.76,estimated_gap
coconut_w_husk,Coconut (w/ husk),province,MIMAROPA REGION,Marinduque,Marinduque,2010,63289.42,official_psa
coconut_w_husk,Coconut (w/ husk),province,MIMAROPA REGION,Marinduque,Marinduque,2011,65399.24,official_psa
coconut_w_husk,Coconut (w/ husk),province,MIMAROPA REGION,Marinduque,Marinduque,2012,65093.12,official_psa
coconut_w_husk,Coconut (w/ husk),province,MIMAROPA REGION,Marinduque,Marinduque,2013,75865.43,official_psa
coconut_w_husk,Coconut (w/ husk),province,MIMAROPA REGION,Marinduque,Marinduque,2014,75961.13,official_psa
coconut_w_husk,Coconut (w/ husk),province,MIMAROPA REGION,Marinduque,Marinduque,2015,83898.94,official_psa
coconut_w_husk,Coconut (w/ husk),province,MIMAROPA REGION,Marinduque,Marinduque,2016,72727.16,official_psa
coconut_w_husk,Coconut (w/ husk),province,MIMAROPA REGION,Marinduque,Marinduque,2017,68467.4,official_psa
coconut_w_husk,Coconut (w/ husk),province,MIMAROPA REGION,Marinduque,Marinduque,2018,70461.85,official_psa
coconut_w_husk,Coconut (w/ husk),province,MIMAROPA REGION,Marinduque,Marinduque,2019,70972.03,official_psa
coconut_w_husk,Coconut (w/ husk),province,MIMAROPA REGION,Marinduque,Marinduque,2020,61589.02,official_psa
coconut_w_husk,Coconut (w/ husk),province,MIMAROPA REGION,Marinduque,Marinduque,2021,56758.69,official_psa
coconut_w_husk,Coconut (w/ husk),province,MIMAROPA REGION,Marinduque,Marinduque,2022,64960.33,official_psa
coconut_w_husk,Coconut (w/ husk),province,MIMAROPA REGION,Marinduque,Marinduque,2023,62565.14,official_psa
coconut_w_husk,Coconut (w/ husk),province,MIMAROPA REGION,Marinduque,Marinduque,2024,56171.01,official_psa
coconut_w_husk,Coconut (w/ husk),province,MIMAROPA REGION,Marinduque,Marinduque,2025,54656.5,official_psa
coconut_w_husk,Coconut (w/ husk),province,MIMAROPA REGION,Marinduque,Marinduque,2026,76441.94,estimated_gap
coconut_w_husk,Coconut (w/ husk),province,MIMAROPA REGION,Occidental Mindoro,Occidental Mindoro,2010,10688.05,official_psa
coconut_w_husk,Coconut (w/ husk),province,MIMAROPA REGION,Occidental Mindoro,Occidental Mindoro,2011,11096.15,official_psa
coconut_w_husk,Coconut (w/ husk),province,MIMAROPA REGION,Occidental Mindoro,Occidental Mindoro,2012,11612.65,official_psa
coconut_w_husk,Coconut (w/ husk),province,MIMAROPA REGION,Occidental Mindoro,Occidental Mindoro,2013,11870.96,official_psa
coconut_w_husk,Coconut (w/ husk),province,MIMAROPA REGION,Occidental Mindoro,Occidental Mindoro,2014,12237.96,official_psa
coconut_w_husk,Coconut (w/ husk),province,MIMAROPA REGION,Occidental Mindoro,Occidental Mindoro,2015,12851.41,official_psa
coconut_w_husk,Coconut (w/ husk),province,MIMAROPA REGION,Occidental Mindoro,Occidental Mindoro,2016,13437.77,official_psa
coconut_w_husk,Coconut (w/ husk),province,MIMAROPA REGION,Occidental Mindoro,Occidental Mindoro,2017,14201.92,official_psa
coconut_w_husk,Coconut (w/ husk),province,MIMAROPA REGION,Occidental Mindoro,Occidental Mindoro,2018,14686.46,official_psa
coconut_w_husk,Coconut (w/ husk),province,MIMAROPA REGION,Occidental Mindoro,Occidental Mindoro,2019,14904.45,official_psa
coconut_w_husk,Coconut (w/ husk),province,MIMAROPA REGION,Occidental Mindoro,Occidental Mindoro,2020,14351.56,official_psa
coconut_w_husk,Coconut (w/ husk),province,MIMAROPA REGION,Occidental Mindoro,Occidental Mindoro,2021,16257.78,official_psa
coconut_w_husk,Coconut (w/ husk),province,MIMAROPA REGION,Occidental Mindoro,Occidental Mindoro,2022,18243.94,official_psa
coconut_w_husk,Coconut (w/ husk),province,MIMAROPA REGION,Occidental Mindoro,Occidental Mindoro,2023,17070.8,official_psa
coconut_w_husk,Coconut (w/ husk),province,MIMAROPA REGION,Occidental Mindoro,Occidental Mindoro,2024,14981.51,official_psa
coconut_w_husk,Coconut (w/ husk),province,MIMAROPA REGION,Occidental Mindoro,Occidental Mindoro,2025,14581.74,official_psa
coconut_w_husk,Coconut (w/ husk),province,MIMAROPA REGION,Occidental Mindoro,Occidental Mindoro,2026,13261.22,estimated_gap
coconut_w_husk,Coconut (w/ husk),province,MIMAROPA REGION,Oriental Mindoro,Oriental Mindoro,2010,123770.21,official_psa
coconut_w_husk,Coconut (w/ husk),province,MIMAROPA REGION,Oriental Mindoro,Oriental Mindoro,2011,126006.3,official_psa
coconut_w_husk,Coconut (w/ husk),province,MIMAROPA REGION,Oriental Mindoro,Oriental Mindoro,2012,130224.3,official_psa
coconut_w_husk,Coconut (w/ husk),province,MIMAROPA REGION,Oriental Mindoro,Oriental Mindoro,2013,105679.14,official_psa
coconut_w_husk,Coconut (w/ husk),province,MIMAROPA REGION,Oriental Mindoro,Oriental Mindoro,2014,107130.73,official_psa
coconut_w_husk,Coconut (w/ husk),province,MIMAROPA REGION,Oriental Mindoro,Oriental Mindoro,2015,83985.02,official_psa
coconut_w_husk,Coconut (w/ husk),province,MIMAROPA REGION,Oriental Mindoro,Oriental Mindoro,2016,69713.46,official_psa
coconut_w_husk,Coconut (w/ husk),province,MIMAROPA REGION,Oriental Mindoro,Oriental Mindoro,2017,71130.06,official_psa
coconut_w_husk,Coconut (w/ husk),province,MIMAROPA REGION,Oriental Mindoro,Oriental Mindoro,2018,72730.7,official_psa
coconut_w_husk,Coconut (w/ husk),province,MIMAROPA REGION,Oriental Mindoro,Oriental Mindoro,2019,78493.48,official_psa
coconut_w_husk,Coconut (w/ husk),province,MIMAROPA REGION,Oriental Mindoro,Oriental Mindoro,2020,46539.65,official_psa
coconut_w_husk,Coconut (w/ husk),province,MIMAROPA REGION,Oriental Mindoro,Oriental Mindoro,2021,49920.84,official_psa
coconut_w_husk,Coconut (w/ husk),province,MIMAROPA REGION,Oriental Mindoro,Oriental Mindoro,2022,58611.11,official_psa
coconut_w_husk,Coconut (w/ husk),province,MIMAROPA REGION,Oriental Mindoro,Oriental Mindoro,2023,57409.28,official_psa
coconut_w_husk,Coconut (w/ husk),province,MIMAROPA REGION,Oriental Mindoro,Oriental Mindoro,2024,70953.1,official_psa
coconut_w_husk,Coconut (w/ husk),province,MIMAROPA REGION,Oriental Mindoro,Oriental Mindoro,2025,81710.27,official_psa
coconut_w_husk,Coconut (w/ husk),province,MIMAROPA REGION,Oriental Mindoro,Oriental Mindoro,2026,68525.17,estimated_gap
coconut_w_husk,Coconut (w/ husk),province,MIMAROPA REGION,Palawan,Palawan,2010,240081.79,official_psa
coconut_w_husk,Coconut (w/ husk),province,MIMAROPA REGION,Palawan,Palawan,2011,289262.2,official_psa
coconut_w_husk,Coconut (w/ husk),province,MIMAROPA REGION,Palawan,Palawan,2012,309967.97,official_psa
coconut_w_husk,Coconut (w/ husk),province,MIMAROPA REGION,Palawan,Palawan,2013,357882.03,official_psa
coconut_w_husk,Coconut (w/ husk),province,MIMAROPA REGION,Palawan,Palawan,2014,397579.62,official_psa
coconut_w_husk,Coconut (w/ husk),province,MIMAROPA REGION,Palawan,Palawan,2015,413628.88,official_psa
coconut_w_husk,Coconut (w/ husk),province,MIMAROPA REGION,Palawan,Palawan,2016,385793.29,official_psa
coconut_w_husk,Coconut (w/ husk),province,MIMAROPA REGION,Palawan,Palawan,2017,399086.04,official_psa
coconut_w_husk,Coconut (w/ husk),province,MIMAROPA REGION,Palawan,Palawan,2018,408690.56,official_psa
coconut_w_husk,Coconut (w/ husk),province,MIMAROPA REGION,Palawan,Palawan,2019,409832.98,official_psa
coconut_w_husk,Coconut (w/ husk),province,MIMAROPA REGION,Palawan,Palawan,2020,430283.74,official_psa
coconut_w_husk,Coconut (w/ husk),province,MIMAROPA REGION,Palawan,Palawan,2021,460294.11,official_psa
coconut_w_husk,Coconut (w/ husk),province,MIMAROPA REGION,Palawan,Palawan,2022,530123.45,official_psa
coconut_w_husk,Coconut (w/ husk),province,MIMAROPA REGION,Palawan,Palawan,2023,424730.29,official_psa
coconut_w_husk,Coconut (w/ husk),province,MIMAROPA REGION,Palawan,Palawan,2024,421452.19,official_psa
coconut_w_husk,Coconut (w/ husk),province,MIMAROPA REGION,Palawan,Palawan,2025,433723.98,official_psa
coconut_w_husk,Coconut (w/ husk),province,MIMAROPA REGION,Palawan,Palawan,2026,621553.51,estimated_gap
coconut_w_husk,Coconut (w/ husk),province,MIMAROPA REGION,Romblon,Romblon,2010,221389.79,official_psa
coconut_w_husk,Coconut (w/ husk),province,MIMAROPA REGION,Romblon,Romblon,2011,221135.85,official_psa
coconut_w_husk,Coconut (w/ husk),province,MIMAROPA REGION,Romblon,Romblon,2012,228590.5,official_psa
coconut_w_husk,Coconut (w/ husk),province,MIMAROPA REGION,Romblon,Romblon,2013,227836.98,official_psa
coconut_w_husk,Coconut (w/ husk),province,MIMAROPA REGION,Romblon,Romblon,2014,214019.53,official_psa
coconut_w_husk,Coconut (w/ husk),province,MIMAROPA REGION,Romblon,Romblon,2015,223781.87,official_psa
coconut_w_husk,Coconut (w/ husk),province,MIMAROPA REGION,Romblon,Romblon,2016,217076.77,official_psa
coconut_w_husk,Coconut (w/ husk),province,MIMAROPA REGION,Romblon,Romblon,2017,219593.12,official_psa
coconut_w_husk,Coconut (w/ husk),province,MIMAROPA REGION,Romblon,Romblon,2018,224108.15,official_psa
coconut_w_husk,Coconut (w/ husk),province,MIMAROPA REGION,Romblon,Romblon,2019,216917.79,official_psa
coconut_w_husk,Coconut (w/ husk),province,MIMAROPA REGION,Romblon,Romblon,2020,206604.96,official_psa
coconut_w_husk,Coconut (w/ husk),province,MIMAROPA REGION,Romblon,Romblon,2021,220125.93,official_psa
coconut_w_husk,Coconut (w/ husk),province,MIMAROPA REGION,Romblon,Romblon,2022,233983.69,official_psa
coconut_w_husk,Coconut (w/ husk),province,MIMAROPA REGION,Romblon,Romblon,2023,235085.96,official_psa
coconut_w_husk,Coconut (w/ husk),province,MIMAROPA REGION,Romblon,Romblon,2024,237310.52,official_psa
coconut_w_husk,Coconut (w/ husk),province,MIMAROPA REGION,Romblon,Romblon,2025,230389.4,official_psa
coconut_w_husk,Coconut (w/ husk),province,MIMAROPA REGION,Romblon,Romblon,2026,242101.38,estimated_gap
coconut_w_husk,Coconut (w/ husk),province,MIMAROPA REGION,City of Puerto Princesa,City of Puerto Princesa,2010,170863.92,estimated_gap
coconut_w_husk,Coconut (w/ husk),province,MIMAROPA REGION,City of Puerto Princesa,City of Puerto Princesa,2011,170863.92,estimated_gap
coconut_w_husk,Coconut (w/ husk),province,MIMAROPA REGION,City of Puerto Princesa,City of Puerto Princesa,2012,170863.92,estimated_gap
coconut_w_husk,Coconut (w/ husk),province,MIMAROPA REGION,City of Puerto Princesa,City of Puerto Princesa,2013,170863.92,estimated_gap
coconut_w_husk,Coconut (w/ husk),province,MIMAROPA REGION,City of Puerto Princesa,City of Puerto Princesa,2014,170863.92,estimated_gap
coconut_w_husk,Coconut (w/ husk),province,MIMAROPA REGION,City of Puerto Princesa,City of Puerto Princesa,2015,170863.92,estimated_gap
coconut_w_husk,Coconut (w/ husk),province,MIMAROPA REGION,City of Puerto Princesa,City of Puerto Princesa,2016,170863.92,estimated_gap
coconut_w_husk,Coconut (w/ husk),province,MIMAROPA REGION,City of Puerto Princesa,City of Puerto Princesa,2017,170863.92,estimated_gap
coconut_w_husk,Coconut (w/ husk),province,MIMAROPA REGION,City of Puerto Princesa,City of Puerto Princesa,2018,170863.92,estimated_gap
coconut_w_husk,Coconut (w/ husk),province,MIMAROPA REGION,City of Puerto Princesa,City of Puerto Princesa,2019,170863.92,estimated_gap
coconut_w_husk,Coconut (w/ husk),province,MIMAROPA REGION,City of Puerto Princesa,City of Puerto Princesa,2020,170863.92,estimated_gap
coconut_w_husk,Coconut (w/ husk),province,MIMAROPA REGION,City of Puerto Princesa,City of Puerto Princesa,2021,170863.92,estimated_gap
coconut_w_husk,Coconut (w/ husk),province,MIMAROPA REGION,City of Puerto Princesa,City of Puerto Princesa,2022,170863.92,estimated_gap
coconut_w_husk,Coconut (w/ husk),province,MIMAROPA REGION,City of Puerto Princesa,City of Puerto Princesa,2023,170863.92,estimated_gap
coconut_w_husk,Coconut (w/ husk),province,MIMAROPA REGION,City of Puerto Princesa,City of Puerto Princesa,2024,170863.92,official_psa
coconut_w_husk,Coconut (w/ husk),province,MIMAROPA REGION,City of Puerto Princesa,City of Puerto Princesa,2025,170863.92,estimated_gap
coconut_w_husk,Coconut (w/ husk),province,MIMAROPA REGION,City of Puerto Princesa,City of Puerto Princesa,2026,17933.0,estimated_gap
coconut_w_husk,Coconut (w/ husk),region,REGION V (BICOL REGION),,REGION V (BICOL REGION),2010,1269537.97,official_psa
coconut_w_husk,Coconut (w/ husk),region,REGION V (BICOL REGION),,REGION V (BICOL REGION),2011,1201706.92,official_psa
coconut_w_husk,Coconut (w/ husk),region,REGION V (BICOL REGION),,REGION V (BICOL REGION),2012,1240458.84,official_psa
coconut_w_husk,Coconut (w/ husk),region,REGION V (BICOL REGION),,REGION V (BICOL REGION),2013,1255507.49,official_psa
coconut_w_husk,Coconut (w/ husk),region,REGION V (BICOL REGION),,REGION V (BICOL REGION),2014,1124411.51,official_psa
coconut_w_husk,Coconut (w/ husk),region,REGION V (BICOL REGION),,REGION V (BICOL REGION),2015,1105743.39,official_psa
coconut_w_husk,Coconut (w/ husk),region,REGION V (BICOL REGION),,REGION V (BICOL REGION),2016,1081111.78,official_psa
coconut_w_husk,Coconut (w/ husk),region,REGION V (BICOL REGION),,REGION V (BICOL REGION),2017,1076257.29,official_psa
coconut_w_husk,Coconut (w/ husk),region,REGION V (BICOL REGION),,REGION V (BICOL REGION),2018,1186963.56,official_psa
coconut_w_husk,Coconut (w/ husk),region,REGION V (BICOL REGION),,REGION V (BICOL REGION),2019,1246478.6,official_psa
coconut_w_husk,Coconut (w/ husk),region,REGION V (BICOL REGION),,REGION V (BICOL REGION),2020,1150857.4,official_psa
coconut_w_husk,Coconut (w/ husk),region,REGION V (BICOL REGION),,REGION V (BICOL REGION),2021,1111200.07,official_psa
coconut_w_husk,Coconut (w/ husk),region,REGION V (BICOL REGION),,REGION V (BICOL REGION),2022,1261733.36,official_psa
coconut_w_husk,Coconut (w/ husk),region,REGION V (BICOL REGION),,REGION V (BICOL REGION),2023,1184687.56,official_psa
coconut_w_husk,Coconut (w/ husk),region,REGION V (BICOL REGION),,REGION V (BICOL REGION),2024,1153951.15,official_psa
coconut_w_husk,Coconut (w/ husk),region,REGION V (BICOL REGION),,REGION V (BICOL REGION),2025,1033620.09,official_psa
coconut_w_husk,Coconut (w/ husk),region,REGION V (BICOL REGION),,REGION V (BICOL REGION),2026,958744.7,estimated_gap
coconut_w_husk,Coconut (w/ husk),province,REGION V (BICOL REGION),Albay,Albay,2010,161104.07,official_psa
coconut_w_husk,Coconut (w/ husk),province,REGION V (BICOL REGION),Albay,Albay,2011,160986.45,official_psa
coconut_w_husk,Coconut (w/ husk),province,REGION V (BICOL REGION),Albay,Albay,2012,171039.77,official_psa
coconut_w_husk,Coconut (w/ husk),province,REGION V (BICOL REGION),Albay,Albay,2013,180333.07,official_psa
coconut_w_husk,Coconut (w/ husk),province,REGION V (BICOL REGION),Albay,Albay,2014,105420.08,official_psa
coconut_w_husk,Coconut (w/ husk),province,REGION V (BICOL REGION),Albay,Albay,2015,102844.42,official_psa
coconut_w_husk,Coconut (w/ husk),province,REGION V (BICOL REGION),Albay,Albay,2016,109462.11,official_psa
coconut_w_husk,Coconut (w/ husk),province,REGION V (BICOL REGION),Albay,Albay,2017,112264.12,official_psa
coconut_w_husk,Coconut (w/ husk),province,REGION V (BICOL REGION),Albay,Albay,2018,121271.22,official_psa
coconut_w_husk,Coconut (w/ husk),province,REGION V (BICOL REGION),Albay,Albay,2019,132755.22,official_psa
coconut_w_husk,Coconut (w/ husk),province,REGION V (BICOL REGION),Albay,Albay,2020,105257.53,official_psa
coconut_w_husk,Coconut (w/ husk),province,REGION V (BICOL REGION),Albay,Albay,2021,107102.21,official_psa
coconut_w_husk,Coconut (w/ husk),province,REGION V (BICOL REGION),Albay,Albay,2022,139681.24,official_psa
coconut_w_husk,Coconut (w/ husk),province,REGION V (BICOL REGION),Albay,Albay,2023,156992.72,official_psa
coconut_w_husk,Coconut (w/ husk),province,REGION V (BICOL REGION),Albay,Albay,2024,144931.61,official_psa
coconut_w_husk,Coconut (w/ husk),province,REGION V (BICOL REGION),Albay,Albay,2025,119713.5,official_psa
coconut_w_husk,Coconut (w/ husk),province,REGION V (BICOL REGION),Albay,Albay,2026,131979.28,estimated_gap
coconut_w_husk,Coconut (w/ husk),province,REGION V (BICOL REGION),Camarines Norte,Camarines Norte,2010,235022.0,official_psa
coconut_w_husk,Coconut (w/ husk),province,REGION V (BICOL REGION),Camarines Norte,Camarines Norte,2011,233187.0,official_psa
coconut_w_husk,Coconut (w/ husk),province,REGION V (BICOL REGION),Camarines Norte,Camarines Norte,2012,239547.0,official_psa
coconut_w_husk,Coconut (w/ husk),province,REGION V (BICOL REGION),Camarines Norte,Camarines Norte,2013,244048.0,official_psa
coconut_w_husk,Coconut (w/ husk),province,REGION V (BICOL REGION),Camarines Norte,Camarines Norte,2014,242368.53,official_psa
coconut_w_husk,Coconut (w/ husk),province,REGION V (BICOL REGION),Camarines Norte,Camarines Norte,2015,247011.71,official_psa
coconut_w_husk,Coconut (w/ husk),province,REGION V (BICOL REGION),Camarines Norte,Camarines Norte,2016,249454.45,official_psa
coconut_w_husk,Coconut (w/ husk),province,REGION V (BICOL REGION),Camarines Norte,Camarines Norte,2017,261449.8,official_psa
coconut_w_husk,Coconut (w/ husk),province,REGION V (BICOL REGION),Camarines Norte,Camarines Norte,2018,288476.55,official_psa
coconut_w_husk,Coconut (w/ husk),province,REGION V (BICOL REGION),Camarines Norte,Camarines Norte,2019,302734.6,official_psa
coconut_w_husk,Coconut (w/ husk),province,REGION V (BICOL REGION),Camarines Norte,Camarines Norte,2020,273847.62,official_psa
coconut_w_husk,Coconut (w/ husk),province,REGION V (BICOL REGION),Camarines Norte,Camarines Norte,2021,240416.92,official_psa
coconut_w_husk,Coconut (w/ husk),province,REGION V (BICOL REGION),Camarines Norte,Camarines Norte,2022,267160.76,official_psa
coconut_w_husk,Coconut (w/ husk),province,REGION V (BICOL REGION),Camarines Norte,Camarines Norte,2023,183827.09,official_psa
coconut_w_husk,Coconut (w/ husk),province,REGION V (BICOL REGION),Camarines Norte,Camarines Norte,2024,171727.69,official_psa
coconut_w_husk,Coconut (w/ husk),province,REGION V (BICOL REGION),Camarines Norte,Camarines Norte,2025,128719.06,official_psa
coconut_w_husk,Coconut (w/ husk),province,REGION V (BICOL REGION),Camarines Norte,Camarines Norte,2026,85791.44,estimated_gap
coconut_w_husk,Coconut (w/ husk),province,REGION V (BICOL REGION),Camarines Sur,Camarines Sur,2010,331017.86,official_psa
coconut_w_husk,Coconut (w/ husk),province,REGION V (BICOL REGION),Camarines Sur,Camarines Sur,2011,322149.0,official_psa
coconut_w_husk,Coconut (w/ husk),province,REGION V (BICOL REGION),Camarines Sur,Camarines Sur,2012,333822.34,official_psa
coconut_w_husk,Coconut (w/ husk),province,REGION V (BICOL REGION),Camarines Sur,Camarines Sur,2013,340451.84,official_psa
coconut_w_husk,Coconut (w/ husk),province,REGION V (BICOL REGION),Camarines Sur,Camarines Sur,2014,323599.37,official_psa
coconut_w_husk,Coconut (w/ husk),province,REGION V (BICOL REGION),Camarines Sur,Camarines Sur,2015,322705.57,official_psa
coconut_w_husk,Coconut (w/ husk),province,REGION V (BICOL REGION),Camarines Sur,Camarines Sur,2016,328927.01,official_psa
coconut_w_husk,Coconut (w/ husk),province,REGION V (BICOL REGION),Camarines Sur,Camarines Sur,2017,292177.15,official_psa
coconut_w_husk,Coconut (w/ husk),province,REGION V (BICOL REGION),Camarines Sur,Camarines Sur,2018,334413.19,official_psa
coconut_w_husk,Coconut (w/ husk),province,REGION V (BICOL REGION),Camarines Sur,Camarines Sur,2019,340132.12,official_psa
coconut_w_husk,Coconut (w/ husk),province,REGION V (BICOL REGION),Camarines Sur,Camarines Sur,2020,316238.86,official_psa
coconut_w_husk,Coconut (w/ husk),province,REGION V (BICOL REGION),Camarines Sur,Camarines Sur,2021,283004.1,official_psa
coconut_w_husk,Coconut (w/ husk),province,REGION V (BICOL REGION),Camarines Sur,Camarines Sur,2022,337169.94,official_psa
coconut_w_husk,Coconut (w/ husk),province,REGION V (BICOL REGION),Camarines Sur,Camarines Sur,2023,329429.53,official_psa
coconut_w_husk,Coconut (w/ husk),province,REGION V (BICOL REGION),Camarines Sur,Camarines Sur,2024,321174.97,official_psa
coconut_w_husk,Coconut (w/ husk),province,REGION V (BICOL REGION),Camarines Sur,Camarines Sur,2025,330086.6,official_psa
coconut_w_husk,Coconut (w/ husk),province,REGION V (BICOL REGION),Camarines Sur,Camarines Sur,2026,315085.45,estimated_gap
coconut_w_husk,Coconut (w/ husk),province,REGION V (BICOL REGION),Catanduanes,Catanduanes,2010,3782.26,official_psa
coconut_w_husk,Coconut (w/ husk),province,REGION V (BICOL REGION),Catanduanes,Catanduanes,2011,4055.44,official_psa
coconut_w_husk,Coconut (w/ husk),province,REGION V (BICOL REGION),Catanduanes,Catanduanes,2012,4181.4,official_psa
coconut_w_husk,Coconut (w/ husk),province,REGION V (BICOL REGION),Catanduanes,Catanduanes,2013,4398.05,official_psa
coconut_w_husk,Coconut (w/ husk),province,REGION V (BICOL REGION),Catanduanes,Catanduanes,2014,4738.81,official_psa
coconut_w_husk,Coconut (w/ husk),province,REGION V (BICOL REGION),Catanduanes,Catanduanes,2015,4966.52,official_psa
coconut_w_husk,Coconut (w/ husk),province,REGION V (BICOL REGION),Catanduanes,Catanduanes,2016,5130.68,official_psa
coconut_w_husk,Coconut (w/ husk),province,REGION V (BICOL REGION),Catanduanes,Catanduanes,2017,3817.57,official_psa
coconut_w_husk,Coconut (w/ husk),province,REGION V (BICOL REGION),Catanduanes,Catanduanes,2018,4140.58,official_psa
coconut_w_husk,Coconut (w/ husk),province,REGION V (BICOL REGION),Catanduanes,Catanduanes,2019,4596.92,official_psa
coconut_w_husk,Coconut (w/ husk),province,REGION V (BICOL REGION),Catanduanes,Catanduanes,2020,4260.27,official_psa
coconut_w_husk,Coconut (w/ husk),province,REGION V (BICOL REGION),Catanduanes,Catanduanes,2021,3006.12,official_psa
coconut_w_husk,Coconut (w/ husk),province,REGION V (BICOL REGION),Catanduanes,Catanduanes,2022,4097.8,official_psa
coconut_w_husk,Coconut (w/ husk),province,REGION V (BICOL REGION),Catanduanes,Catanduanes,2023,3790.97,official_psa
coconut_w_husk,Coconut (w/ husk),province,REGION V (BICOL REGION),Catanduanes,Catanduanes,2024,4043.57,official_psa
coconut_w_husk,Coconut (w/ husk),province,REGION V (BICOL REGION),Catanduanes,Catanduanes,2025,2922.99,official_psa
coconut_w_husk,Coconut (w/ husk),province,REGION V (BICOL REGION),Catanduanes,Catanduanes,2026,337.94,estimated_gap
coconut_w_husk,Coconut (w/ husk),province,REGION V (BICOL REGION),Masbate,Masbate,2010,307107.85,official_psa
coconut_w_husk,Coconut (w/ husk),province,REGION V (BICOL REGION),Masbate,Masbate,2011,285829.26,official_psa
coconut_w_husk,Coconut (w/ husk),province,REGION V (BICOL REGION),Masbate,Masbate,2012,317015.05,official_psa
coconut_w_husk,Coconut (w/ husk),province,REGION V (BICOL REGION),Masbate,Masbate,2013,316654.88,official_psa
coconut_w_husk,Coconut (w/ husk),province,REGION V (BICOL REGION),Masbate,Masbate,2014,300424.38,official_psa
coconut_w_husk,Coconut (w/ husk),province,REGION V (BICOL REGION),Masbate,Masbate,2015,277812.3,official_psa
coconut_w_husk,Coconut (w/ husk),province,REGION V (BICOL REGION),Masbate,Masbate,2016,270439.08,official_psa
coconut_w_husk,Coconut (w/ husk),province,REGION V (BICOL REGION),Masbate,Masbate,2017,285080.14,official_psa
coconut_w_husk,Coconut (w/ husk),province,REGION V (BICOL REGION),Masbate,Masbate,2018,313022.69,official_psa
coconut_w_husk,Coconut (w/ husk),province,REGION V (BICOL REGION),Masbate,Masbate,2019,344434.07,official_psa
coconut_w_husk,Coconut (w/ husk),province,REGION V (BICOL REGION),Masbate,Masbate,2020,346771.5,official_psa
coconut_w_husk,Coconut (w/ husk),province,REGION V (BICOL REGION),Masbate,Masbate,2021,375480.41,official_psa
coconut_w_husk,Coconut (w/ husk),province,REGION V (BICOL REGION),Masbate,Masbate,2022,408139.51,official_psa
coconut_w_husk,Coconut (w/ husk),province,REGION V (BICOL REGION),Masbate,Masbate,2023,411668.19,official_psa
coconut_w_husk,Coconut (w/ husk),province,REGION V (BICOL REGION),Masbate,Masbate,2024,423765.28,official_psa
coconut_w_husk,Coconut (w/ husk),province,REGION V (BICOL REGION),Masbate,Masbate,2025,371440.16,official_psa
coconut_w_husk,Coconut (w/ husk),province,REGION V (BICOL REGION),Masbate,Masbate,2026,397622.89,estimated_gap
coconut_w_husk,Coconut (w/ husk),province,REGION V (BICOL REGION),Sorsogon,Sorsogon,2010,231503.93,official_psa
coconut_w_husk,Coconut (w/ husk),province,REGION V (BICOL REGION),Sorsogon,Sorsogon,2011,195499.77,official_psa
coconut_w_husk,Coconut (w/ husk),province,REGION V (BICOL REGION),Sorsogon,Sorsogon,2012,174853.28,official_psa
coconut_w_husk,Coconut (w/ husk),province,REGION V (BICOL REGION),Sorsogon,Sorsogon,2013,169621.65,official_psa
coconut_w_husk,Coconut (w/ husk),province,REGION V (BICOL REGION),Sorsogon,Sorsogon,2014,147860.34,official_psa
coconut_w_husk,Coconut (w/ husk),province,REGION V (BICOL REGION),Sorsogon,Sorsogon,2015,150402.87,official_psa
coconut_w_husk,Coconut (w/ husk),province,REGION V (BICOL REGION),Sorsogon,Sorsogon,2016,117698.46,official_psa
coconut_w_husk,Coconut (w/ husk),province,REGION V (BICOL REGION),Sorsogon,Sorsogon,2017,121468.51,official_psa
coconut_w_husk,Coconut (w/ husk),province,REGION V (BICOL REGION),Sorsogon,Sorsogon,2018,125639.33,official_psa
coconut_w_husk,Coconut (w/ husk),province,REGION V (BICOL REGION),Sorsogon,Sorsogon,2019,121825.67,official_psa
coconut_w_husk,Coconut (w/ husk),province,REGION V (BICOL REGION),Sorsogon,Sorsogon,2020,104481.62,official_psa
coconut_w_husk,Coconut (w/ husk),province,REGION V (BICOL REGION),Sorsogon,Sorsogon,2021,102190.31,official_psa
coconut_w_husk,Coconut (w/ husk),province,REGION V (BICOL REGION),Sorsogon,Sorsogon,2022,105484.11,official_psa
coconut_w_husk,Coconut (w/ husk),province,REGION V (BICOL REGION),Sorsogon,Sorsogon,2023,98979.06,official_psa
coconut_w_husk,Coconut (w/ husk),province,REGION V (BICOL REGION),Sorsogon,Sorsogon,2024,88308.04,official_psa
coconut_w_husk,Coconut (w/ husk),province,REGION V (BICOL REGION),Sorsogon,Sorsogon,2025,80737.78,official_psa
coconut_w_husk,Coconut (w/ husk),province,REGION V (BICOL REGION),Sorsogon,Sorsogon,2026,57082.46,estimated_gap
coconut_w_husk,Coconut (w/ husk),region,REGION VI (WESTERN VISAYAS),,REGION VI (WESTERN VISAYAS),2010,472744.91,official_psa
coconut_w_husk,Coconut (w/ husk),region,REGION VI (WESTERN VISAYAS),,REGION VI (WESTERN VISAYAS),2011,459783.73,official_psa
coconut_w_husk,Coconut (w/ husk),region,REGION VI (WESTERN VISAYAS),,REGION VI (WESTERN VISAYAS),2012,477952.54,official_psa
coconut_w_husk,Coconut (w/ husk),region,REGION VI (WESTERN VISAYAS),,REGION VI (WESTERN VISAYAS),2013,470652.72,official_psa
coconut_w_husk,Coconut (w/ husk),region,REGION VI (WESTERN VISAYAS),,REGION VI (WESTERN VISAYAS),2014,359825.93,official_psa
coconut_w_husk,Coconut (w/ husk),region,REGION VI (WESTERN VISAYAS),,REGION VI (WESTERN VISAYAS),2015,410887.86,official_psa
coconut_w_husk,Coconut (w/ husk),region,REGION VI (WESTERN VISAYAS),,REGION VI (WESTERN VISAYAS),2016,435057.18,official_psa
coconut_w_husk,Coconut (w/ husk),region,REGION VI (WESTERN VISAYAS),,REGION VI (WESTERN VISAYAS),2017,467671.34,official_psa
coconut_w_husk,Coconut (w/ husk),region,REGION VI (WESTERN VISAYAS),,REGION VI (WESTERN VISAYAS),2018,488254.27,official_psa
coconut_w_husk,Coconut (w/ husk),region,REGION VI (WESTERN VISAYAS),,REGION VI (WESTERN VISAYAS),2019,513397.1,official_psa
coconut_w_husk,Coconut (w/ husk),region,REGION VI (WESTERN VISAYAS),,REGION VI (WESTERN VISAYAS),2020,521586.92,official_psa
coconut_w_husk,Coconut (w/ husk),region,REGION VI (WESTERN VISAYAS),,REGION VI (WESTERN VISAYAS),2021,554684.14,official_psa
coconut_w_husk,Coconut (w/ husk),region,REGION VI (WESTERN VISAYAS),,REGION VI (WESTERN VISAYAS),2022,576411.27,official_psa
coconut_w_husk,Coconut (w/ husk),region,REGION VI (WESTERN VISAYAS),,REGION VI (WESTERN VISAYAS),2023,579758.5,official_psa
coconut_w_husk,Coconut (w/ husk),region,REGION VI (WESTERN VISAYAS),,REGION VI (WESTERN VISAYAS),2024,440386.95,official_psa
coconut_w_husk,Coconut (w/ husk),region,REGION VI (WESTERN VISAYAS),,REGION VI (WESTERN VISAYAS),2025,424452.56,official_psa
coconut_w_husk,Coconut (w/ husk),region,REGION VI (WESTERN VISAYAS),,REGION VI (WESTERN VISAYAS),2026,478832.59,estimated_gap
coconut_w_husk,Coconut (w/ husk),province,REGION VI (WESTERN VISAYAS),Aklan,Aklan,2010,109061.94,official_psa
coconut_w_husk,Coconut (w/ husk),province,REGION VI (WESTERN VISAYAS),Aklan,Aklan,2011,110727.63,official_psa
coconut_w_husk,Coconut (w/ husk),province,REGION VI (WESTERN VISAYAS),Aklan,Aklan,2012,109663.82,official_psa
coconut_w_husk,Coconut (w/ husk),province,REGION VI (WESTERN VISAYAS),Aklan,Aklan,2013,98632.45,official_psa
coconut_w_husk,Coconut (w/ husk),province,REGION VI (WESTERN VISAYAS),Aklan,Aklan,2014,44227.39,official_psa
coconut_w_husk,Coconut (w/ husk),province,REGION VI (WESTERN VISAYAS),Aklan,Aklan,2015,48471.97,official_psa
coconut_w_husk,Coconut (w/ husk),province,REGION VI (WESTERN VISAYAS),Aklan,Aklan,2016,50703.03,official_psa
coconut_w_husk,Coconut (w/ husk),province,REGION VI (WESTERN VISAYAS),Aklan,Aklan,2017,52380.42,official_psa
coconut_w_husk,Coconut (w/ husk),province,REGION VI (WESTERN VISAYAS),Aklan,Aklan,2018,52842.33,official_psa
coconut_w_husk,Coconut (w/ husk),province,REGION VI (WESTERN VISAYAS),Aklan,Aklan,2019,55102.35,official_psa
coconut_w_husk,Coconut (w/ husk),province,REGION VI (WESTERN VISAYAS),Aklan,Aklan,2020,52209.76,official_psa
coconut_w_husk,Coconut (w/ husk),province,REGION VI (WESTERN VISAYAS),Aklan,Aklan,2021,58965.84,official_psa
coconut_w_husk,Coconut (w/ husk),province,REGION VI (WESTERN VISAYAS),Aklan,Aklan,2022,63884.63,official_psa
coconut_w_husk,Coconut (w/ husk),province,REGION VI (WESTERN VISAYAS),Aklan,Aklan,2023,59987.84,official_psa
coconut_w_husk,Coconut (w/ husk),province,REGION VI (WESTERN VISAYAS),Aklan,Aklan,2024,60501.57,official_psa
coconut_w_husk,Coconut (w/ husk),province,REGION VI (WESTERN VISAYAS),Aklan,Aklan,2025,54175.55,official_psa
coconut_w_husk,Coconut (w/ husk),province,REGION VI (WESTERN VISAYAS),Aklan,Aklan,2026,71403.23,estimated_gap
coconut_w_husk,Coconut (w/ husk),province,REGION VI (WESTERN VISAYAS),Antique,Antique,2010,67491.72,official_psa
coconut_w_husk,Coconut (w/ husk),province,REGION VI (WESTERN VISAYAS),Antique,Antique,2011,67434.78,official_psa
coconut_w_husk,Coconut (w/ husk),province,REGION VI (WESTERN VISAYAS),Antique,Antique,2012,70704.01,official_psa
coconut_w_husk,Coconut (w/ husk),province,REGION VI (WESTERN VISAYAS),Antique,Antique,2013,75411.17,official_psa
coconut_w_husk,Coconut (w/ husk),province,REGION VI (WESTERN VISAYAS),Antique,Antique,2014,72450.83,official_psa
coconut_w_husk,Coconut (w/ husk),province,REGION VI (WESTERN VISAYAS),Antique,Antique,2015,82600.0,official_psa
coconut_w_husk,Coconut (w/ husk),province,REGION VI (WESTERN VISAYAS),Antique,Antique,2016,84833.04,official_psa
coconut_w_husk,Coconut (w/ husk),province,REGION VI (WESTERN VISAYAS),Antique,Antique,2017,107346.61,official_psa
coconut_w_husk,Coconut (w/ husk),province,REGION VI (WESTERN VISAYAS),Antique,Antique,2018,122868.37,official_psa
coconut_w_husk,Coconut (w/ husk),province,REGION VI (WESTERN VISAYAS),Antique,Antique,2019,127798.38,official_psa
coconut_w_husk,Coconut (w/ husk),province,REGION VI (WESTERN VISAYAS),Antique,Antique,2020,137118.16,official_psa
coconut_w_husk,Coconut (w/ husk),province,REGION VI (WESTERN VISAYAS),Antique,Antique,2021,147266.4,official_psa
coconut_w_husk,Coconut (w/ husk),province,REGION VI (WESTERN VISAYAS),Antique,Antique,2022,143762.39,official_psa
coconut_w_husk,Coconut (w/ husk),province,REGION VI (WESTERN VISAYAS),Antique,Antique,2023,138888.3,official_psa
coconut_w_husk,Coconut (w/ husk),province,REGION VI (WESTERN VISAYAS),Antique,Antique,2024,136452.29,official_psa
coconut_w_husk,Coconut (w/ husk),province,REGION VI (WESTERN VISAYAS),Antique,Antique,2025,124173.17,official_psa
coconut_w_husk,Coconut (w/ husk),province,REGION VI (WESTERN VISAYAS),Antique,Antique,2026,150339.39,estimated_gap
coconut_w_husk,Coconut (w/ husk),province,REGION VI (WESTERN VISAYAS),Capiz,Capiz,2010,90631.4,official_psa
coconut_w_husk,Coconut (w/ husk),province,REGION VI (WESTERN VISAYAS),Capiz,Capiz,2011,90666.21,official_psa
coconut_w_husk,Coconut (w/ husk),province,REGION VI (WESTERN VISAYAS),Capiz,Capiz,2012,97890.63,official_psa
coconut_w_husk,Coconut (w/ husk),province,REGION VI (WESTERN VISAYAS),Capiz,Capiz,2013,91161.72,official_psa
coconut_w_husk,Coconut (w/ husk),province,REGION VI (WESTERN VISAYAS),Capiz,Capiz,2014,42580.25,official_psa
coconut_w_husk,Coconut (w/ husk),province,REGION VI (WESTERN VISAYAS),Capiz,Capiz,2015,64711.06,official_psa
coconut_w_husk,Coconut (w/ husk),province,REGION VI (WESTERN VISAYAS),Capiz,Capiz,2016,75260.15,official_psa
coconut_w_husk,Coconut (w/ husk),province,REGION VI (WESTERN VISAYAS),Capiz,Capiz,2017,76196.19,official_psa
coconut_w_husk,Coconut (w/ husk),province,REGION VI (WESTERN VISAYAS),Capiz,Capiz,2018,79315.07,official_psa
coconut_w_husk,Coconut (w/ husk),province,REGION VI (WESTERN VISAYAS),Capiz,Capiz,2019,88400.77,official_psa
coconut_w_husk,Coconut (w/ husk),province,REGION VI (WESTERN VISAYAS),Capiz,Capiz,2020,93138.76,official_psa
coconut_w_husk,Coconut (w/ husk),province,REGION VI (WESTERN VISAYAS),Capiz,Capiz,2021,101238.86,official_psa
coconut_w_husk,Coconut (w/ husk),province,REGION VI (WESTERN VISAYAS),Capiz,Capiz,2022,111840.41,official_psa
coconut_w_husk,Coconut (w/ husk),province,REGION VI (WESTERN VISAYAS),Capiz,Capiz,2023,115719.03,official_psa
coconut_w_husk,Coconut (w/ husk),province,REGION VI (WESTERN VISAYAS),Capiz,Capiz,2024,116739.73,official_psa
coconut_w_husk,Coconut (w/ husk),province,REGION VI (WESTERN VISAYAS),Capiz,Capiz,2025,122962.84,official_psa
coconut_w_husk,Coconut (w/ husk),province,REGION VI (WESTERN VISAYAS),Capiz,Capiz,2026,129626.52,estimated_gap
coconut_w_husk,Coconut (w/ husk),province,REGION VI (WESTERN VISAYAS),Guimaras,Guimaras,2010,24316.61,official_psa
coconut_w_husk,Coconut (w/ husk),province,REGION VI (WESTERN VISAYAS),Guimaras,Guimaras,2011,23763.16,official_psa
coconut_w_husk,Coconut (w/ husk),province,REGION VI (WESTERN VISAYAS),Guimaras,Guimaras,2012,26442.92,official_psa
coconut_w_husk,Coconut (w/ husk),province,REGION VI (WESTERN VISAYAS),Guimaras,Guimaras,2013,26674.95,official_psa
coconut_w_husk,Coconut (w/ husk),province,REGION VI (WESTERN VISAYAS),Guimaras,Guimaras,2014,27816.84,official_psa
coconut_w_husk,Coconut (w/ husk),province,REGION VI (WESTERN VISAYAS),Guimaras,Guimaras,2015,29908.58,official_psa
coconut_w_husk,Coconut (w/ husk),province,REGION VI (WESTERN VISAYAS),Guimaras,Guimaras,2016,29566.85,official_psa
coconut_w_husk,Coconut (w/ husk),province,REGION VI (WESTERN VISAYAS),Guimaras,Guimaras,2017,30677.29,official_psa
coconut_w_husk,Coconut (w/ husk),province,REGION VI (WESTERN VISAYAS),Guimaras,Guimaras,2018,33974.5,official_psa
coconut_w_husk,Coconut (w/ husk),province,REGION VI (WESTERN VISAYAS),Guimaras,Guimaras,2019,37179.6,official_psa
coconut_w_husk,Coconut (w/ husk),province,REGION VI (WESTERN VISAYAS),Guimaras,Guimaras,2020,38744.04,official_psa
coconut_w_husk,Coconut (w/ husk),province,REGION VI (WESTERN VISAYAS),Guimaras,Guimaras,2021,40865.83,official_psa
coconut_w_husk,Coconut (w/ husk),province,REGION VI (WESTERN VISAYAS),Guimaras,Guimaras,2022,42679.3,official_psa
coconut_w_husk,Coconut (w/ husk),province,REGION VI (WESTERN VISAYAS),Guimaras,Guimaras,2023,43884.29,official_psa
coconut_w_husk,Coconut (w/ husk),province,REGION VI (WESTERN VISAYAS),Guimaras,Guimaras,2024,43537.45,official_psa
coconut_w_husk,Coconut (w/ husk),province,REGION VI (WESTERN VISAYAS),Guimaras,Guimaras,2025,36991.57,official_psa
coconut_w_husk,Coconut (w/ husk),province,REGION VI (WESTERN VISAYAS),Guimaras,Guimaras,2026,40424.84,estimated_gap
coconut_w_husk,Coconut (w/ husk),province,REGION VI (WESTERN VISAYAS),Iloilo,Iloilo,2010,72403.21,official_psa
coconut_w_husk,Coconut (w/ husk),province,REGION VI (WESTERN VISAYAS),Iloilo,Iloilo,2011,56727.52,official_psa
coconut_w_husk,Coconut (w/ husk),province,REGION VI (WESTERN VISAYAS),Iloilo,Iloilo,2012,62449.17,official_psa
coconut_w_husk,Coconut (w/ husk),province,REGION VI (WESTERN VISAYAS),Iloilo,Iloilo,2013,67054.58,official_psa
coconut_w_husk,Coconut (w/ husk),province,REGION VI (WESTERN VISAYAS),Iloilo,Iloilo,2014,59152.37,official_psa
coconut_w_husk,Coconut (w/ husk),province,REGION VI (WESTERN VISAYAS),Iloilo,Iloilo,2015,68854.95,official_psa
coconut_w_husk,Coconut (w/ husk),province,REGION VI (WESTERN VISAYAS),Iloilo,Iloilo,2016,70257.95,official_psa
coconut_w_husk,Coconut (w/ husk),province,REGION VI (WESTERN VISAYAS),Iloilo,Iloilo,2017,72635.64,official_psa
coconut_w_husk,Coconut (w/ husk),province,REGION VI (WESTERN VISAYAS),Iloilo,Iloilo,2018,69380.0,official_psa
coconut_w_husk,Coconut (w/ husk),province,REGION VI (WESTERN VISAYAS),Iloilo,Iloilo,2019,68985.0,official_psa
coconut_w_husk,Coconut (w/ husk),province,REGION VI (WESTERN VISAYAS),Iloilo,Iloilo,2020,63580.2,official_psa
coconut_w_husk,Coconut (w/ husk),province,REGION VI (WESTERN VISAYAS),Iloilo,Iloilo,2021,69998.21,official_psa
coconut_w_husk,Coconut (w/ husk),province,REGION VI (WESTERN VISAYAS),Iloilo,Iloilo,2022,77360.54,official_psa
coconut_w_husk,Coconut (w/ husk),province,REGION VI (WESTERN VISAYAS),Iloilo,Iloilo,2023,83652.43,official_psa
coconut_w_husk,Coconut (w/ husk),province,REGION VI (WESTERN VISAYAS),Iloilo,Iloilo,2024,83155.91,official_psa
coconut_w_husk,Coconut (w/ husk),province,REGION VI (WESTERN VISAYAS),Iloilo,Iloilo,2025,86149.43,official_psa
coconut_w_husk,Coconut (w/ husk),province,REGION VI (WESTERN VISAYAS),Iloilo,Iloilo,2026,85065.28,estimated_gap
coconut_w_husk,Coconut (w/ husk),province,REGION VI (WESTERN VISAYAS),Negros Occidental,Negros Occidental,2010,108840.03,official_psa
coconut_w_husk,Coconut (w/ husk),province,REGION VI (WESTERN VISAYAS),Negros Occidental,Negros Occidental,2011,110464.42,official_psa
coconut_w_husk,Coconut (w/ husk),province,REGION VI (WESTERN VISAYAS),Negros Occidental,Negros Occidental,2012,110802.0,official_psa
coconut_w_husk,Coconut (w/ husk),province,REGION VI (WESTERN VISAYAS),Negros Occidental,Negros Occidental,2013,111717.86,official_psa
coconut_w_husk,Coconut (w/ husk),province,REGION VI (WESTERN VISAYAS),Negros Occidental,Negros Occidental,2014,113598.25,official_psa
coconut_w_husk,Coconut (w/ husk),province,REGION VI (WESTERN VISAYAS),Negros Occidental,Negros Occidental,2015,116341.31,official_psa
coconut_w_husk,Coconut (w/ husk),province,REGION VI (WESTERN VISAYAS),Negros Occidental,Negros Occidental,2016,124436.16,official_psa
coconut_w_husk,Coconut (w/ husk),province,REGION VI (WESTERN VISAYAS),Negros Occidental,Negros Occidental,2017,128435.19,official_psa
coconut_w_husk,Coconut (w/ husk),province,REGION VI (WESTERN VISAYAS),Negros Occidental,Negros Occidental,2018,129874.0,official_psa
coconut_w_husk,Coconut (w/ husk),province,REGION VI (WESTERN VISAYAS),Negros Occidental,Negros Occidental,2019,135931.0,official_psa
coconut_w_husk,Coconut (w/ husk),province,REGION VI (WESTERN VISAYAS),Negros Occidental,Negros Occidental,2020,136796.0,official_psa
coconut_w_husk,Coconut (w/ husk),province,REGION VI (WESTERN VISAYAS),Negros Occidental,Negros Occidental,2021,136349.0,official_psa
coconut_w_husk,Coconut (w/ husk),province,REGION VI (WESTERN VISAYAS),Negros Occidental,Negros Occidental,2022,136884.0,official_psa
coconut_w_husk,Coconut (w/ husk),province,REGION VI (WESTERN VISAYAS),Negros Occidental,Negros Occidental,2023,137626.6,official_psa
coconut_w_husk,Coconut (w/ husk),province,REGION VI (WESTERN VISAYAS),Negros Occidental,Negros Occidental,2024,136547.96,estimated_gap
coconut_w_husk,Coconut (w/ husk),province,REGION VI (WESTERN VISAYAS),Negros Occidental,Negros Occidental,2025,136613.98,estimated_gap
coconut_w_husk,Coconut (w/ husk),province,REGION VI (WESTERN VISAYAS),Negros Occidental,Negros Occidental,2026,136680.04,estimated_gap
coconut_w_husk,Coconut (w/ husk),region,NEGROS ISLAND REGION,,NEGROS ISLAND REGION,2010,284373.36,estimated_gap
coconut_w_husk,Coconut (w/ husk),region,NEGROS ISLAND REGION,,NEGROS ISLAND REGION,2011,284373.36,estimated_gap
coconut_w_husk,Coconut (w/ husk),region,NEGROS ISLAND REGION,,NEGROS ISLAND REGION,2012,284373.36,estimated_gap
coconut_w_husk,Coconut (w/ husk),region,NEGROS ISLAND REGION,,NEGROS ISLAND REGION,2013,284373.36,estimated_gap
coconut_w_husk,Coconut (w/ husk),region,NEGROS ISLAND REGION,,NEGROS ISLAND REGION,2014,284373.36,estimated_gap
coconut_w_husk,Coconut (w/ husk),region,NEGROS ISLAND REGION,,NEGROS ISLAND REGION,2015,284373.36,estimated_gap
coconut_w_husk,Coconut (w/ husk),region,NEGROS ISLAND REGION,,NEGROS ISLAND REGION,2016,284373.36,estimated_gap
coconut_w_husk,Coconut (w/ husk),region,NEGROS ISLAND REGION,,NEGROS ISLAND REGION,2017,284373.36,estimated_gap
coconut_w_husk,Coconut (w/ husk),region,NEGROS ISLAND REGION,,NEGROS ISLAND REGION,2018,284373.36,estimated_gap
coconut_w_husk,Coconut (w/ husk),region,NEGROS ISLAND REGION,,NEGROS ISLAND REGION,2019,284373.36,estimated_gap
coconut_w_husk,Coconut (w/ husk),region,NEGROS ISLAND REGION,,NEGROS ISLAND REGION,2020,284373.36,estimated_gap
coconut_w_husk,Coconut (w/ husk),region,NEGROS ISLAND REGION,,NEGROS ISLAND REGION,2021,284373.36,estimated_gap
coconut_w_husk,Coconut (w/ husk),region,NEGROS ISLAND REGION,,NEGROS ISLAND REGION,2022,284373.36,estimated_gap
coconut_w_husk,Coconut (w/ husk),region,NEGROS ISLAND REGION,,NEGROS ISLAND REGION,2023,284373.36,estimated_gap
coconut_w_husk,Coconut (w/ husk),region,NEGROS ISLAND REGION,,NEGROS ISLAND REGION,2024,284373.36,official_psa
coconut_w_husk,Coconut (w/ husk),region,NEGROS ISLAND REGION,,NEGROS ISLAND REGION,2025,261383.01,official_psa
coconut_w_husk,Coconut (w/ husk),region,NEGROS ISLAND REGION,,NEGROS ISLAND REGION,2026,243002.75,estimated_gap
coconut_w_husk,Coconut (w/ husk),province,NEGROS ISLAND REGION,Negros Occidental,Negros Occidental,2010,110464.42,estimated_gap
coconut_w_husk,Coconut (w/ husk),province,NEGROS ISLAND REGION,Negros Occidental,Negros Occidental,2011,110633.21,estimated_gap
coconut_w_husk,Coconut (w/ husk),province,NEGROS ISLAND REGION,Negros Occidental,Negros Occidental,2012,111175.54,estimated_gap
coconut_w_husk,Coconut (w/ husk),province,NEGROS ISLAND REGION,Negros Occidental,Negros Occidental,2013,112386.89,estimated_gap
coconut_w_husk,Coconut (w/ husk),province,NEGROS ISLAND REGION,Negros Occidental,Negros Occidental,2014,114364.1,estimated_gap
coconut_w_husk,Coconut (w/ husk),province,NEGROS ISLAND REGION,Negros Occidental,Negros Occidental,2015,119400.13,estimated_gap
coconut_w_husk,Coconut (w/ husk),province,NEGROS ISLAND REGION,Negros Occidental,Negros Occidental,2016,123917.66,estimated_gap
coconut_w_husk,Coconut (w/ husk),province,NEGROS ISLAND REGION,Negros Occidental,Negros Occidental,2017,126895.83,estimated_gap
coconut_w_husk,Coconut (w/ husk),province,NEGROS ISLAND REGION,Negros Occidental,Negros Occidental,2018,131413.42,estimated_gap
coconut_w_husk,Coconut (w/ husk),province,NEGROS ISLAND REGION,Negros Occidental,Negros Occidental,2019,134104.71,estimated_gap
coconut_w_husk,Coconut (w/ husk),province,NEGROS ISLAND REGION,Negros Occidental,Negros Occidental,2020,135226.85,estimated_gap
coconut_w_husk,Coconut (w/ husk),province,NEGROS ISLAND REGION,Negros Occidental,Negros Occidental,2021,136055.43,estimated_gap
coconut_w_husk,Coconut (w/ husk),province,NEGROS ISLAND REGION,Negros Occidental,Negros Occidental,2022,136841.01,estimated_gap
coconut_w_husk,Coconut (w/ husk),province,NEGROS ISLAND REGION,Negros Occidental,Negros Occidental,2023,136481.97,estimated_gap
coconut_w_husk,Coconut (w/ husk),province,NEGROS ISLAND REGION,Negros Occidental,Negros Occidental,2024,136122.92,official_psa
coconut_w_husk,Coconut (w/ husk),province,NEGROS ISLAND REGION,Negros Occidental,Negros Occidental,2025,136613.95,official_psa
coconut_w_husk,Coconut (w/ husk),province,NEGROS ISLAND REGION,Negros Occidental,Negros Occidental,2026,140351.41,estimated_gap
coconut_w_husk,Coconut (w/ husk),province,NEGROS ISLAND REGION,Negros Oriental,Negros Oriental,2010,173375.11,estimated_gap
coconut_w_husk,Coconut (w/ husk),province,NEGROS ISLAND REGION,Negros Oriental,Negros Oriental,2011,168793.95,estimated_gap
coconut_w_husk,Coconut (w/ husk),province,NEGROS ISLAND REGION,Negros Oriental,Negros Oriental,2012,165775.63,estimated_gap
coconut_w_husk,Coconut (w/ husk),province,NEGROS ISLAND REGION,Negros Oriental,Negros Oriental,2013,161229.99,estimated_gap
coconut_w_husk,Coconut (w/ husk),province,NEGROS ISLAND REGION,Negros Oriental,Negros Oriental,2014,159602.08,estimated_gap
coconut_w_husk,Coconut (w/ husk),province,NEGROS ISLAND REGION,Negros Oriental,Negros Oriental,2015,150890.26,estimated_gap
coconut_w_husk,Coconut (w/ husk),province,NEGROS ISLAND REGION,Negros Oriental,Negros Oriental,2016,150135.98,estimated_gap
coconut_w_husk,Coconut (w/ husk),province,NEGROS ISLAND REGION,Negros Oriental,Negros Oriental,2017,151592.85,estimated_gap
coconut_w_husk,Coconut (w/ husk),province,NEGROS ISLAND REGION,Negros Oriental,Negros Oriental,2018,151614.18,estimated_gap
coconut_w_husk,Coconut (w/ husk),province,NEGROS ISLAND REGION,Negros Oriental,Negros Oriental,2019,143926.44,estimated_gap
coconut_w_husk,Coconut (w/ husk),province,NEGROS ISLAND REGION,Negros Oriental,Negros Oriental,2020,151124.3,estimated_gap
coconut_w_husk,Coconut (w/ husk),province,NEGROS ISLAND REGION,Negros Oriental,Negros Oriental,2021,140931.05,estimated_gap
coconut_w_husk,Coconut (w/ husk),province,NEGROS ISLAND REGION,Negros Oriental,Negros Oriental,2022,156846.5,estimated_gap
coconut_w_husk,Coconut (w/ husk),province,NEGROS ISLAND REGION,Negros Oriental,Negros Oriental,2023,147963.24,estimated_gap
coconut_w_husk,Coconut (w/ husk),province,NEGROS ISLAND REGION,Negros Oriental,Negros Oriental,2024,139079.97,official_psa
coconut_w_husk,Coconut (w/ husk),province,NEGROS ISLAND REGION,Negros Oriental,Negros Oriental,2025,115884.67,official_psa
coconut_w_husk,Coconut (w/ husk),province,NEGROS ISLAND REGION,Negros Oriental,Negros Oriental,2026,79274.9,estimated_gap
coconut_w_husk,Coconut (w/ husk),province,NEGROS ISLAND REGION,Siquijor,Siquijor,2010,10528.47,estimated_gap
coconut_w_husk,Coconut (w/ husk),province,NEGROS ISLAND REGION,Siquijor,Siquijor,2011,10814.3,estimated_gap
coconut_w_husk,Coconut (w/ husk),province,NEGROS ISLAND REGION,Siquijor,Siquijor,2012,10535.61,estimated_gap
coconut_w_husk,Coconut (w/ husk),province,NEGROS ISLAND REGION,Siquijor,Siquijor,2013,10456.29,estimated_gap
coconut_w_husk,Coconut (w/ husk),province,NEGROS ISLAND REGION,Siquijor,Siquijor,2014,10511.28,estimated_gap
coconut_w_husk,Coconut (w/ husk),province,NEGROS ISLAND REGION,Siquijor,Siquijor,2015,9679.34,estimated_gap
coconut_w_husk,Coconut (w/ husk),province,NEGROS ISLAND REGION,Siquijor,Siquijor,2016,9533.57,estimated_gap
coconut_w_husk,Coconut (w/ husk),province,NEGROS ISLAND REGION,Siquijor,Siquijor,2017,9462.35,estimated_gap
coconut_w_husk,Coconut (w/ husk),province,NEGROS ISLAND REGION,Siquijor,Siquijor,2018,9110.1,estimated_gap
coconut_w_husk,Coconut (w/ husk),province,NEGROS ISLAND REGION,Siquijor,Siquijor,2019,8744.35,estimated_gap
coconut_w_husk,Coconut (w/ husk),province,NEGROS ISLAND REGION,Siquijor,Siquijor,2020,8761.05,estimated_gap
coconut_w_husk,Coconut (w/ husk),province,NEGROS ISLAND REGION,Siquijor,Siquijor,2021,8498.58,estimated_gap
coconut_w_husk,Coconut (w/ husk),province,NEGROS ISLAND REGION,Siquijor,Siquijor,2022,8472.52,estimated_gap
coconut_w_husk,Coconut (w/ husk),province,NEGROS ISLAND REGION,Siquijor,Siquijor,2023,8821.49,estimated_gap
coconut_w_husk,Coconut (w/ husk),province,NEGROS ISLAND REGION,Siquijor,Siquijor,2024,9170.47,official_psa
coconut_w_husk,Coconut (w/ husk),province,NEGROS ISLAND REGION,Siquijor,Siquijor,2025,8884.39,official_psa
coconut_w_husk,Coconut (w/ husk),province,NEGROS ISLAND REGION,Siquijor,Siquijor,2026,8897.04,estimated_gap
coconut_w_husk,Coconut (w/ husk),province,NEGROS ISLAND REGION,City of Bacolod,City of Bacolod,2010,7420.66,estimated_gap
coconut_w_husk,Coconut (w/ husk),province,NEGROS ISLAND REGION,City of Bacolod,City of Bacolod,2011,7420.66,estimated_gap
coconut_w_husk,Coconut (w/ husk),province,NEGROS ISLAND REGION,City of Bacolod,City of Bacolod,2012,7420.66,estimated_gap
coconut_w_husk,Coconut (w/ husk),province,NEGROS ISLAND REGION,City of Bacolod,City of Bacolod,2013,7420.66,estimated_gap
coconut_w_husk,Coconut (w/ husk),province,NEGROS ISLAND REGION,City of Bacolod,City of Bacolod,2014,7420.66,estimated_gap
coconut_w_husk,Coconut (w/ husk),province,NEGROS ISLAND REGION,City of Bacolod,City of Bacolod,2015,7420.66,estimated_gap
coconut_w_husk,Coconut (w/ husk),province,NEGROS ISLAND REGION,City of Bacolod,City of Bacolod,2016,7420.66,estimated_gap
coconut_w_husk,Coconut (w/ husk),province,NEGROS ISLAND REGION,City of Bacolod,City of Bacolod,2017,7420.66,estimated_gap
coconut_w_husk,Coconut (w/ husk),province,NEGROS ISLAND REGION,City of Bacolod,City of Bacolod,2018,7420.66,estimated_gap
coconut_w_husk,Coconut (w/ husk),province,NEGROS ISLAND REGION,City of Bacolod,City of Bacolod,2019,7420.66,estimated_gap
coconut_w_husk,Coconut (w/ husk),province,NEGROS ISLAND REGION,City of Bacolod,City of Bacolod,2020,7420.66,estimated_gap
coconut_w_husk,Coconut (w/ husk),province,NEGROS ISLAND REGION,City of Bacolod,City of Bacolod,2021,7420.66,estimated_gap
coconut_w_husk,Coconut (w/ husk),province,NEGROS ISLAND REGION,City of Bacolod,City of Bacolod,2022,7420.66,estimated_gap
coconut_w_husk,Coconut (w/ husk),province,NEGROS ISLAND REGION,City of Bacolod,City of Bacolod,2023,7420.66,estimated_gap
coconut_w_husk,Coconut (w/ husk),province,NEGROS ISLAND REGION,City of Bacolod,City of Bacolod,2024,7420.66,official_psa
coconut_w_husk,Coconut (w/ husk),province,NEGROS ISLAND REGION,City of Bacolod,City of Bacolod,2025,7420.66,estimated_gap
coconut_w_husk,Coconut (w/ husk),province,NEGROS ISLAND REGION,City of Bacolod,City of Bacolod,2026,4.5,estimated_gap
coconut_w_husk,Coconut (w/ husk),region,REGION VII (CENTRAL VISAYAS),,REGION VII (CENTRAL VISAYAS),2010,429717.04,official_psa
coconut_w_husk,Coconut (w/ husk),region,REGION VII (CENTRAL VISAYAS),,REGION VII (CENTRAL VISAYAS),2011,438266.53,official_psa
coconut_w_husk,Coconut (w/ husk),region,REGION VII (CENTRAL VISAYAS),,REGION VII (CENTRAL VISAYAS),2012,451036.96,official_psa
coconut_w_husk,Coconut (w/ husk),region,REGION VII (CENTRAL VISAYAS),,REGION VII (CENTRAL VISAYAS),2013,458992.52,official_psa
coconut_w_husk,Coconut (w/ husk),region,REGION VII (CENTRAL VISAYAS),,REGION VII (CENTRAL VISAYAS),2014,448110.88,official_psa
coconut_w_husk,Coconut (w/ husk),region,REGION VII (CENTRAL VISAYAS),,REGION VII (CENTRAL VISAYAS),2015,432042.79,official_psa
coconut_w_husk,Coconut (w/ husk),region,REGION VII (CENTRAL VISAYAS),,REGION VII (CENTRAL VISAYAS),2016,403757.73,official_psa
coconut_w_husk,Coconut (w/ husk),region,REGION VII (CENTRAL VISAYAS),,REGION VII (CENTRAL VISAYAS),2017,433182.42,official_psa
coconut_w_husk,Coconut (w/ husk),region,REGION VII (CENTRAL VISAYAS),,REGION VII (CENTRAL VISAYAS),2018,445357.65,official_psa
coconut_w_husk,Coconut (w/ husk),region,REGION VII (CENTRAL VISAYAS),,REGION VII (CENTRAL VISAYAS),2019,422514.26,official_psa
coconut_w_husk,Coconut (w/ husk),region,REGION VII (CENTRAL VISAYAS),,REGION VII (CENTRAL VISAYAS),2020,388543.41,official_psa
coconut_w_husk,Coconut (w/ husk),region,REGION VII (CENTRAL VISAYAS),,REGION VII (CENTRAL VISAYAS),2021,411696.83,official_psa
coconut_w_husk,Coconut (w/ husk),region,REGION VII (CENTRAL VISAYAS),,REGION VII (CENTRAL VISAYAS),2022,300047.09,official_psa
coconut_w_husk,Coconut (w/ husk),region,REGION VII (CENTRAL VISAYAS),,REGION VII (CENTRAL VISAYAS),2023,410285.66,official_psa
coconut_w_husk,Coconut (w/ husk),region,REGION VII (CENTRAL VISAYAS),,REGION VII (CENTRAL VISAYAS),2024,231163.24,official_psa
coconut_w_husk,Coconut (w/ husk),region,REGION VII (CENTRAL VISAYAS),,REGION VII (CENTRAL VISAYAS),2025,223992.43,official_psa
coconut_w_husk,Coconut (w/ husk),region,REGION VII (CENTRAL VISAYAS),,REGION VII (CENTRAL VISAYAS),2026,211419.8,estimated_gap
coconut_w_husk,Coconut (w/ husk),province,REGION VII (CENTRAL VISAYAS),Bohol,Bohol,2010,183846.67,official_psa
coconut_w_husk,Coconut (w/ husk),province,REGION VII (CENTRAL VISAYAS),Bohol,Bohol,2011,158668.3,official_psa
coconut_w_husk,Coconut (w/ husk),province,REGION VII (CENTRAL VISAYAS),Bohol,Bohol,2012,165853.66,official_psa
coconut_w_husk,Coconut (w/ husk),province,REGION VII (CENTRAL VISAYAS),Bohol,Bohol,2013,172697.92,official_psa
coconut_w_husk,Coconut (w/ husk),province,REGION VII (CENTRAL VISAYAS),Bohol,Bohol,2014,177573.35,official_psa
coconut_w_husk,Coconut (w/ husk),province,REGION VII (CENTRAL VISAYAS),Bohol,Bohol,2015,156619.95,official_psa
coconut_w_husk,Coconut (w/ husk),province,REGION VII (CENTRAL VISAYAS),Bohol,Bohol,2016,145029.28,official_psa
coconut_w_husk,Coconut (w/ husk),province,REGION VII (CENTRAL VISAYAS),Bohol,Bohol,2017,163033.84,official_psa
coconut_w_husk,Coconut (w/ husk),province,REGION VII (CENTRAL VISAYAS),Bohol,Bohol,2018,170292.79,official_psa
coconut_w_husk,Coconut (w/ husk),province,REGION VII (CENTRAL VISAYAS),Bohol,Bohol,2019,150473.73,official_psa
coconut_w_husk,Coconut (w/ husk),province,REGION VII (CENTRAL VISAYAS),Bohol,Bohol,2020,134651.52,official_psa
coconut_w_husk,Coconut (w/ husk),province,REGION VII (CENTRAL VISAYAS),Bohol,Bohol,2021,131842.92,official_psa
coconut_w_husk,Coconut (w/ husk),province,REGION VII (CENTRAL VISAYAS),Bohol,Bohol,2022,74773.17,official_psa
coconut_w_husk,Coconut (w/ husk),province,REGION VII (CENTRAL VISAYAS),Bohol,Bohol,2023,127853.98,official_psa
coconut_w_husk,Coconut (w/ husk),province,REGION VII (CENTRAL VISAYAS),Bohol,Bohol,2024,141009.92,official_psa
coconut_w_husk,Coconut (w/ husk),province,REGION VII (CENTRAL VISAYAS),Bohol,Bohol,2025,134731.35,official_psa
coconut_w_husk,Coconut (w/ husk),province,REGION VII (CENTRAL VISAYAS),Bohol,Bohol,2026,109749.97,estimated_gap
coconut_w_husk,Coconut (w/ husk),province,REGION VII (CENTRAL VISAYAS),Cebu,Cebu,2010,87927.18,official_psa
coconut_w_husk,Coconut (w/ husk),province,REGION VII (CENTRAL VISAYAS),Cebu,Cebu,2011,95694.65,official_psa
coconut_w_husk,Coconut (w/ husk),province,REGION VII (CENTRAL VISAYAS),Cebu,Cebu,2012,109870.37,official_psa
coconut_w_husk,Coconut (w/ husk),province,REGION VII (CENTRAL VISAYAS),Cebu,Cebu,2013,113280.37,official_psa
coconut_w_husk,Coconut (w/ husk),province,REGION VII (CENTRAL VISAYAS),Cebu,Cebu,2014,103476.22,official_psa
coconut_w_husk,Coconut (w/ husk),province,REGION VII (CENTRAL VISAYAS),Cebu,Cebu,2015,106882.4,official_psa
coconut_w_husk,Coconut (w/ husk),province,REGION VII (CENTRAL VISAYAS),Cebu,Cebu,2016,107702.61,official_psa
coconut_w_husk,Coconut (w/ husk),province,REGION VII (CENTRAL VISAYAS),Cebu,Cebu,2017,111379.07,official_psa
coconut_w_husk,Coconut (w/ husk),province,REGION VII (CENTRAL VISAYAS),Cebu,Cebu,2018,112624.03,official_psa
coconut_w_husk,Coconut (w/ husk),province,REGION VII (CENTRAL VISAYAS),Cebu,Cebu,2019,111647.16,official_psa
coconut_w_husk,Coconut (w/ husk),province,REGION VII (CENTRAL VISAYAS),Cebu,Cebu,2020,109274.6,official_psa
coconut_w_husk,Coconut (w/ husk),province,REGION VII (CENTRAL VISAYAS),Cebu,Cebu,2021,112754.0,official_psa
coconut_w_husk,Coconut (w/ husk),province,REGION VII (CENTRAL VISAYAS),Cebu,Cebu,2022,86300.0,official_psa
coconut_w_husk,Coconut (w/ husk),province,REGION VII (CENTRAL VISAYAS),Cebu,Cebu,2023,101223.28,official_psa
coconut_w_husk,Coconut (w/ husk),province,REGION VII (CENTRAL VISAYAS),Cebu,Cebu,2024,90153.32,official_psa
coconut_w_husk,Coconut (w/ husk),province,REGION VII (CENTRAL VISAYAS),Cebu,Cebu,2025,89261.08,official_psa
coconut_w_husk,Coconut (w/ husk),province,REGION VII (CENTRAL VISAYAS),Cebu,Cebu,2026,69977.22,estimated_gap
coconut_w_husk,Coconut (w/ husk),province,REGION VII (CENTRAL VISAYAS),Negros Oriental,Negros Oriental,2010,147810.91,official_psa
coconut_w_husk,Coconut (w/ husk),province,REGION VII (CENTRAL VISAYAS),Negros Oriental,Negros Oriental,2011,173375.11,official_psa
coconut_w_husk,Coconut (w/ husk),province,REGION VII (CENTRAL VISAYAS),Negros Oriental,Negros Oriental,2012,164212.8,official_psa
coconut_w_husk,Coconut (w/ husk),province,REGION VII (CENTRAL VISAYAS),Negros Oriental,Negros Oriental,2013,162757.31,official_psa
coconut_w_husk,Coconut (w/ husk),province,REGION VII (CENTRAL VISAYAS),Negros Oriental,Negros Oriental,2014,156684.34,official_psa
coconut_w_husk,Coconut (w/ husk),province,REGION VII (CENTRAL VISAYAS),Negros Oriental,Negros Oriental,2015,157974.17,official_psa
coconut_w_husk,Coconut (w/ husk),province,REGION VII (CENTRAL VISAYAS),Negros Oriental,Negros Oriental,2016,142178.44,official_psa
coconut_w_husk,Coconut (w/ husk),province,REGION VII (CENTRAL VISAYAS),Negros Oriental,Negros Oriental,2017,149381.71,official_psa
coconut_w_husk,Coconut (w/ husk),province,REGION VII (CENTRAL VISAYAS),Negros Oriental,Negros Oriental,2018,153049.71,official_psa
coconut_w_husk,Coconut (w/ husk),province,REGION VII (CENTRAL VISAYAS),Negros Oriental,Negros Oriental,2019,151635.51,official_psa
coconut_w_husk,Coconut (w/ husk),province,REGION VII (CENTRAL VISAYAS),Negros Oriental,Negros Oriental,2020,136238.7,official_psa
coconut_w_husk,Coconut (w/ husk),province,REGION VII (CENTRAL VISAYAS),Negros Oriental,Negros Oriental,2021,158322.16,official_psa
coconut_w_husk,Coconut (w/ husk),province,REGION VII (CENTRAL VISAYAS),Negros Oriental,Negros Oriental,2022,130737.81,official_psa
coconut_w_husk,Coconut (w/ husk),province,REGION VII (CENTRAL VISAYAS),Negros Oriental,Negros Oriental,2023,172761.95,official_psa
coconut_w_husk,Coconut (w/ husk),province,REGION VII (CENTRAL VISAYAS),Negros Oriental,Negros Oriental,2024,131923.95,estimated_gap
coconut_w_husk,Coconut (w/ husk),province,REGION VII (CENTRAL VISAYAS),Negros Oriental,Negros Oriental,2025,117623.34,estimated_gap
coconut_w_husk,Coconut (w/ husk),province,REGION VII (CENTRAL VISAYAS),Negros Oriental,Negros Oriental,2026,104872.91,estimated_gap
coconut_w_husk,Coconut (w/ husk),province,REGION VII (CENTRAL VISAYAS),Siquijor,Siquijor,2010,10132.28,official_psa
coconut_w_husk,Coconut (w/ husk),province,REGION VII (CENTRAL VISAYAS),Siquijor,Siquijor,2011,10528.47,official_psa
coconut_w_husk,Coconut (w/ husk),province,REGION VII (CENTRAL VISAYAS),Siquijor,Siquijor,2012,11100.13,official_psa
coconut_w_husk,Coconut (w/ husk),province,REGION VII (CENTRAL VISAYAS),Siquijor,Siquijor,2013,10256.92,official_psa
coconut_w_husk,Coconut (w/ husk),province,REGION VII (CENTRAL VISAYAS),Siquijor,Siquijor,2014,10376.97,official_psa
coconut_w_husk,Coconut (w/ husk),province,REGION VII (CENTRAL VISAYAS),Siquijor,Siquijor,2015,10566.27,official_psa
coconut_w_husk,Coconut (w/ husk),province,REGION VII (CENTRAL VISAYAS),Siquijor,Siquijor,2016,8847.4,official_psa
coconut_w_husk,Coconut (w/ husk),province,REGION VII (CENTRAL VISAYAS),Siquijor,Siquijor,2017,9387.8,official_psa
coconut_w_husk,Coconut (w/ husk),province,REGION VII (CENTRAL VISAYAS),Siquijor,Siquijor,2018,9391.12,official_psa
coconut_w_husk,Coconut (w/ husk),province,REGION VII (CENTRAL VISAYAS),Siquijor,Siquijor,2019,8757.86,official_psa
coconut_w_husk,Coconut (w/ husk),province,REGION VII (CENTRAL VISAYAS),Siquijor,Siquijor,2020,8378.59,official_psa
coconut_w_husk,Coconut (w/ husk),province,REGION VII (CENTRAL VISAYAS),Siquijor,Siquijor,2021,8777.75,official_psa
coconut_w_husk,Coconut (w/ husk),province,REGION VII (CENTRAL VISAYAS),Siquijor,Siquijor,2022,8236.11,official_psa
coconut_w_husk,Coconut (w/ husk),province,REGION VII (CENTRAL VISAYAS),Siquijor,Siquijor,2023,8446.46,official_psa
coconut_w_husk,Coconut (w/ husk),province,REGION VII (CENTRAL VISAYAS),Siquijor,Siquijor,2024,8852.94,estimated_gap
coconut_w_husk,Coconut (w/ husk),province,REGION VII (CENTRAL VISAYAS),Siquijor,Siquijor,2025,8884.5,estimated_gap
coconut_w_husk,Coconut (w/ husk),province,REGION VII (CENTRAL VISAYAS),Siquijor,Siquijor,2026,8916.17,estimated_gap
coconut_w_husk,Coconut (w/ husk),region,REGION VIII (EASTERN VISAYAS),,REGION VIII (EASTERN VISAYAS),2010,1769081.84,official_psa
coconut_w_husk,Coconut (w/ husk),region,REGION VIII (EASTERN VISAYAS),,REGION VIII (EASTERN VISAYAS),2011,1769951.5,official_psa
coconut_w_husk,Coconut (w/ husk),region,REGION VIII (EASTERN VISAYAS),,REGION VIII (EASTERN VISAYAS),2012,1771459.42,official_psa
coconut_w_husk,Coconut (w/ husk),region,REGION VIII (EASTERN VISAYAS),,REGION VIII (EASTERN VISAYAS),2013,1623585.95,official_psa
coconut_w_husk,Coconut (w/ husk),region,REGION VIII (EASTERN VISAYAS),,REGION VIII (EASTERN VISAYAS),2014,1191923.25,official_psa
coconut_w_husk,Coconut (w/ husk),region,REGION VIII (EASTERN VISAYAS),,REGION VIII (EASTERN VISAYAS),2015,1165867.0,official_psa
coconut_w_husk,Coconut (w/ husk),region,REGION VIII (EASTERN VISAYAS),,REGION VIII (EASTERN VISAYAS),2016,1072665.98,official_psa
coconut_w_husk,Coconut (w/ husk),region,REGION VIII (EASTERN VISAYAS),,REGION VIII (EASTERN VISAYAS),2017,1087566.87,official_psa
coconut_w_husk,Coconut (w/ husk),region,REGION VIII (EASTERN VISAYAS),,REGION VIII (EASTERN VISAYAS),2018,1095947.84,official_psa
coconut_w_husk,Coconut (w/ husk),region,REGION VIII (EASTERN VISAYAS),,REGION VIII (EASTERN VISAYAS),2019,1123802.1,official_psa
coconut_w_husk,Coconut (w/ husk),region,REGION VIII (EASTERN VISAYAS),,REGION VIII (EASTERN VISAYAS),2020,1099650.29,official_psa
coconut_w_husk,Coconut (w/ husk),region,REGION VIII (EASTERN VISAYAS),,REGION VIII (EASTERN VISAYAS),2021,1115775.39,official_psa
coconut_w_husk,Coconut (w/ husk),region,REGION VIII (EASTERN VISAYAS),,REGION VIII (EASTERN VISAYAS),2022,1114666.79,official_psa
coconut_w_husk,Coconut (w/ husk),region,REGION VIII (EASTERN VISAYAS),,REGION VIII (EASTERN VISAYAS),2023,1189077.03,official_psa
coconut_w_husk,Coconut (w/ husk),region,REGION VIII (EASTERN VISAYAS),,REGION VIII (EASTERN VISAYAS),2024,1189665.28,official_psa
coconut_w_husk,Coconut (w/ husk),region,REGION VIII (EASTERN VISAYAS),,REGION VIII (EASTERN VISAYAS),2025,1160691.34,official_psa
coconut_w_husk,Coconut (w/ husk),region,REGION VIII (EASTERN VISAYAS),,REGION VIII (EASTERN VISAYAS),2026,1089687.74,estimated_gap
coconut_w_husk,Coconut (w/ husk),province,REGION VIII (EASTERN VISAYAS),Biliran,Biliran,2010,57358.46,official_psa
coconut_w_husk,Coconut (w/ husk),province,REGION VIII (EASTERN VISAYAS),Biliran,Biliran,2011,58455.69,official_psa
coconut_w_husk,Coconut (w/ husk),province,REGION VIII (EASTERN VISAYAS),Biliran,Biliran,2012,58990.37,official_psa
coconut_w_husk,Coconut (w/ husk),province,REGION VIII (EASTERN VISAYAS),Biliran,Biliran,2013,61416.54,official_psa
coconut_w_husk,Coconut (w/ husk),province,REGION VIII (EASTERN VISAYAS),Biliran,Biliran,2014,51051.25,official_psa
coconut_w_husk,Coconut (w/ husk),province,REGION VIII (EASTERN VISAYAS),Biliran,Biliran,2015,51104.7,official_psa
coconut_w_husk,Coconut (w/ husk),province,REGION VIII (EASTERN VISAYAS),Biliran,Biliran,2016,51221.0,official_psa
coconut_w_husk,Coconut (w/ husk),province,REGION VIII (EASTERN VISAYAS),Biliran,Biliran,2017,52349.0,official_psa
coconut_w_husk,Coconut (w/ husk),province,REGION VIII (EASTERN VISAYAS),Biliran,Biliran,2018,49412.7,official_psa
coconut_w_husk,Coconut (w/ husk),province,REGION VIII (EASTERN VISAYAS),Biliran,Biliran,2019,48785.0,official_psa
coconut_w_husk,Coconut (w/ husk),province,REGION VIII (EASTERN VISAYAS),Biliran,Biliran,2020,48909.0,official_psa
coconut_w_husk,Coconut (w/ husk),province,REGION VIII (EASTERN VISAYAS),Biliran,Biliran,2021,51955.83,official_psa
coconut_w_husk,Coconut (w/ husk),province,REGION VIII (EASTERN VISAYAS),Biliran,Biliran,2022,52473.95,official_psa
coconut_w_husk,Coconut (w/ husk),province,REGION VIII (EASTERN VISAYAS),Biliran,Biliran,2023,54928.7,official_psa
coconut_w_husk,Coconut (w/ husk),province,REGION VIII (EASTERN VISAYAS),Biliran,Biliran,2024,50410.95,official_psa
coconut_w_husk,Coconut (w/ husk),province,REGION VIII (EASTERN VISAYAS),Biliran,Biliran,2025,46956.4,official_psa
coconut_w_husk,Coconut (w/ husk),province,REGION VIII (EASTERN VISAYAS),Biliran,Biliran,2026,50600.3,estimated_gap
coconut_w_husk,Coconut (w/ husk),province,REGION VIII (EASTERN VISAYAS),Eastern Samar,Eastern Samar,2010,274596.27,official_psa
coconut_w_husk,Coconut (w/ husk),province,REGION VIII (EASTERN VISAYAS),Eastern Samar,Eastern Samar,2011,274836.85,official_psa
coconut_w_husk,Coconut (w/ husk),province,REGION VIII (EASTERN VISAYAS),Eastern Samar,Eastern Samar,2012,274851.84,official_psa
coconut_w_husk,Coconut (w/ husk),province,REGION VIII (EASTERN VISAYAS),Eastern Samar,Eastern Samar,2013,265987.39,official_psa
coconut_w_husk,Coconut (w/ husk),province,REGION VIII (EASTERN VISAYAS),Eastern Samar,Eastern Samar,2014,189661.16,official_psa
coconut_w_husk,Coconut (w/ husk),province,REGION VIII (EASTERN VISAYAS),Eastern Samar,Eastern Samar,2015,158234.89,official_psa
coconut_w_husk,Coconut (w/ husk),province,REGION VIII (EASTERN VISAYAS),Eastern Samar,Eastern Samar,2016,156959.18,official_psa
coconut_w_husk,Coconut (w/ husk),province,REGION VIII (EASTERN VISAYAS),Eastern Samar,Eastern Samar,2017,166997.76,official_psa
coconut_w_husk,Coconut (w/ husk),province,REGION VIII (EASTERN VISAYAS),Eastern Samar,Eastern Samar,2018,168855.8,official_psa
coconut_w_husk,Coconut (w/ husk),province,REGION VIII (EASTERN VISAYAS),Eastern Samar,Eastern Samar,2019,174533.7,official_psa
coconut_w_husk,Coconut (w/ husk),province,REGION VIII (EASTERN VISAYAS),Eastern Samar,Eastern Samar,2020,157159.75,official_psa
coconut_w_husk,Coconut (w/ husk),province,REGION VIII (EASTERN VISAYAS),Eastern Samar,Eastern Samar,2021,151168.64,official_psa
coconut_w_husk,Coconut (w/ husk),province,REGION VIII (EASTERN VISAYAS),Eastern Samar,Eastern Samar,2022,155688.59,official_psa
coconut_w_husk,Coconut (w/ husk),province,REGION VIII (EASTERN VISAYAS),Eastern Samar,Eastern Samar,2023,194356.88,official_psa
coconut_w_husk,Coconut (w/ husk),province,REGION VIII (EASTERN VISAYAS),Eastern Samar,Eastern Samar,2024,203890.67,official_psa
coconut_w_husk,Coconut (w/ husk),province,REGION VIII (EASTERN VISAYAS),Eastern Samar,Eastern Samar,2025,199778.68,official_psa
coconut_w_husk,Coconut (w/ husk),province,REGION VIII (EASTERN VISAYAS),Eastern Samar,Eastern Samar,2026,205256.4,estimated_gap
coconut_w_husk,Coconut (w/ husk),province,REGION VIII (EASTERN VISAYAS),Leyte,Leyte,2010,688922.16,official_psa
coconut_w_husk,Coconut (w/ husk),province,REGION VIII (EASTERN VISAYAS),Leyte,Leyte,2011,680139.83,official_psa
coconut_w_husk,Coconut (w/ husk),province,REGION VIII (EASTERN VISAYAS),Leyte,Leyte,2012,676021.06,official_psa
coconut_w_husk,Coconut (w/ husk),province,REGION VIII (EASTERN VISAYAS),Leyte,Leyte,2013,526558.75,official_psa
coconut_w_husk,Coconut (w/ husk),province,REGION VIII (EASTERN VISAYAS),Leyte,Leyte,2014,194050.24,official_psa
coconut_w_husk,Coconut (w/ husk),province,REGION VIII (EASTERN VISAYAS),Leyte,Leyte,2015,201123.11,official_psa
coconut_w_husk,Coconut (w/ husk),province,REGION VIII (EASTERN VISAYAS),Leyte,Leyte,2016,206702.35,official_psa
coconut_w_husk,Coconut (w/ husk),province,REGION VIII (EASTERN VISAYAS),Leyte,Leyte,2017,205705.87,official_psa
coconut_w_husk,Coconut (w/ husk),province,REGION VIII (EASTERN VISAYAS),Leyte,Leyte,2018,207463.79,official_psa
coconut_w_husk,Coconut (w/ husk),province,REGION VIII (EASTERN VISAYAS),Leyte,Leyte,2019,226710.08,official_psa
coconut_w_husk,Coconut (w/ husk),province,REGION VIII (EASTERN VISAYAS),Leyte,Leyte,2020,216786.63,official_psa
coconut_w_husk,Coconut (w/ husk),province,REGION VIII (EASTERN VISAYAS),Leyte,Leyte,2021,222743.55,official_psa
coconut_w_husk,Coconut (w/ husk),province,REGION VIII (EASTERN VISAYAS),Leyte,Leyte,2022,234663.83,official_psa
coconut_w_husk,Coconut (w/ husk),province,REGION VIII (EASTERN VISAYAS),Leyte,Leyte,2023,239627.94,official_psa
coconut_w_husk,Coconut (w/ husk),province,REGION VIII (EASTERN VISAYAS),Leyte,Leyte,2024,238894.02,official_psa
coconut_w_husk,Coconut (w/ husk),province,REGION VIII (EASTERN VISAYAS),Leyte,Leyte,2025,239305.0,official_psa
coconut_w_husk,Coconut (w/ husk),province,REGION VIII (EASTERN VISAYAS),Leyte,Leyte,2026,167744.41,estimated_gap
coconut_w_husk,Coconut (w/ husk),province,REGION VIII (EASTERN VISAYAS),Northern Samar,Northern Samar,2010,327894.95,official_psa
coconut_w_husk,Coconut (w/ husk),province,REGION VIII (EASTERN VISAYAS),Northern Samar,Northern Samar,2011,337690.13,official_psa
coconut_w_husk,Coconut (w/ husk),province,REGION VIII (EASTERN VISAYAS),Northern Samar,Northern Samar,2012,345208.89,official_psa
coconut_w_husk,Coconut (w/ husk),province,REGION VIII (EASTERN VISAYAS),Northern Samar,Northern Samar,2013,355708.97,official_psa
coconut_w_husk,Coconut (w/ husk),province,REGION VIII (EASTERN VISAYAS),Northern Samar,Northern Samar,2014,366401.18,official_psa
coconut_w_husk,Coconut (w/ husk),province,REGION VIII (EASTERN VISAYAS),Northern Samar,Northern Samar,2015,362524.55,official_psa
coconut_w_husk,Coconut (w/ husk),province,REGION VIII (EASTERN VISAYAS),Northern Samar,Northern Samar,2016,269928.45,official_psa
coconut_w_husk,Coconut (w/ husk),province,REGION VIII (EASTERN VISAYAS),Northern Samar,Northern Samar,2017,268711.65,official_psa
coconut_w_husk,Coconut (w/ husk),province,REGION VIII (EASTERN VISAYAS),Northern Samar,Northern Samar,2018,269848.1,official_psa
coconut_w_husk,Coconut (w/ husk),province,REGION VIII (EASTERN VISAYAS),Northern Samar,Northern Samar,2019,272526.53,official_psa
coconut_w_husk,Coconut (w/ husk),province,REGION VIII (EASTERN VISAYAS),Northern Samar,Northern Samar,2020,261521.75,official_psa
coconut_w_husk,Coconut (w/ husk),province,REGION VIII (EASTERN VISAYAS),Northern Samar,Northern Samar,2021,261506.54,official_psa
coconut_w_husk,Coconut (w/ husk),province,REGION VIII (EASTERN VISAYAS),Northern Samar,Northern Samar,2022,261960.81,official_psa
coconut_w_husk,Coconut (w/ husk),province,REGION VIII (EASTERN VISAYAS),Northern Samar,Northern Samar,2023,264631.33,official_psa
coconut_w_husk,Coconut (w/ husk),province,REGION VIII (EASTERN VISAYAS),Northern Samar,Northern Samar,2024,265188.49,official_psa
coconut_w_husk,Coconut (w/ husk),province,REGION VIII (EASTERN VISAYAS),Northern Samar,Northern Samar,2025,265215.58,official_psa
coconut_w_husk,Coconut (w/ husk),province,REGION VIII (EASTERN VISAYAS),Northern Samar,Northern Samar,2026,233866.84,estimated_gap
coconut_w_husk,Coconut (w/ husk),province,REGION VIII (EASTERN VISAYAS),Samar,Samar,2010,294840.0,official_psa
coconut_w_husk,Coconut (w/ husk),province,REGION VIII (EASTERN VISAYAS),Samar,Samar,2011,292527.0,official_psa
coconut_w_husk,Coconut (w/ husk),province,REGION VIII (EASTERN VISAYAS),Samar,Samar,2012,292607.35,official_psa
coconut_w_husk,Coconut (w/ husk),province,REGION VIII (EASTERN VISAYAS),Samar,Samar,2013,286045.0,official_psa
coconut_w_husk,Coconut (w/ husk),province,REGION VIII (EASTERN VISAYAS),Samar,Samar,2014,262955.0,official_psa
coconut_w_husk,Coconut (w/ husk),province,REGION VIII (EASTERN VISAYAS),Samar,Samar,2015,266424.0,official_psa
coconut_w_husk,Coconut (w/ husk),province,REGION VIII (EASTERN VISAYAS),Samar,Samar,2016,260420.0,official_psa
coconut_w_husk,Coconut (w/ husk),province,REGION VIII (EASTERN VISAYAS),Samar,Samar,2017,266260.0,official_psa
coconut_w_husk,Coconut (w/ husk),province,REGION VIII (EASTERN VISAYAS),Samar,Samar,2018,272617.48,official_psa
coconut_w_husk,Coconut (w/ husk),province,REGION VIII (EASTERN VISAYAS),Samar,Samar,2019,273392.04,official_psa
coconut_w_husk,Coconut (w/ husk),province,REGION VIII (EASTERN VISAYAS),Samar,Samar,2020,286649.5,official_psa
coconut_w_husk,Coconut (w/ husk),province,REGION VIII (EASTERN VISAYAS),Samar,Samar,2021,298614.5,official_psa
coconut_w_husk,Coconut (w/ husk),province,REGION VIII (EASTERN VISAYAS),Samar,Samar,2022,319923.85,official_psa
coconut_w_husk,Coconut (w/ husk),province,REGION VIII (EASTERN VISAYAS),Samar,Samar,2023,340979.31,official_psa
coconut_w_husk,Coconut (w/ husk),province,REGION VIII (EASTERN VISAYAS),Samar,Samar,2024,336882.55,official_psa
coconut_w_husk,Coconut (w/ husk),province,REGION VIII (EASTERN VISAYAS),Samar,Samar,2025,331224.22,official_psa
coconut_w_husk,Coconut (w/ husk),province,REGION VIII (EASTERN VISAYAS),Samar,Samar,2026,331701.99,estimated_gap
coconut_w_husk,Coconut (w/ husk),province,REGION VIII (EASTERN VISAYAS),Southern Leyte,Southern Leyte,2010,125470.0,official_psa
coconut_w_husk,Coconut (w/ husk),province,REGION VIII (EASTERN VISAYAS),Southern Leyte,Southern Leyte,2011,126302.0,official_psa
coconut_w_husk,Coconut (w/ husk),province,REGION VIII (EASTERN VISAYAS),Southern Leyte,Southern Leyte,2012,123779.91,official_psa
coconut_w_husk,Coconut (w/ husk),province,REGION VIII (EASTERN VISAYAS),Southern Leyte,Southern Leyte,2013,127869.3,official_psa
coconut_w_husk,Coconut (w/ husk),province,REGION VIII (EASTERN VISAYAS),Southern Leyte,Southern Leyte,2014,127804.42,official_psa
coconut_w_husk,Coconut (w/ husk),province,REGION VIII (EASTERN VISAYAS),Southern Leyte,Southern Leyte,2015,126455.76,official_psa
coconut_w_husk,Coconut (w/ husk),province,REGION VIII (EASTERN VISAYAS),Southern Leyte,Southern Leyte,2016,127435.0,official_psa
coconut_w_husk,Coconut (w/ husk),province,REGION VIII (EASTERN VISAYAS),Southern Leyte,Southern Leyte,2017,127542.59,official_psa
coconut_w_husk,Coconut (w/ husk),province,REGION VIII (EASTERN VISAYAS),Southern Leyte,Southern Leyte,2018,127749.97,official_psa
coconut_w_husk,Coconut (w/ husk),province,REGION VIII (EASTERN VISAYAS),Southern Leyte,Southern Leyte,2019,127854.75,official_psa
coconut_w_husk,Coconut (w/ husk),province,REGION VIII (EASTERN VISAYAS),Southern Leyte,Southern Leyte,2020,128623.67,official_psa
coconut_w_husk,Coconut (w/ husk),province,REGION VIII (EASTERN VISAYAS),Southern Leyte,Southern Leyte,2021,129786.34,official_psa
coconut_w_husk,Coconut (w/ husk),province,REGION VIII (EASTERN VISAYAS),Southern Leyte,Southern Leyte,2022,89955.76,official_psa
coconut_w_husk,Coconut (w/ husk),province,REGION VIII (EASTERN VISAYAS),Southern Leyte,Southern Leyte,2023,94552.87,official_psa
coconut_w_husk,Coconut (w/ husk),province,REGION VIII (EASTERN VISAYAS),Southern Leyte,Southern Leyte,2024,94398.6,official_psa
coconut_w_husk,Coconut (w/ husk),province,REGION VIII (EASTERN VISAYAS),Southern Leyte,Southern Leyte,2025,78211.46,official_psa
coconut_w_husk,Coconut (w/ husk),province,REGION VIII (EASTERN VISAYAS),Southern Leyte,Southern Leyte,2026,79485.77,estimated_gap
coconut_w_husk,Coconut (w/ husk),region,REGION IX (ZAMBOANGA PENINSULA),,REGION IX (ZAMBOANGA PENINSULA),2010,1713018.08,official_psa
coconut_w_husk,Coconut (w/ husk),region,REGION IX (ZAMBOANGA PENINSULA),,REGION IX (ZAMBOANGA PENINSULA),2011,1557621.3,official_psa
coconut_w_husk,Coconut (w/ husk),region,REGION IX (ZAMBOANGA PENINSULA),,REGION IX (ZAMBOANGA PENINSULA),2012,1730428.16,official_psa
coconut_w_husk,Coconut (w/ husk),region,REGION IX (ZAMBOANGA PENINSULA),,REGION IX (ZAMBOANGA PENINSULA),2013,1743791.81,official_psa
coconut_w_husk,Coconut (w/ husk),region,REGION IX (ZAMBOANGA PENINSULA),,REGION IX (ZAMBOANGA PENINSULA),2014,1659014.2,official_psa
coconut_w_husk,Coconut (w/ husk),region,REGION IX (ZAMBOANGA PENINSULA),,REGION IX (ZAMBOANGA PENINSULA),2015,1682120.6,official_psa
coconut_w_husk,Coconut (w/ husk),region,REGION IX (ZAMBOANGA PENINSULA),,REGION IX (ZAMBOANGA PENINSULA),2016,1529763.09,official_psa
coconut_w_husk,Coconut (w/ husk),region,REGION IX (ZAMBOANGA PENINSULA),,REGION IX (ZAMBOANGA PENINSULA),2017,1700249.57,official_psa
coconut_w_husk,Coconut (w/ husk),region,REGION IX (ZAMBOANGA PENINSULA),,REGION IX (ZAMBOANGA PENINSULA),2018,1771941.0,official_psa
coconut_w_husk,Coconut (w/ husk),region,REGION IX (ZAMBOANGA PENINSULA),,REGION IX (ZAMBOANGA PENINSULA),2019,1746948.99,official_psa
coconut_w_husk,Coconut (w/ husk),region,REGION IX (ZAMBOANGA PENINSULA),,REGION IX (ZAMBOANGA PENINSULA),2020,1746036.45,official_psa
coconut_w_husk,Coconut (w/ husk),region,REGION IX (ZAMBOANGA PENINSULA),,REGION IX (ZAMBOANGA PENINSULA),2021,1800694.99,official_psa
coconut_w_husk,Coconut (w/ husk),region,REGION IX (ZAMBOANGA PENINSULA),,REGION IX (ZAMBOANGA PENINSULA),2022,1845408.31,official_psa
coconut_w_husk,Coconut (w/ husk),region,REGION IX (ZAMBOANGA PENINSULA),,REGION IX (ZAMBOANGA PENINSULA),2023,1847480.29,official_psa
coconut_w_husk,Coconut (w/ husk),region,REGION IX (ZAMBOANGA PENINSULA),,REGION IX (ZAMBOANGA PENINSULA),2024,1819935.58,official_psa
coconut_w_husk,Coconut (w/ husk),region,REGION IX (ZAMBOANGA PENINSULA),,REGION IX (ZAMBOANGA PENINSULA),2025,1788303.34,official_psa
coconut_w_husk,Coconut (w/ husk),region,REGION IX (ZAMBOANGA PENINSULA),,REGION IX (ZAMBOANGA PENINSULA),2026,1809659.75,estimated_gap
coconut_w_husk,Coconut (w/ husk),province,REGION IX (ZAMBOANGA PENINSULA),Sulu,Sulu,2010,200492.0,estimated_gap
coconut_w_husk,Coconut (w/ husk),province,REGION IX (ZAMBOANGA PENINSULA),Sulu,Sulu,2011,203704.85,estimated_gap
coconut_w_husk,Coconut (w/ husk),province,REGION IX (ZAMBOANGA PENINSULA),Sulu,Sulu,2012,205793.88,estimated_gap
coconut_w_husk,Coconut (w/ husk),province,REGION IX (ZAMBOANGA PENINSULA),Sulu,Sulu,2013,208013.94,estimated_gap
coconut_w_husk,Coconut (w/ husk),province,REGION IX (ZAMBOANGA PENINSULA),Sulu,Sulu,2014,211742.22,estimated_gap
coconut_w_husk,Coconut (w/ husk),province,REGION IX (ZAMBOANGA PENINSULA),Sulu,Sulu,2015,210963.96,estimated_gap
coconut_w_husk,Coconut (w/ husk),province,REGION IX (ZAMBOANGA PENINSULA),Sulu,Sulu,2016,212597.48,estimated_gap
coconut_w_husk,Coconut (w/ husk),province,REGION IX (ZAMBOANGA PENINSULA),Sulu,Sulu,2017,214941.74,estimated_gap
coconut_w_husk,Coconut (w/ husk),province,REGION IX (ZAMBOANGA PENINSULA),Sulu,Sulu,2018,216016.42,estimated_gap
coconut_w_husk,Coconut (w/ husk),province,REGION IX (ZAMBOANGA PENINSULA),Sulu,Sulu,2019,215870.21,estimated_gap
coconut_w_husk,Coconut (w/ husk),province,REGION IX (ZAMBOANGA PENINSULA),Sulu,Sulu,2020,216118.8,estimated_gap
coconut_w_husk,Coconut (w/ husk),province,REGION IX (ZAMBOANGA PENINSULA),Sulu,Sulu,2021,216324.91,estimated_gap
coconut_w_husk,Coconut (w/ husk),province,REGION IX (ZAMBOANGA PENINSULA),Sulu,Sulu,2022,216428.96,estimated_gap
coconut_w_husk,Coconut (w/ husk),province,REGION IX (ZAMBOANGA PENINSULA),Sulu,Sulu,2023,216174.98,estimated_gap
coconut_w_husk,Coconut (w/ husk),province,REGION IX (ZAMBOANGA PENINSULA),Sulu,Sulu,2024,641050.65,official_psa
coconut_w_husk,Coconut (w/ husk),province,REGION IX (ZAMBOANGA PENINSULA),Sulu,Sulu,2025,215667.32,estimated_gap
coconut_w_husk,Coconut (w/ husk),province,REGION IX (ZAMBOANGA PENINSULA),Sulu,Sulu,2026,231582.5,estimated_gap
coconut_w_husk,Coconut (w/ husk),province,REGION IX (ZAMBOANGA PENINSULA),Zamboanga del Norte,Zamboanga del Norte,2010,712884.38,official_psa
coconut_w_husk,Coconut (w/ husk),province,REGION IX (ZAMBOANGA PENINSULA),Zamboanga del Norte,Zamboanga del Norte,2011,599248.82,official_psa
coconut_w_husk,Coconut (w/ husk),province,REGION IX (ZAMBOANGA PENINSULA),Zamboanga del Norte,Zamboanga del Norte,2012,754244.95,official_psa
coconut_w_husk,Coconut (w/ husk),province,REGION IX (ZAMBOANGA PENINSULA),Zamboanga del Norte,Zamboanga del Norte,2013,766339.75,official_psa
coconut_w_husk,Coconut (w/ husk),province,REGION IX (ZAMBOANGA PENINSULA),Zamboanga del Norte,Zamboanga del Norte,2014,736199.49,official_psa
coconut_w_husk,Coconut (w/ husk),province,REGION IX (ZAMBOANGA PENINSULA),Zamboanga del Norte,Zamboanga del Norte,2015,784076.35,official_psa
coconut_w_husk,Coconut (w/ husk),province,REGION IX (ZAMBOANGA PENINSULA),Zamboanga del Norte,Zamboanga del Norte,2016,665775.27,official_psa
coconut_w_husk,Coconut (w/ husk),province,REGION IX (ZAMBOANGA PENINSULA),Zamboanga del Norte,Zamboanga del Norte,2017,780648.41,official_psa
coconut_w_husk,Coconut (w/ husk),province,REGION IX (ZAMBOANGA PENINSULA),Zamboanga del Norte,Zamboanga del Norte,2018,849559.15,official_psa
coconut_w_husk,Coconut (w/ husk),province,REGION IX (ZAMBOANGA PENINSULA),Zamboanga del Norte,Zamboanga del Norte,2019,838702.65,official_psa
coconut_w_husk,Coconut (w/ husk),province,REGION IX (ZAMBOANGA PENINSULA),Zamboanga del Norte,Zamboanga del Norte,2020,842183.4,official_psa
coconut_w_husk,Coconut (w/ husk),province,REGION IX (ZAMBOANGA PENINSULA),Zamboanga del Norte,Zamboanga del Norte,2021,860773.61,official_psa
coconut_w_husk,Coconut (w/ husk),province,REGION IX (ZAMBOANGA PENINSULA),Zamboanga del Norte,Zamboanga del Norte,2022,845328.38,official_psa
coconut_w_husk,Coconut (w/ husk),province,REGION IX (ZAMBOANGA PENINSULA),Zamboanga del Norte,Zamboanga del Norte,2023,854564.05,official_psa
coconut_w_husk,Coconut (w/ husk),province,REGION IX (ZAMBOANGA PENINSULA),Zamboanga del Norte,Zamboanga del Norte,2024,845332.62,official_psa
coconut_w_husk,Coconut (w/ husk),province,REGION IX (ZAMBOANGA PENINSULA),Zamboanga del Norte,Zamboanga del Norte,2025,852799.86,official_psa
coconut_w_husk,Coconut (w/ husk),province,REGION IX (ZAMBOANGA PENINSULA),Zamboanga del Norte,Zamboanga del Norte,2026,840616.06,estimated_gap
coconut_w_husk,Coconut (w/ husk),province,REGION IX (ZAMBOANGA PENINSULA),Zamboanga del Sur,Zamboanga del Sur,2010,583615.19,official_psa
coconut_w_husk,Coconut (w/ husk),province,REGION IX (ZAMBOANGA PENINSULA),Zamboanga del Sur,Zamboanga del Sur,2011,554971.66,official_psa
coconut_w_husk,Coconut (w/ husk),province,REGION IX (ZAMBOANGA PENINSULA),Zamboanga del Sur,Zamboanga del Sur,2012,564244.4,official_psa
coconut_w_husk,Coconut (w/ husk),province,REGION IX (ZAMBOANGA PENINSULA),Zamboanga del Sur,Zamboanga del Sur,2013,562416.82,official_psa
coconut_w_husk,Coconut (w/ husk),province,REGION IX (ZAMBOANGA PENINSULA),Zamboanga del Sur,Zamboanga del Sur,2014,506452.57,official_psa
coconut_w_husk,Coconut (w/ husk),province,REGION IX (ZAMBOANGA PENINSULA),Zamboanga del Sur,Zamboanga del Sur,2015,481633.82,official_psa
coconut_w_husk,Coconut (w/ husk),province,REGION IX (ZAMBOANGA PENINSULA),Zamboanga del Sur,Zamboanga del Sur,2016,462859.75,official_psa
coconut_w_husk,Coconut (w/ husk),province,REGION IX (ZAMBOANGA PENINSULA),Zamboanga del Sur,Zamboanga del Sur,2017,503165.35,official_psa
coconut_w_husk,Coconut (w/ husk),province,REGION IX (ZAMBOANGA PENINSULA),Zamboanga del Sur,Zamboanga del Sur,2018,515629.05,official_psa
coconut_w_husk,Coconut (w/ husk),province,REGION IX (ZAMBOANGA PENINSULA),Zamboanga del Sur,Zamboanga del Sur,2019,491527.73,official_psa
coconut_w_husk,Coconut (w/ husk),province,REGION IX (ZAMBOANGA PENINSULA),Zamboanga del Sur,Zamboanga del Sur,2020,483955.17,official_psa
coconut_w_husk,Coconut (w/ husk),province,REGION IX (ZAMBOANGA PENINSULA),Zamboanga del Sur,Zamboanga del Sur,2021,508623.38,official_psa
coconut_w_husk,Coconut (w/ husk),province,REGION IX (ZAMBOANGA PENINSULA),Zamboanga del Sur,Zamboanga del Sur,2022,540281.94,official_psa
coconut_w_husk,Coconut (w/ husk),province,REGION IX (ZAMBOANGA PENINSULA),Zamboanga del Sur,Zamboanga del Sur,2023,719983.44,official_psa
coconut_w_husk,Coconut (w/ husk),province,REGION IX (ZAMBOANGA PENINSULA),Zamboanga del Sur,Zamboanga del Sur,2024,713493.31,official_psa
coconut_w_husk,Coconut (w/ husk),province,REGION IX (ZAMBOANGA PENINSULA),Zamboanga del Sur,Zamboanga del Sur,2025,531684.89,official_psa
coconut_w_husk,Coconut (w/ husk),province,REGION IX (ZAMBOANGA PENINSULA),Zamboanga del Sur,Zamboanga del Sur,2026,398769.79,estimated_gap
coconut_w_husk,Coconut (w/ husk),province,REGION IX (ZAMBOANGA PENINSULA),Zamboanga Sibugay,Zamboanga Sibugay,2010,203405.56,official_psa
coconut_w_husk,Coconut (w/ husk),province,REGION IX (ZAMBOANGA PENINSULA),Zamboanga Sibugay,Zamboanga Sibugay,2011,199413.26,official_psa
coconut_w_husk,Coconut (w/ husk),province,REGION IX (ZAMBOANGA PENINSULA),Zamboanga Sibugay,Zamboanga Sibugay,2012,204898.65,official_psa
coconut_w_husk,Coconut (w/ husk),province,REGION IX (ZAMBOANGA PENINSULA),Zamboanga Sibugay,Zamboanga Sibugay,2013,206066.73,official_psa
coconut_w_husk,Coconut (w/ husk),province,REGION IX (ZAMBOANGA PENINSULA),Zamboanga Sibugay,Zamboanga Sibugay,2014,204383.6,official_psa
coconut_w_husk,Coconut (w/ husk),province,REGION IX (ZAMBOANGA PENINSULA),Zamboanga Sibugay,Zamboanga Sibugay,2015,202975.43,official_psa
coconut_w_husk,Coconut (w/ husk),province,REGION IX (ZAMBOANGA PENINSULA),Zamboanga Sibugay,Zamboanga Sibugay,2016,204660.85,official_psa
coconut_w_husk,Coconut (w/ husk),province,REGION IX (ZAMBOANGA PENINSULA),Zamboanga Sibugay,Zamboanga Sibugay,2017,232234.2,official_psa
coconut_w_husk,Coconut (w/ husk),province,REGION IX (ZAMBOANGA PENINSULA),Zamboanga Sibugay,Zamboanga Sibugay,2018,223116.3,official_psa
coconut_w_husk,Coconut (w/ husk),province,REGION IX (ZAMBOANGA PENINSULA),Zamboanga Sibugay,Zamboanga Sibugay,2019,230195.6,official_psa
coconut_w_husk,Coconut (w/ husk),province,REGION IX (ZAMBOANGA PENINSULA),Zamboanga Sibugay,Zamboanga Sibugay,2020,233304.96,official_psa
coconut_w_husk,Coconut (w/ husk),province,REGION IX (ZAMBOANGA PENINSULA),Zamboanga Sibugay,Zamboanga Sibugay,2021,245153.47,official_psa
coconut_w_husk,Coconut (w/ husk),province,REGION IX (ZAMBOANGA PENINSULA),Zamboanga Sibugay,Zamboanga Sibugay,2022,269543.99,official_psa
coconut_w_husk,Coconut (w/ husk),province,REGION IX (ZAMBOANGA PENINSULA),Zamboanga Sibugay,Zamboanga Sibugay,2023,272932.8,official_psa
coconut_w_husk,Coconut (w/ husk),province,REGION IX (ZAMBOANGA PENINSULA),Zamboanga Sibugay,Zamboanga Sibugay,2024,261109.64,official_psa
coconut_w_husk,Coconut (w/ husk),province,REGION IX (ZAMBOANGA PENINSULA),Zamboanga Sibugay,Zamboanga Sibugay,2025,260762.0,official_psa
coconut_w_husk,Coconut (w/ husk),province,REGION IX (ZAMBOANGA PENINSULA),Zamboanga Sibugay,Zamboanga Sibugay,2026,255264.24,estimated_gap
coconut_w_husk,Coconut (w/ husk),province,REGION IX (ZAMBOANGA PENINSULA),City of Zamboanga,City of Zamboanga,2010,213112.95,official_psa
coconut_w_husk,Coconut (w/ husk),province,REGION IX (ZAMBOANGA PENINSULA),City of Zamboanga,City of Zamboanga,2011,203987.56,official_psa
coconut_w_husk,Coconut (w/ husk),province,REGION IX (ZAMBOANGA PENINSULA),City of Zamboanga,City of Zamboanga,2012,207040.15,official_psa
coconut_w_husk,Coconut (w/ husk),province,REGION IX (ZAMBOANGA PENINSULA),City of Zamboanga,City of Zamboanga,2013,208968.5,official_psa
coconut_w_husk,Coconut (w/ husk),province,REGION IX (ZAMBOANGA PENINSULA),City of Zamboanga,City of Zamboanga,2014,211978.53,official_psa
coconut_w_husk,Coconut (w/ husk),province,REGION IX (ZAMBOANGA PENINSULA),City of Zamboanga,City of Zamboanga,2015,213435.0,official_psa
coconut_w_husk,Coconut (w/ husk),province,REGION IX (ZAMBOANGA PENINSULA),City of Zamboanga,City of Zamboanga,2016,196467.22,official_psa
coconut_w_husk,Coconut (w/ husk),province,REGION IX (ZAMBOANGA PENINSULA),City of Zamboanga,City of Zamboanga,2017,184201.61,official_psa
coconut_w_husk,Coconut (w/ husk),province,REGION IX (ZAMBOANGA PENINSULA),City of Zamboanga,City of Zamboanga,2018,183636.5,official_psa
coconut_w_husk,Coconut (w/ husk),province,REGION IX (ZAMBOANGA PENINSULA),City of Zamboanga,City of Zamboanga,2019,186523.01,official_psa
coconut_w_husk,Coconut (w/ husk),province,REGION IX (ZAMBOANGA PENINSULA),City of Zamboanga,City of Zamboanga,2020,186592.92,official_psa
coconut_w_husk,Coconut (w/ husk),province,REGION IX (ZAMBOANGA PENINSULA),City of Zamboanga,City of Zamboanga,2021,186144.53,official_psa
coconut_w_husk,Coconut (w/ husk),province,REGION IX (ZAMBOANGA PENINSULA),City of Zamboanga,City of Zamboanga,2022,190254.0,official_psa
coconut_w_husk,Coconut (w/ husk),province,REGION IX (ZAMBOANGA PENINSULA),City of Zamboanga,City of Zamboanga,2023,174521.53,estimated_gap
coconut_w_husk,Coconut (w/ husk),province,REGION IX (ZAMBOANGA PENINSULA),City of Zamboanga,City of Zamboanga,2024,158789.05,estimated_gap
coconut_w_husk,Coconut (w/ husk),province,REGION IX (ZAMBOANGA PENINSULA),City of Zamboanga,City of Zamboanga,2025,143056.58,official_psa
coconut_w_husk,Coconut (w/ husk),province,REGION IX (ZAMBOANGA PENINSULA),City of Zamboanga,City of Zamboanga,2026,159308.46,estimated_gap
coconut_w_husk,Coconut (w/ husk),region,REGION X (NORTHERN MINDANAO),,REGION X (NORTHERN MINDANAO),2010,1757164.52,official_psa
coconut_w_husk,Coconut (w/ husk),region,REGION X (NORTHERN MINDANAO),,REGION X (NORTHERN MINDANAO),2011,1745949.54,official_psa
coconut_w_husk,Coconut (w/ husk),region,REGION X (NORTHERN MINDANAO),,REGION X (NORTHERN MINDANAO),2012,1816501.47,official_psa
coconut_w_husk,Coconut (w/ husk),region,REGION X (NORTHERN MINDANAO),,REGION X (NORTHERN MINDANAO),2013,1816577.68,official_psa
coconut_w_husk,Coconut (w/ husk),region,REGION X (NORTHERN MINDANAO),,REGION X (NORTHERN MINDANAO),2014,1838404.69,official_psa
coconut_w_husk,Coconut (w/ husk),region,REGION X (NORTHERN MINDANAO),,REGION X (NORTHERN MINDANAO),2015,1851702.14,official_psa
coconut_w_husk,Coconut (w/ husk),region,REGION X (NORTHERN MINDANAO),,REGION X (NORTHERN MINDANAO),2016,1802402.56,official_psa
coconut_w_husk,Coconut (w/ husk),region,REGION X (NORTHERN MINDANAO),,REGION X (NORTHERN MINDANAO),2017,1807046.16,official_psa
coconut_w_husk,Coconut (w/ husk),region,REGION X (NORTHERN MINDANAO),,REGION X (NORTHERN MINDANAO),2018,1839731.49,official_psa
coconut_w_husk,Coconut (w/ husk),region,REGION X (NORTHERN MINDANAO),,REGION X (NORTHERN MINDANAO),2019,1836112.35,official_psa
coconut_w_husk,Coconut (w/ husk),region,REGION X (NORTHERN MINDANAO),,REGION X (NORTHERN MINDANAO),2020,1858779.8,official_psa
coconut_w_husk,Coconut (w/ husk),region,REGION X (NORTHERN MINDANAO),,REGION X (NORTHERN MINDANAO),2021,1864904.24,official_psa
coconut_w_husk,Coconut (w/ husk),region,REGION X (NORTHERN MINDANAO),,REGION X (NORTHERN MINDANAO),2022,1872149.94,official_psa
coconut_w_husk,Coconut (w/ husk),region,REGION X (NORTHERN MINDANAO),,REGION X (NORTHERN MINDANAO),2023,1888759.82,official_psa
coconut_w_husk,Coconut (w/ husk),region,REGION X (NORTHERN MINDANAO),,REGION X (NORTHERN MINDANAO),2024,1808616.85,official_psa
coconut_w_husk,Coconut (w/ husk),region,REGION X (NORTHERN MINDANAO),,REGION X (NORTHERN MINDANAO),2025,1830360.99,official_psa
coconut_w_husk,Coconut (w/ husk),region,REGION X (NORTHERN MINDANAO),,REGION X (NORTHERN MINDANAO),2026,1841074.03,estimated_gap
coconut_w_husk,Coconut (w/ husk),province,REGION X (NORTHERN MINDANAO),Bukidnon,Bukidnon,2010,49188.65,official_psa
coconut_w_husk,Coconut (w/ husk),province,REGION X (NORTHERN MINDANAO),Bukidnon,Bukidnon,2011,44556.17,official_psa
coconut_w_husk,Coconut (w/ husk),province,REGION X (NORTHERN MINDANAO),Bukidnon,Bukidnon,2012,53637.35,official_psa
coconut_w_husk,Coconut (w/ husk),province,REGION X (NORTHERN MINDANAO),Bukidnon,Bukidnon,2013,53259.02,official_psa
coconut_w_husk,Coconut (w/ husk),province,REGION X (NORTHERN MINDANAO),Bukidnon,Bukidnon,2014,54643.01,official_psa
coconut_w_husk,Coconut (w/ husk),province,REGION X (NORTHERN MINDANAO),Bukidnon,Bukidnon,2015,53393.3,official_psa
coconut_w_husk,Coconut (w/ husk),province,REGION X (NORTHERN MINDANAO),Bukidnon,Bukidnon,2016,40216.3,official_psa
coconut_w_husk,Coconut (w/ husk),province,REGION X (NORTHERN MINDANAO),Bukidnon,Bukidnon,2017,39316.07,official_psa
coconut_w_husk,Coconut (w/ husk),province,REGION X (NORTHERN MINDANAO),Bukidnon,Bukidnon,2018,48937.24,official_psa
coconut_w_husk,Coconut (w/ husk),province,REGION X (NORTHERN MINDANAO),Bukidnon,Bukidnon,2019,51156.75,official_psa
coconut_w_husk,Coconut (w/ husk),province,REGION X (NORTHERN MINDANAO),Bukidnon,Bukidnon,2020,48605.14,official_psa
coconut_w_husk,Coconut (w/ husk),province,REGION X (NORTHERN MINDANAO),Bukidnon,Bukidnon,2021,49712.67,official_psa
coconut_w_husk,Coconut (w/ husk),province,REGION X (NORTHERN MINDANAO),Bukidnon,Bukidnon,2022,51881.03,official_psa
coconut_w_husk,Coconut (w/ husk),province,REGION X (NORTHERN MINDANAO),Bukidnon,Bukidnon,2023,52821.3,official_psa
coconut_w_husk,Coconut (w/ husk),province,REGION X (NORTHERN MINDANAO),Bukidnon,Bukidnon,2024,49337.62,official_psa
coconut_w_husk,Coconut (w/ husk),province,REGION X (NORTHERN MINDANAO),Bukidnon,Bukidnon,2025,45307.01,official_psa
coconut_w_husk,Coconut (w/ husk),province,REGION X (NORTHERN MINDANAO),Bukidnon,Bukidnon,2026,50155.69,estimated_gap
coconut_w_husk,Coconut (w/ husk),province,REGION X (NORTHERN MINDANAO),Camiguin,Camiguin,2010,103557.33,official_psa
coconut_w_husk,Coconut (w/ husk),province,REGION X (NORTHERN MINDANAO),Camiguin,Camiguin,2011,103152.72,official_psa
coconut_w_husk,Coconut (w/ husk),province,REGION X (NORTHERN MINDANAO),Camiguin,Camiguin,2012,108006.43,official_psa
coconut_w_husk,Coconut (w/ husk),province,REGION X (NORTHERN MINDANAO),Camiguin,Camiguin,2013,106670.8,official_psa
coconut_w_husk,Coconut (w/ husk),province,REGION X (NORTHERN MINDANAO),Camiguin,Camiguin,2014,104325.2,official_psa
coconut_w_husk,Coconut (w/ husk),province,REGION X (NORTHERN MINDANAO),Camiguin,Camiguin,2015,102466.8,official_psa
coconut_w_husk,Coconut (w/ husk),province,REGION X (NORTHERN MINDANAO),Camiguin,Camiguin,2016,100504.11,official_psa
coconut_w_husk,Coconut (w/ husk),province,REGION X (NORTHERN MINDANAO),Camiguin,Camiguin,2017,97018.59,official_psa
coconut_w_husk,Coconut (w/ husk),province,REGION X (NORTHERN MINDANAO),Camiguin,Camiguin,2018,98592.25,official_psa
coconut_w_husk,Coconut (w/ husk),province,REGION X (NORTHERN MINDANAO),Camiguin,Camiguin,2019,97233.87,official_psa
coconut_w_husk,Coconut (w/ husk),province,REGION X (NORTHERN MINDANAO),Camiguin,Camiguin,2020,96528.02,official_psa
coconut_w_husk,Coconut (w/ husk),province,REGION X (NORTHERN MINDANAO),Camiguin,Camiguin,2021,100713.89,official_psa
coconut_w_husk,Coconut (w/ husk),province,REGION X (NORTHERN MINDANAO),Camiguin,Camiguin,2022,96082.78,official_psa
coconut_w_husk,Coconut (w/ husk),province,REGION X (NORTHERN MINDANAO),Camiguin,Camiguin,2023,98690.24,official_psa
coconut_w_husk,Coconut (w/ husk),province,REGION X (NORTHERN MINDANAO),Camiguin,Camiguin,2024,94133.73,official_psa
coconut_w_husk,Coconut (w/ husk),province,REGION X (NORTHERN MINDANAO),Camiguin,Camiguin,2025,89939.22,official_psa
coconut_w_husk,Coconut (w/ husk),province,REGION X (NORTHERN MINDANAO),Camiguin,Camiguin,2026,97341.23,estimated_gap
coconut_w_husk,Coconut (w/ husk),province,REGION X (NORTHERN MINDANAO),Lanao del Norte,Lanao del Norte,2010,570967.8,official_psa
coconut_w_husk,Coconut (w/ husk),province,REGION X (NORTHERN MINDANAO),Lanao del Norte,Lanao del Norte,2011,566848.0,official_psa
coconut_w_husk,Coconut (w/ husk),province,REGION X (NORTHERN MINDANAO),Lanao del Norte,Lanao del Norte,2012,578098.0,official_psa
coconut_w_husk,Coconut (w/ husk),province,REGION X (NORTHERN MINDANAO),Lanao del Norte,Lanao del Norte,2013,579225.68,official_psa
coconut_w_husk,Coconut (w/ husk),province,REGION X (NORTHERN MINDANAO),Lanao del Norte,Lanao del Norte,2014,586380.0,official_psa
coconut_w_husk,Coconut (w/ husk),province,REGION X (NORTHERN MINDANAO),Lanao del Norte,Lanao del Norte,2015,589234.77,official_psa
coconut_w_husk,Coconut (w/ husk),province,REGION X (NORTHERN MINDANAO),Lanao del Norte,Lanao del Norte,2016,580104.59,official_psa
coconut_w_husk,Coconut (w/ husk),province,REGION X (NORTHERN MINDANAO),Lanao del Norte,Lanao del Norte,2017,579396.0,official_psa
coconut_w_husk,Coconut (w/ husk),province,REGION X (NORTHERN MINDANAO),Lanao del Norte,Lanao del Norte,2018,580649.0,official_psa
coconut_w_husk,Coconut (w/ husk),province,REGION X (NORTHERN MINDANAO),Lanao del Norte,Lanao del Norte,2019,580500.92,official_psa
coconut_w_husk,Coconut (w/ husk),province,REGION X (NORTHERN MINDANAO),Lanao del Norte,Lanao del Norte,2020,581036.0,official_psa
coconut_w_husk,Coconut (w/ husk),province,REGION X (NORTHERN MINDANAO),Lanao del Norte,Lanao del Norte,2021,581036.0,official_psa
coconut_w_husk,Coconut (w/ husk),province,REGION X (NORTHERN MINDANAO),Lanao del Norte,Lanao del Norte,2022,581354.0,official_psa
coconut_w_husk,Coconut (w/ husk),province,REGION X (NORTHERN MINDANAO),Lanao del Norte,Lanao del Norte,2023,583078.0,official_psa
coconut_w_husk,Coconut (w/ husk),province,REGION X (NORTHERN MINDANAO),Lanao del Norte,Lanao del Norte,2024,583928.0,official_psa
coconut_w_husk,Coconut (w/ husk),province,REGION X (NORTHERN MINDANAO),Lanao del Norte,Lanao del Norte,2025,584902.5,official_psa
coconut_w_husk,Coconut (w/ husk),province,REGION X (NORTHERN MINDANAO),Lanao del Norte,Lanao del Norte,2026,583173.57,estimated_gap
coconut_w_husk,Coconut (w/ husk),province,REGION X (NORTHERN MINDANAO),Misamis Occidental,Misamis Occidental,2010,540795.04,official_psa
coconut_w_husk,Coconut (w/ husk),province,REGION X (NORTHERN MINDANAO),Misamis Occidental,Misamis Occidental,2011,546441.86,official_psa
coconut_w_husk,Coconut (w/ husk),province,REGION X (NORTHERN MINDANAO),Misamis Occidental,Misamis Occidental,2012,558424.44,official_psa
coconut_w_husk,Coconut (w/ husk),province,REGION X (NORTHERN MINDANAO),Misamis Occidental,Misamis Occidental,2013,562117.18,official_psa
coconut_w_husk,Coconut (w/ husk),province,REGION X (NORTHERN MINDANAO),Misamis Occidental,Misamis Occidental,2014,572602.48,official_psa
coconut_w_husk,Coconut (w/ husk),province,REGION X (NORTHERN MINDANAO),Misamis Occidental,Misamis Occidental,2015,582151.02,official_psa
coconut_w_husk,Coconut (w/ husk),province,REGION X (NORTHERN MINDANAO),Misamis Occidental,Misamis Occidental,2016,570075.2,official_psa
coconut_w_husk,Coconut (w/ husk),province,REGION X (NORTHERN MINDANAO),Misamis Occidental,Misamis Occidental,2017,569897.5,official_psa
coconut_w_husk,Coconut (w/ husk),province,REGION X (NORTHERN MINDANAO),Misamis Occidental,Misamis Occidental,2018,571749.0,official_psa
coconut_w_husk,Coconut (w/ husk),province,REGION X (NORTHERN MINDANAO),Misamis Occidental,Misamis Occidental,2019,565150.02,official_psa
coconut_w_husk,Coconut (w/ husk),province,REGION X (NORTHERN MINDANAO),Misamis Occidental,Misamis Occidental,2020,564124.93,official_psa
coconut_w_husk,Coconut (w/ husk),province,REGION X (NORTHERN MINDANAO),Misamis Occidental,Misamis Occidental,2021,564747.79,official_psa
coconut_w_husk,Coconut (w/ husk),province,REGION X (NORTHERN MINDANAO),Misamis Occidental,Misamis Occidental,2022,564716.96,official_psa
coconut_w_husk,Coconut (w/ husk),province,REGION X (NORTHERN MINDANAO),Misamis Occidental,Misamis Occidental,2023,568848.46,official_psa
coconut_w_husk,Coconut (w/ husk),province,REGION X (NORTHERN MINDANAO),Misamis Occidental,Misamis Occidental,2024,567590.19,official_psa
coconut_w_husk,Coconut (w/ husk),province,REGION X (NORTHERN MINDANAO),Misamis Occidental,Misamis Occidental,2025,587330.38,official_psa
coconut_w_husk,Coconut (w/ husk),province,REGION X (NORTHERN MINDANAO),Misamis Occidental,Misamis Occidental,2026,582000.35,estimated_gap
coconut_w_husk,Coconut (w/ husk),province,REGION X (NORTHERN MINDANAO),Misamis Oriental,Misamis Oriental,2010,492655.7,official_psa
coconut_w_husk,Coconut (w/ husk),province,REGION X (NORTHERN MINDANAO),Misamis Oriental,Misamis Oriental,2011,484950.8,official_psa
coconut_w_husk,Coconut (w/ husk),province,REGION X (NORTHERN MINDANAO),Misamis Oriental,Misamis Oriental,2012,518335.25,official_psa
coconut_w_husk,Coconut (w/ husk),province,REGION X (NORTHERN MINDANAO),Misamis Oriental,Misamis Oriental,2013,515305.0,official_psa
coconut_w_husk,Coconut (w/ husk),province,REGION X (NORTHERN MINDANAO),Misamis Oriental,Misamis Oriental,2014,520454.0,official_psa
coconut_w_husk,Coconut (w/ husk),province,REGION X (NORTHERN MINDANAO),Misamis Oriental,Misamis Oriental,2015,524456.25,official_psa
coconut_w_husk,Coconut (w/ husk),province,REGION X (NORTHERN MINDANAO),Misamis Oriental,Misamis Oriental,2016,511502.36,official_psa
coconut_w_husk,Coconut (w/ husk),province,REGION X (NORTHERN MINDANAO),Misamis Oriental,Misamis Oriental,2017,521418.0,official_psa
coconut_w_husk,Coconut (w/ husk),province,REGION X (NORTHERN MINDANAO),Misamis Oriental,Misamis Oriental,2018,539804.0,official_psa
coconut_w_husk,Coconut (w/ husk),province,REGION X (NORTHERN MINDANAO),Misamis Oriental,Misamis Oriental,2019,542070.79,official_psa
coconut_w_husk,Coconut (w/ husk),province,REGION X (NORTHERN MINDANAO),Misamis Oriental,Misamis Oriental,2020,568485.7,official_psa
coconut_w_husk,Coconut (w/ husk),province,REGION X (NORTHERN MINDANAO),Misamis Oriental,Misamis Oriental,2021,568693.9,official_psa
coconut_w_husk,Coconut (w/ husk),province,REGION X (NORTHERN MINDANAO),Misamis Oriental,Misamis Oriental,2022,578115.17,official_psa
coconut_w_husk,Coconut (w/ husk),province,REGION X (NORTHERN MINDANAO),Misamis Oriental,Misamis Oriental,2023,585321.82,official_psa
coconut_w_husk,Coconut (w/ husk),province,REGION X (NORTHERN MINDANAO),Misamis Oriental,Misamis Oriental,2024,513627.31,official_psa
coconut_w_husk,Coconut (w/ husk),province,REGION X (NORTHERN MINDANAO),Misamis Oriental,Misamis Oriental,2025,522881.88,official_psa
coconut_w_husk,Coconut (w/ husk),province,REGION X (NORTHERN MINDANAO),Misamis Oriental,Misamis Oriental,2026,526944.68,estimated_gap
coconut_w_husk,Coconut (w/ husk),region,REGION XI (DAVAO REGION),,REGION XI (DAVAO REGION),2010,2635866.63,official_psa
coconut_w_husk,Coconut (w/ husk),region,REGION XI (DAVAO REGION),,REGION XI (DAVAO REGION),2011,2627248.2,official_psa
coconut_w_husk,Coconut (w/ husk),region,REGION XI (DAVAO REGION),,REGION XI (DAVAO REGION),2012,2720232.61,official_psa
coconut_w_husk,Coconut (w/ husk),region,REGION XI (DAVAO REGION),,REGION XI (DAVAO REGION),2013,2275979.56,official_psa
coconut_w_husk,Coconut (w/ husk),region,REGION XI (DAVAO REGION),,REGION XI (DAVAO REGION),2014,2332089.54,official_psa
coconut_w_husk,Coconut (w/ husk),region,REGION XI (DAVAO REGION),,REGION XI (DAVAO REGION),2015,2246187.53,official_psa
coconut_w_husk,Coconut (w/ husk),region,REGION XI (DAVAO REGION),,REGION XI (DAVAO REGION),2016,1894663.09,official_psa
coconut_w_husk,Coconut (w/ husk),region,REGION XI (DAVAO REGION),,REGION XI (DAVAO REGION),2017,1886599.87,official_psa
coconut_w_husk,Coconut (w/ husk),region,REGION XI (DAVAO REGION),,REGION XI (DAVAO REGION),2018,1932559.23,official_psa
coconut_w_husk,Coconut (w/ husk),region,REGION XI (DAVAO REGION),,REGION XI (DAVAO REGION),2019,1931955.46,official_psa
coconut_w_husk,Coconut (w/ husk),region,REGION XI (DAVAO REGION),,REGION XI (DAVAO REGION),2020,1962696.74,official_psa
coconut_w_husk,Coconut (w/ husk),region,REGION XI (DAVAO REGION),,REGION XI (DAVAO REGION),2021,1983241.63,official_psa
coconut_w_husk,Coconut (w/ husk),region,REGION XI (DAVAO REGION),,REGION XI (DAVAO REGION),2022,2012425.16,official_psa
coconut_w_husk,Coconut (w/ husk),region,REGION XI (DAVAO REGION),,REGION XI (DAVAO REGION),2023,1987785.6,official_psa
coconut_w_husk,Coconut (w/ husk),region,REGION XI (DAVAO REGION),,REGION XI (DAVAO REGION),2024,1969491.77,official_psa
coconut_w_husk,Coconut (w/ husk),region,REGION XI (DAVAO REGION),,REGION XI (DAVAO REGION),2025,1997797.37,official_psa
coconut_w_husk,Coconut (w/ husk),region,REGION XI (DAVAO REGION),,REGION XI (DAVAO REGION),2026,2025021.25,estimated_gap
coconut_w_husk,Coconut (w/ husk),province,REGION XI (DAVAO REGION),Davao de Oro,Davao de Oro,2010,264864.21,official_psa
coconut_w_husk,Coconut (w/ husk),province,REGION XI (DAVAO REGION),Davao de Oro,Davao de Oro,2011,250484.87,official_psa
coconut_w_husk,Coconut (w/ husk),province,REGION XI (DAVAO REGION),Davao de Oro,Davao de Oro,2012,252897.79,official_psa
coconut_w_husk,Coconut (w/ husk),province,REGION XI (DAVAO REGION),Davao de Oro,Davao de Oro,2013,176457.37,official_psa
coconut_w_husk,Coconut (w/ husk),province,REGION XI (DAVAO REGION),Davao de Oro,Davao de Oro,2014,179325.65,official_psa
coconut_w_husk,Coconut (w/ husk),province,REGION XI (DAVAO REGION),Davao de Oro,Davao de Oro,2015,185134.32,official_psa
coconut_w_husk,Coconut (w/ husk),province,REGION XI (DAVAO REGION),Davao de Oro,Davao de Oro,2016,181777.57,official_psa
coconut_w_husk,Coconut (w/ husk),province,REGION XI (DAVAO REGION),Davao de Oro,Davao de Oro,2017,182148.29,official_psa
coconut_w_husk,Coconut (w/ husk),province,REGION XI (DAVAO REGION),Davao de Oro,Davao de Oro,2018,182218.06,official_psa
coconut_w_husk,Coconut (w/ husk),province,REGION XI (DAVAO REGION),Davao de Oro,Davao de Oro,2019,181877.25,official_psa
coconut_w_husk,Coconut (w/ husk),province,REGION XI (DAVAO REGION),Davao de Oro,Davao de Oro,2020,183190.17,official_psa
coconut_w_husk,Coconut (w/ husk),province,REGION XI (DAVAO REGION),Davao de Oro,Davao de Oro,2021,182925.03,official_psa
coconut_w_husk,Coconut (w/ husk),province,REGION XI (DAVAO REGION),Davao de Oro,Davao de Oro,2022,183378.19,official_psa
coconut_w_husk,Coconut (w/ husk),province,REGION XI (DAVAO REGION),Davao de Oro,Davao de Oro,2023,181040.37,official_psa
coconut_w_husk,Coconut (w/ husk),province,REGION XI (DAVAO REGION),Davao de Oro,Davao de Oro,2024,180942.17,official_psa
coconut_w_husk,Coconut (w/ husk),province,REGION XI (DAVAO REGION),Davao de Oro,Davao de Oro,2025,182884.22,official_psa
coconut_w_husk,Coconut (w/ husk),province,REGION XI (DAVAO REGION),Davao de Oro,Davao de Oro,2026,182420.95,estimated_gap
coconut_w_husk,Coconut (w/ husk),province,REGION XI (DAVAO REGION),Davao del Norte,Davao del Norte,2010,240764.47,official_psa
coconut_w_husk,Coconut (w/ husk),province,REGION XI (DAVAO REGION),Davao del Norte,Davao del Norte,2011,239304.18,official_psa
coconut_w_husk,Coconut (w/ husk),province,REGION XI (DAVAO REGION),Davao del Norte,Davao del Norte,2012,239635.46,official_psa
coconut_w_husk,Coconut (w/ husk),province,REGION XI (DAVAO REGION),Davao del Norte,Davao del Norte,2013,228096.23,official_psa
coconut_w_husk,Coconut (w/ husk),province,REGION XI (DAVAO REGION),Davao del Norte,Davao del Norte,2014,233921.61,official_psa
coconut_w_husk,Coconut (w/ husk),province,REGION XI (DAVAO REGION),Davao del Norte,Davao del Norte,2015,228876.52,official_psa
coconut_w_husk,Coconut (w/ husk),province,REGION XI (DAVAO REGION),Davao del Norte,Davao del Norte,2016,219317.63,official_psa
coconut_w_husk,Coconut (w/ husk),province,REGION XI (DAVAO REGION),Davao del Norte,Davao del Norte,2017,216663.79,official_psa
coconut_w_husk,Coconut (w/ husk),province,REGION XI (DAVAO REGION),Davao del Norte,Davao del Norte,2018,220929.63,official_psa
coconut_w_husk,Coconut (w/ husk),province,REGION XI (DAVAO REGION),Davao del Norte,Davao del Norte,2019,211770.17,official_psa
coconut_w_husk,Coconut (w/ husk),province,REGION XI (DAVAO REGION),Davao del Norte,Davao del Norte,2020,216388.87,official_psa
coconut_w_husk,Coconut (w/ husk),province,REGION XI (DAVAO REGION),Davao del Norte,Davao del Norte,2021,210606.66,official_psa
coconut_w_husk,Coconut (w/ husk),province,REGION XI (DAVAO REGION),Davao del Norte,Davao del Norte,2022,213351.71,official_psa
coconut_w_husk,Coconut (w/ husk),province,REGION XI (DAVAO REGION),Davao del Norte,Davao del Norte,2023,211511.27,official_psa
coconut_w_husk,Coconut (w/ husk),province,REGION XI (DAVAO REGION),Davao del Norte,Davao del Norte,2024,211502.0,official_psa
coconut_w_husk,Coconut (w/ husk),province,REGION XI (DAVAO REGION),Davao del Norte,Davao del Norte,2025,220012.48,official_psa
coconut_w_husk,Coconut (w/ husk),province,REGION XI (DAVAO REGION),Davao del Norte,Davao del Norte,2026,214035.61,estimated_gap
coconut_w_husk,Coconut (w/ husk),province,REGION XI (DAVAO REGION),Davao del Sur,Davao del Sur,2010,842342.77,official_psa
coconut_w_husk,Coconut (w/ husk),province,REGION XI (DAVAO REGION),Davao del Sur,Davao del Sur,2011,837687.04,official_psa
coconut_w_husk,Coconut (w/ husk),province,REGION XI (DAVAO REGION),Davao del Sur,Davao del Sur,2012,894508.14,official_psa
coconut_w_husk,Coconut (w/ husk),province,REGION XI (DAVAO REGION),Davao del Sur,Davao del Sur,2013,912016.89,official_psa
coconut_w_husk,Coconut (w/ husk),province,REGION XI (DAVAO REGION),Davao del Sur,Davao del Sur,2014,938557.05,official_psa
coconut_w_husk,Coconut (w/ husk),province,REGION XI (DAVAO REGION),Davao del Sur,Davao del Sur,2015,872895.86,official_psa
coconut_w_husk,Coconut (w/ husk),province,REGION XI (DAVAO REGION),Davao del Sur,Davao del Sur,2016,586774.66,official_psa
coconut_w_husk,Coconut (w/ husk),province,REGION XI (DAVAO REGION),Davao del Sur,Davao del Sur,2017,565912.61,official_psa
coconut_w_husk,Coconut (w/ husk),province,REGION XI (DAVAO REGION),Davao del Sur,Davao del Sur,2018,615674.17,official_psa
coconut_w_husk,Coconut (w/ husk),province,REGION XI (DAVAO REGION),Davao del Sur,Davao del Sur,2019,218404.09,official_psa
coconut_w_husk,Coconut (w/ husk),province,REGION XI (DAVAO REGION),Davao del Sur,Davao del Sur,2020,231029.82,official_psa
coconut_w_husk,Coconut (w/ husk),province,REGION XI (DAVAO REGION),Davao del Sur,Davao del Sur,2021,231455.38,official_psa
coconut_w_husk,Coconut (w/ husk),province,REGION XI (DAVAO REGION),Davao del Sur,Davao del Sur,2022,239812.58,official_psa
coconut_w_husk,Coconut (w/ husk),province,REGION XI (DAVAO REGION),Davao del Sur,Davao del Sur,2023,539400.15,official_psa
coconut_w_husk,Coconut (w/ husk),province,REGION XI (DAVAO REGION),Davao del Sur,Davao del Sur,2024,532950.77,official_psa
coconut_w_husk,Coconut (w/ husk),province,REGION XI (DAVAO REGION),Davao del Sur,Davao del Sur,2025,344029.1,official_psa
coconut_w_husk,Coconut (w/ husk),province,REGION XI (DAVAO REGION),Davao del Sur,Davao del Sur,2026,306576.58,estimated_gap
coconut_w_husk,Coconut (w/ husk),province,REGION XI (DAVAO REGION),Davao Occidental,Davao Occidental,2010,406648.89,estimated_gap
coconut_w_husk,Coconut (w/ husk),province,REGION XI (DAVAO REGION),Davao Occidental,Davao Occidental,2011,406648.89,estimated_gap
coconut_w_husk,Coconut (w/ husk),province,REGION XI (DAVAO REGION),Davao Occidental,Davao Occidental,2012,406648.89,estimated_gap
coconut_w_husk,Coconut (w/ husk),province,REGION XI (DAVAO REGION),Davao Occidental,Davao Occidental,2013,406648.89,estimated_gap
coconut_w_husk,Coconut (w/ husk),province,REGION XI (DAVAO REGION),Davao Occidental,Davao Occidental,2014,406648.89,estimated_gap
coconut_w_husk,Coconut (w/ husk),province,REGION XI (DAVAO REGION),Davao Occidental,Davao Occidental,2015,406648.89,estimated_gap
coconut_w_husk,Coconut (w/ husk),province,REGION XI (DAVAO REGION),Davao Occidental,Davao Occidental,2016,406648.89,estimated_gap
coconut_w_husk,Coconut (w/ husk),province,REGION XI (DAVAO REGION),Davao Occidental,Davao Occidental,2017,406648.89,estimated_gap
coconut_w_husk,Coconut (w/ husk),province,REGION XI (DAVAO REGION),Davao Occidental,Davao Occidental,2018,406648.89,estimated_gap
coconut_w_husk,Coconut (w/ husk),province,REGION XI (DAVAO REGION),Davao Occidental,Davao Occidental,2019,406648.89,official_psa
coconut_w_husk,Coconut (w/ husk),province,REGION XI (DAVAO REGION),Davao Occidental,Davao Occidental,2020,405438.08,official_psa
coconut_w_husk,Coconut (w/ husk),province,REGION XI (DAVAO REGION),Davao Occidental,Davao Occidental,2021,412739.45,official_psa
coconut_w_husk,Coconut (w/ husk),province,REGION XI (DAVAO REGION),Davao Occidental,Davao Occidental,2022,417973.04,official_psa
coconut_w_husk,Coconut (w/ husk),province,REGION XI (DAVAO REGION),Davao Occidental,Davao Occidental,2023,415713.05,official_psa
coconut_w_husk,Coconut (w/ husk),province,REGION XI (DAVAO REGION),Davao Occidental,Davao Occidental,2024,416668.01,official_psa
coconut_w_husk,Coconut (w/ husk),province,REGION XI (DAVAO REGION),Davao Occidental,Davao Occidental,2025,433301.68,official_psa
coconut_w_husk,Coconut (w/ husk),province,REGION XI (DAVAO REGION),Davao Occidental,Davao Occidental,2026,417616.12,estimated_gap
coconut_w_husk,Coconut (w/ husk),province,REGION XI (DAVAO REGION),Davao Oriental,Davao Oriental,2010,1040863.58,official_psa
coconut_w_husk,Coconut (w/ husk),province,REGION XI (DAVAO REGION),Davao Oriental,Davao Oriental,2011,1046223.72,official_psa
coconut_w_husk,Coconut (w/ husk),province,REGION XI (DAVAO REGION),Davao Oriental,Davao Oriental,2012,1071895.91,official_psa
coconut_w_husk,Coconut (w/ husk),province,REGION XI (DAVAO REGION),Davao Oriental,Davao Oriental,2013,693413.95,official_psa
coconut_w_husk,Coconut (w/ husk),province,REGION XI (DAVAO REGION),Davao Oriental,Davao Oriental,2014,724773.3,official_psa
coconut_w_husk,Coconut (w/ husk),province,REGION XI (DAVAO REGION),Davao Oriental,Davao Oriental,2015,703640.98,official_psa
coconut_w_husk,Coconut (w/ husk),province,REGION XI (DAVAO REGION),Davao Oriental,Davao Oriental,2016,653887.58,official_psa
coconut_w_husk,Coconut (w/ husk),province,REGION XI (DAVAO REGION),Davao Oriental,Davao Oriental,2017,666056.13,official_psa
coconut_w_husk,Coconut (w/ husk),province,REGION XI (DAVAO REGION),Davao Oriental,Davao Oriental,2018,657165.43,official_psa
coconut_w_husk,Coconut (w/ husk),province,REGION XI (DAVAO REGION),Davao Oriental,Davao Oriental,2019,657322.86,official_psa
coconut_w_husk,Coconut (w/ husk),province,REGION XI (DAVAO REGION),Davao Oriental,Davao Oriental,2020,660674.28,official_psa
coconut_w_husk,Coconut (w/ husk),province,REGION XI (DAVAO REGION),Davao Oriental,Davao Oriental,2021,660301.15,official_psa
coconut_w_husk,Coconut (w/ husk),province,REGION XI (DAVAO REGION),Davao Oriental,Davao Oriental,2022,658040.56,official_psa
coconut_w_husk,Coconut (w/ husk),province,REGION XI (DAVAO REGION),Davao Oriental,Davao Oriental,2023,640120.75,official_psa
coconut_w_husk,Coconut (w/ husk),province,REGION XI (DAVAO REGION),Davao Oriental,Davao Oriental,2024,627428.83,official_psa
coconut_w_husk,Coconut (w/ husk),province,REGION XI (DAVAO REGION),Davao Oriental,Davao Oriental,2025,637799.57,official_psa
coconut_w_husk,Coconut (w/ husk),province,REGION XI (DAVAO REGION),Davao Oriental,Davao Oriental,2026,631526.04,estimated_gap
coconut_w_husk,Coconut (w/ husk),province,REGION XI (DAVAO REGION),City of Davao,City of Davao,2010,247031.6,official_psa
coconut_w_husk,Coconut (w/ husk),province,REGION XI (DAVAO REGION),City of Davao,City of Davao,2011,253548.39,official_psa
coconut_w_husk,Coconut (w/ husk),province,REGION XI (DAVAO REGION),City of Davao,City of Davao,2012,261295.32,official_psa
coconut_w_husk,Coconut (w/ husk),province,REGION XI (DAVAO REGION),City of Davao,City of Davao,2013,265995.12,official_psa
coconut_w_husk,Coconut (w/ husk),province,REGION XI (DAVAO REGION),City of Davao,City of Davao,2014,255511.93,official_psa
coconut_w_husk,Coconut (w/ husk),province,REGION XI (DAVAO REGION),City of Davao,City of Davao,2015,255639.85,official_psa
coconut_w_husk,Coconut (w/ husk),province,REGION XI (DAVAO REGION),City of Davao,City of Davao,2016,252905.65,official_psa
coconut_w_husk,Coconut (w/ husk),province,REGION XI (DAVAO REGION),City of Davao,City of Davao,2017,255819.05,official_psa
coconut_w_husk,Coconut (w/ husk),province,REGION XI (DAVAO REGION),City of Davao,City of Davao,2018,256571.94,official_psa
coconut_w_husk,Coconut (w/ husk),province,REGION XI (DAVAO REGION),City of Davao,City of Davao,2019,255932.19,official_psa
coconut_w_husk,Coconut (w/ husk),province,REGION XI (DAVAO REGION),City of Davao,City of Davao,2020,265975.52,official_psa
coconut_w_husk,Coconut (w/ husk),province,REGION XI (DAVAO REGION),City of Davao,City of Davao,2021,285213.96,official_psa
coconut_w_husk,Coconut (w/ husk),province,REGION XI (DAVAO REGION),City of Davao,City of Davao,2022,299869.09,official_psa
coconut_w_husk,Coconut (w/ husk),province,REGION XI (DAVAO REGION),City of Davao,City of Davao,2023,259836.17,estimated_gap
coconut_w_husk,Coconut (w/ husk),province,REGION XI (DAVAO REGION),City of Davao,City of Davao,2024,219803.24,estimated_gap
coconut_w_husk,Coconut (w/ husk),province,REGION XI (DAVAO REGION),City of Davao,City of Davao,2025,179770.32,official_psa
coconut_w_husk,Coconut (w/ husk),province,REGION XI (DAVAO REGION),City of Davao,City of Davao,2026,286867.03,estimated_gap
coconut_w_husk,Coconut (w/ husk),region,REGION XII (SOCCSKSARGEN),,REGION XII (SOCCSKSARGEN),2010,864270.35,official_psa
coconut_w_husk,Coconut (w/ husk),region,REGION XII (SOCCSKSARGEN),,REGION XII (SOCCSKSARGEN),2011,879867.5,official_psa
coconut_w_husk,Coconut (w/ husk),region,REGION XII (SOCCSKSARGEN),,REGION XII (SOCCSKSARGEN),2012,985175.4,official_psa
coconut_w_husk,Coconut (w/ husk),region,REGION XII (SOCCSKSARGEN),,REGION XII (SOCCSKSARGEN),2013,1040610.03,official_psa
coconut_w_husk,Coconut (w/ husk),region,REGION XII (SOCCSKSARGEN),,REGION XII (SOCCSKSARGEN),2014,1071706.81,official_psa
coconut_w_husk,Coconut (w/ husk),region,REGION XII (SOCCSKSARGEN),,REGION XII (SOCCSKSARGEN),2015,1159818.07,official_psa
coconut_w_husk,Coconut (w/ husk),region,REGION XII (SOCCSKSARGEN),,REGION XII (SOCCSKSARGEN),2016,958350.87,official_psa
coconut_w_husk,Coconut (w/ husk),region,REGION XII (SOCCSKSARGEN),,REGION XII (SOCCSKSARGEN),2017,938162.31,official_psa
coconut_w_husk,Coconut (w/ husk),region,REGION XII (SOCCSKSARGEN),,REGION XII (SOCCSKSARGEN),2018,1136422.03,official_psa
coconut_w_husk,Coconut (w/ husk),region,REGION XII (SOCCSKSARGEN),,REGION XII (SOCCSKSARGEN),2019,1160991.14,official_psa
coconut_w_husk,Coconut (w/ husk),region,REGION XII (SOCCSKSARGEN),,REGION XII (SOCCSKSARGEN),2020,1162645.64,official_psa
coconut_w_husk,Coconut (w/ husk),region,REGION XII (SOCCSKSARGEN),,REGION XII (SOCCSKSARGEN),2021,1213695.23,official_psa
coconut_w_husk,Coconut (w/ husk),region,REGION XII (SOCCSKSARGEN),,REGION XII (SOCCSKSARGEN),2022,1230020.14,official_psa
coconut_w_husk,Coconut (w/ husk),region,REGION XII (SOCCSKSARGEN),,REGION XII (SOCCSKSARGEN),2023,1223779.74,official_psa
coconut_w_husk,Coconut (w/ husk),region,REGION XII (SOCCSKSARGEN),,REGION XII (SOCCSKSARGEN),2024,1162498.68,official_psa
coconut_w_husk,Coconut (w/ husk),region,REGION XII (SOCCSKSARGEN),,REGION XII (SOCCSKSARGEN),2025,1173208.43,official_psa
coconut_w_husk,Coconut (w/ husk),region,REGION XII (SOCCSKSARGEN),,REGION XII (SOCCSKSARGEN),2026,1217974.81,estimated_gap
coconut_w_husk,Coconut (w/ husk),province,REGION XII (SOCCSKSARGEN),Cotabato,Cotabato,2010,181790.7,official_psa
coconut_w_husk,Coconut (w/ husk),province,REGION XII (SOCCSKSARGEN),Cotabato,Cotabato,2011,187992.54,official_psa
coconut_w_husk,Coconut (w/ husk),province,REGION XII (SOCCSKSARGEN),Cotabato,Cotabato,2012,189834.38,official_psa
coconut_w_husk,Coconut (w/ husk),province,REGION XII (SOCCSKSARGEN),Cotabato,Cotabato,2013,194869.75,official_psa
coconut_w_husk,Coconut (w/ husk),province,REGION XII (SOCCSKSARGEN),Cotabato,Cotabato,2014,197192.49,official_psa
coconut_w_husk,Coconut (w/ husk),province,REGION XII (SOCCSKSARGEN),Cotabato,Cotabato,2015,196721.29,official_psa
coconut_w_husk,Coconut (w/ husk),province,REGION XII (SOCCSKSARGEN),Cotabato,Cotabato,2016,175291.15,official_psa
coconut_w_husk,Coconut (w/ husk),province,REGION XII (SOCCSKSARGEN),Cotabato,Cotabato,2017,168952.91,official_psa
coconut_w_husk,Coconut (w/ husk),province,REGION XII (SOCCSKSARGEN),Cotabato,Cotabato,2018,179883.34,official_psa
coconut_w_husk,Coconut (w/ husk),province,REGION XII (SOCCSKSARGEN),Cotabato,Cotabato,2019,189251.26,official_psa
coconut_w_husk,Coconut (w/ husk),province,REGION XII (SOCCSKSARGEN),Cotabato,Cotabato,2020,186811.28,official_psa
coconut_w_husk,Coconut (w/ husk),province,REGION XII (SOCCSKSARGEN),Cotabato,Cotabato,2021,193292.34,official_psa
coconut_w_husk,Coconut (w/ husk),province,REGION XII (SOCCSKSARGEN),Cotabato,Cotabato,2022,199817.02,official_psa
coconut_w_husk,Coconut (w/ husk),province,REGION XII (SOCCSKSARGEN),Cotabato,Cotabato,2023,204022.6,official_psa
coconut_w_husk,Coconut (w/ husk),province,REGION XII (SOCCSKSARGEN),Cotabato,Cotabato,2024,188210.13,official_psa
coconut_w_husk,Coconut (w/ husk),province,REGION XII (SOCCSKSARGEN),Cotabato,Cotabato,2025,175522.07,official_psa
coconut_w_husk,Coconut (w/ husk),province,REGION XII (SOCCSKSARGEN),Cotabato,Cotabato,2026,163265.21,estimated_gap
coconut_w_husk,Coconut (w/ husk),province,REGION XII (SOCCSKSARGEN),Sarangani,Sarangani,2010,363915.87,official_psa
coconut_w_husk,Coconut (w/ husk),province,REGION XII (SOCCSKSARGEN),Sarangani,Sarangani,2011,365104.48,official_psa
coconut_w_husk,Coconut (w/ husk),province,REGION XII (SOCCSKSARGEN),Sarangani,Sarangani,2012,441578.39,official_psa
coconut_w_husk,Coconut (w/ husk),province,REGION XII (SOCCSKSARGEN),Sarangani,Sarangani,2013,450243.05,official_psa
coconut_w_husk,Coconut (w/ husk),province,REGION XII (SOCCSKSARGEN),Sarangani,Sarangani,2014,452979.33,official_psa
coconut_w_husk,Coconut (w/ husk),province,REGION XII (SOCCSKSARGEN),Sarangani,Sarangani,2015,502889.94,official_psa
coconut_w_husk,Coconut (w/ husk),province,REGION XII (SOCCSKSARGEN),Sarangani,Sarangani,2016,391750.5,official_psa
coconut_w_husk,Coconut (w/ husk),province,REGION XII (SOCCSKSARGEN),Sarangani,Sarangani,2017,387879.09,official_psa
coconut_w_husk,Coconut (w/ husk),province,REGION XII (SOCCSKSARGEN),Sarangani,Sarangani,2018,534101.23,official_psa
coconut_w_husk,Coconut (w/ husk),province,REGION XII (SOCCSKSARGEN),Sarangani,Sarangani,2019,559402.4,official_psa
coconut_w_husk,Coconut (w/ husk),province,REGION XII (SOCCSKSARGEN),Sarangani,Sarangani,2020,573086.52,official_psa
coconut_w_husk,Coconut (w/ husk),province,REGION XII (SOCCSKSARGEN),Sarangani,Sarangani,2021,600582.17,official_psa
coconut_w_husk,Coconut (w/ husk),province,REGION XII (SOCCSKSARGEN),Sarangani,Sarangani,2022,597375.64,official_psa
coconut_w_husk,Coconut (w/ husk),province,REGION XII (SOCCSKSARGEN),Sarangani,Sarangani,2023,594068.38,official_psa
coconut_w_husk,Coconut (w/ husk),province,REGION XII (SOCCSKSARGEN),Sarangani,Sarangani,2024,576860.37,official_psa
coconut_w_husk,Coconut (w/ husk),province,REGION XII (SOCCSKSARGEN),Sarangani,Sarangani,2025,576134.41,official_psa
coconut_w_husk,Coconut (w/ husk),province,REGION XII (SOCCSKSARGEN),Sarangani,Sarangani,2026,605255.93,estimated_gap
coconut_w_husk,Coconut (w/ husk),province,REGION XII (SOCCSKSARGEN),Sultan Kudarat,Sultan Kudarat,2010,157801.37,official_psa
coconut_w_husk,Coconut (w/ husk),province,REGION XII (SOCCSKSARGEN),Sultan Kudarat,Sultan Kudarat,2011,162425.05,official_psa
coconut_w_husk,Coconut (w/ husk),province,REGION XII (SOCCSKSARGEN),Sultan Kudarat,Sultan Kudarat,2012,180189.83,official_psa
coconut_w_husk,Coconut (w/ husk),province,REGION XII (SOCCSKSARGEN),Sultan Kudarat,Sultan Kudarat,2013,217180.76,official_psa
coconut_w_husk,Coconut (w/ husk),province,REGION XII (SOCCSKSARGEN),Sultan Kudarat,Sultan Kudarat,2014,240930.32,official_psa
coconut_w_husk,Coconut (w/ husk),province,REGION XII (SOCCSKSARGEN),Sultan Kudarat,Sultan Kudarat,2015,278810.75,official_psa
coconut_w_husk,Coconut (w/ husk),province,REGION XII (SOCCSKSARGEN),Sultan Kudarat,Sultan Kudarat,2016,235726.11,official_psa
coconut_w_husk,Coconut (w/ husk),province,REGION XII (SOCCSKSARGEN),Sultan Kudarat,Sultan Kudarat,2017,230884.75,official_psa
coconut_w_husk,Coconut (w/ husk),province,REGION XII (SOCCSKSARGEN),Sultan Kudarat,Sultan Kudarat,2018,237044.83,official_psa
coconut_w_husk,Coconut (w/ husk),province,REGION XII (SOCCSKSARGEN),Sultan Kudarat,Sultan Kudarat,2019,237857.74,official_psa
coconut_w_husk,Coconut (w/ husk),province,REGION XII (SOCCSKSARGEN),Sultan Kudarat,Sultan Kudarat,2020,229431.5,official_psa
coconut_w_husk,Coconut (w/ husk),province,REGION XII (SOCCSKSARGEN),Sultan Kudarat,Sultan Kudarat,2021,233453.51,official_psa
coconut_w_husk,Coconut (w/ husk),province,REGION XII (SOCCSKSARGEN),Sultan Kudarat,Sultan Kudarat,2022,241875.26,official_psa
coconut_w_husk,Coconut (w/ husk),province,REGION XII (SOCCSKSARGEN),Sultan Kudarat,Sultan Kudarat,2023,225127.04,official_psa
coconut_w_husk,Coconut (w/ husk),province,REGION XII (SOCCSKSARGEN),Sultan Kudarat,Sultan Kudarat,2024,203881.78,official_psa
coconut_w_husk,Coconut (w/ husk),province,REGION XII (SOCCSKSARGEN),Sultan Kudarat,Sultan Kudarat,2025,211038.59,official_psa
coconut_w_husk,Coconut (w/ husk),province,REGION XII (SOCCSKSARGEN),Sultan Kudarat,Sultan Kudarat,2026,247859.89,estimated_gap
coconut_w_husk,Coconut (w/ husk),province,REGION XII (SOCCSKSARGEN),South Cotabato,South Cotabato,2010,160762.41,official_psa
coconut_w_husk,Coconut (w/ husk),province,REGION XII (SOCCSKSARGEN),South Cotabato,South Cotabato,2011,164345.43,official_psa
coconut_w_husk,Coconut (w/ husk),province,REGION XII (SOCCSKSARGEN),South Cotabato,South Cotabato,2012,173572.8,official_psa
coconut_w_husk,Coconut (w/ husk),province,REGION XII (SOCCSKSARGEN),South Cotabato,South Cotabato,2013,178316.48,official_psa
coconut_w_husk,Coconut (w/ husk),province,REGION XII (SOCCSKSARGEN),South Cotabato,South Cotabato,2014,180604.68,official_psa
coconut_w_husk,Coconut (w/ husk),province,REGION XII (SOCCSKSARGEN),South Cotabato,South Cotabato,2015,181396.09,official_psa
coconut_w_husk,Coconut (w/ husk),province,REGION XII (SOCCSKSARGEN),South Cotabato,South Cotabato,2016,155583.11,official_psa
coconut_w_husk,Coconut (w/ husk),province,REGION XII (SOCCSKSARGEN),South Cotabato,South Cotabato,2017,150445.56,official_psa
coconut_w_husk,Coconut (w/ husk),province,REGION XII (SOCCSKSARGEN),South Cotabato,South Cotabato,2018,185392.63,official_psa
coconut_w_husk,Coconut (w/ husk),province,REGION XII (SOCCSKSARGEN),South Cotabato,South Cotabato,2019,174479.74,official_psa
coconut_w_husk,Coconut (w/ husk),province,REGION XII (SOCCSKSARGEN),South Cotabato,South Cotabato,2020,173316.34,official_psa
coconut_w_husk,Coconut (w/ husk),province,REGION XII (SOCCSKSARGEN),South Cotabato,South Cotabato,2021,186367.21,official_psa
coconut_w_husk,Coconut (w/ husk),province,REGION XII (SOCCSKSARGEN),South Cotabato,South Cotabato,2022,190952.22,official_psa
coconut_w_husk,Coconut (w/ husk),province,REGION XII (SOCCSKSARGEN),South Cotabato,South Cotabato,2023,200561.72,official_psa
coconut_w_husk,Coconut (w/ husk),province,REGION XII (SOCCSKSARGEN),South Cotabato,South Cotabato,2024,193546.4,official_psa
coconut_w_husk,Coconut (w/ husk),province,REGION XII (SOCCSKSARGEN),South Cotabato,South Cotabato,2025,210513.36,official_psa
coconut_w_husk,Coconut (w/ husk),province,REGION XII (SOCCSKSARGEN),South Cotabato,South Cotabato,2026,198102.66,estimated_gap
coconut_w_husk,Coconut (w/ husk),region,REGION XIII (CARAGA),,REGION XIII (CARAGA),2010,974213.35,official_psa
coconut_w_husk,Coconut (w/ husk),region,REGION XIII (CARAGA),,REGION XIII (CARAGA),2011,879399.51,official_psa
coconut_w_husk,Coconut (w/ husk),region,REGION XIII (CARAGA),,REGION XIII (CARAGA),2012,880883.08,official_psa
coconut_w_husk,Coconut (w/ husk),region,REGION XIII (CARAGA),,REGION XIII (CARAGA),2013,834917.16,official_psa
coconut_w_husk,Coconut (w/ husk),region,REGION XIII (CARAGA),,REGION XIII (CARAGA),2014,821512.71,official_psa
coconut_w_husk,Coconut (w/ husk),region,REGION XIII (CARAGA),,REGION XIII (CARAGA),2015,804722.84,official_psa
coconut_w_husk,Coconut (w/ husk),region,REGION XIII (CARAGA),,REGION XIII (CARAGA),2016,775472.67,official_psa
coconut_w_husk,Coconut (w/ husk),region,REGION XIII (CARAGA),,REGION XIII (CARAGA),2017,781615.38,official_psa
coconut_w_husk,Coconut (w/ husk),region,REGION XIII (CARAGA),,REGION XIII (CARAGA),2018,794555.19,official_psa
coconut_w_husk,Coconut (w/ husk),region,REGION XIII (CARAGA),,REGION XIII (CARAGA),2019,781883.61,official_psa
coconut_w_husk,Coconut (w/ husk),region,REGION XIII (CARAGA),,REGION XIII (CARAGA),2020,764124.45,official_psa
coconut_w_husk,Coconut (w/ husk),region,REGION XIII (CARAGA),,REGION XIII (CARAGA),2021,757116.51,official_psa
coconut_w_husk,Coconut (w/ husk),region,REGION XIII (CARAGA),,REGION XIII (CARAGA),2022,676721.78,official_psa
coconut_w_husk,Coconut (w/ husk),region,REGION XIII (CARAGA),,REGION XIII (CARAGA),2023,642939.67,official_psa
coconut_w_husk,Coconut (w/ husk),region,REGION XIII (CARAGA),,REGION XIII (CARAGA),2024,656836.73,official_psa
coconut_w_husk,Coconut (w/ husk),region,REGION XIII (CARAGA),,REGION XIII (CARAGA),2025,689995.08,official_psa
coconut_w_husk,Coconut (w/ husk),region,REGION XIII (CARAGA),,REGION XIII (CARAGA),2026,721440.66,estimated_gap
coconut_w_husk,Coconut (w/ husk),province,REGION XIII (CARAGA),Agusan del Norte,Agusan del Norte,2010,161984.87,official_psa
coconut_w_husk,Coconut (w/ husk),province,REGION XIII (CARAGA),Agusan del Norte,Agusan del Norte,2011,152914.22,official_psa
coconut_w_husk,Coconut (w/ husk),province,REGION XIII (CARAGA),Agusan del Norte,Agusan del Norte,2012,154737.61,official_psa
coconut_w_husk,Coconut (w/ husk),province,REGION XIII (CARAGA),Agusan del Norte,Agusan del Norte,2013,159448.52,official_psa
coconut_w_husk,Coconut (w/ husk),province,REGION XIII (CARAGA),Agusan del Norte,Agusan del Norte,2014,156741.46,official_psa
coconut_w_husk,Coconut (w/ husk),province,REGION XIII (CARAGA),Agusan del Norte,Agusan del Norte,2015,158349.41,official_psa
coconut_w_husk,Coconut (w/ husk),province,REGION XIII (CARAGA),Agusan del Norte,Agusan del Norte,2016,169238.33,official_psa
coconut_w_husk,Coconut (w/ husk),province,REGION XIII (CARAGA),Agusan del Norte,Agusan del Norte,2017,170713.32,official_psa
coconut_w_husk,Coconut (w/ husk),province,REGION XIII (CARAGA),Agusan del Norte,Agusan del Norte,2018,171979.19,official_psa
coconut_w_husk,Coconut (w/ husk),province,REGION XIII (CARAGA),Agusan del Norte,Agusan del Norte,2019,171618.11,official_psa
coconut_w_husk,Coconut (w/ husk),province,REGION XIII (CARAGA),Agusan del Norte,Agusan del Norte,2020,161140.0,official_psa
coconut_w_husk,Coconut (w/ husk),province,REGION XIII (CARAGA),Agusan del Norte,Agusan del Norte,2021,168560.04,official_psa
coconut_w_husk,Coconut (w/ husk),province,REGION XIII (CARAGA),Agusan del Norte,Agusan del Norte,2022,155135.0,official_psa
coconut_w_husk,Coconut (w/ husk),province,REGION XIII (CARAGA),Agusan del Norte,Agusan del Norte,2023,163805.5,official_psa
coconut_w_husk,Coconut (w/ husk),province,REGION XIII (CARAGA),Agusan del Norte,Agusan del Norte,2024,164108.91,official_psa
coconut_w_husk,Coconut (w/ husk),province,REGION XIII (CARAGA),Agusan del Norte,Agusan del Norte,2025,168569.37,official_psa
coconut_w_husk,Coconut (w/ husk),province,REGION XIII (CARAGA),Agusan del Norte,Agusan del Norte,2026,117715.51,estimated_gap
coconut_w_husk,Coconut (w/ husk),province,REGION XIII (CARAGA),Agusan del Sur,Agusan del Sur,2010,42205.25,official_psa
coconut_w_husk,Coconut (w/ husk),province,REGION XIII (CARAGA),Agusan del Sur,Agusan del Sur,2011,40950.02,official_psa
coconut_w_husk,Coconut (w/ husk),province,REGION XIII (CARAGA),Agusan del Sur,Agusan del Sur,2012,43360.83,official_psa
coconut_w_husk,Coconut (w/ husk),province,REGION XIII (CARAGA),Agusan del Sur,Agusan del Sur,2013,37552.27,official_psa
coconut_w_husk,Coconut (w/ husk),province,REGION XIII (CARAGA),Agusan del Sur,Agusan del Sur,2014,42242.98,official_psa
coconut_w_husk,Coconut (w/ husk),province,REGION XIII (CARAGA),Agusan del Sur,Agusan del Sur,2015,38137.34,official_psa
coconut_w_husk,Coconut (w/ husk),province,REGION XIII (CARAGA),Agusan del Sur,Agusan del Sur,2016,49770.29,official_psa
coconut_w_husk,Coconut (w/ husk),province,REGION XIII (CARAGA),Agusan del Sur,Agusan del Sur,2017,47544.81,official_psa
coconut_w_husk,Coconut (w/ husk),province,REGION XIII (CARAGA),Agusan del Sur,Agusan del Sur,2018,47838.47,official_psa
coconut_w_husk,Coconut (w/ husk),province,REGION XIII (CARAGA),Agusan del Sur,Agusan del Sur,2019,48683.92,official_psa
coconut_w_husk,Coconut (w/ husk),province,REGION XIII (CARAGA),Agusan del Sur,Agusan del Sur,2020,47046.08,official_psa
coconut_w_husk,Coconut (w/ husk),province,REGION XIII (CARAGA),Agusan del Sur,Agusan del Sur,2021,44437.65,official_psa
coconut_w_husk,Coconut (w/ husk),province,REGION XIII (CARAGA),Agusan del Sur,Agusan del Sur,2022,44608.55,official_psa
coconut_w_husk,Coconut (w/ husk),province,REGION XIII (CARAGA),Agusan del Sur,Agusan del Sur,2023,45165.96,official_psa
coconut_w_husk,Coconut (w/ husk),province,REGION XIII (CARAGA),Agusan del Sur,Agusan del Sur,2024,43957.29,official_psa
coconut_w_husk,Coconut (w/ husk),province,REGION XIII (CARAGA),Agusan del Sur,Agusan del Sur,2025,50219.24,official_psa
coconut_w_husk,Coconut (w/ husk),province,REGION XIII (CARAGA),Agusan del Sur,Agusan del Sur,2026,119613.54,estimated_gap
coconut_w_husk,Coconut (w/ husk),province,REGION XIII (CARAGA),Dinagat Islands,Dinagat Islands,2010,12426.68,estimated_gap
coconut_w_husk,Coconut (w/ husk),province,REGION XIII (CARAGA),Dinagat Islands,Dinagat Islands,2011,12426.68,estimated_gap
coconut_w_husk,Coconut (w/ husk),province,REGION XIII (CARAGA),Dinagat Islands,Dinagat Islands,2012,12426.68,estimated_gap
coconut_w_husk,Coconut (w/ husk),province,REGION XIII (CARAGA),Dinagat Islands,Dinagat Islands,2013,12426.68,official_psa
coconut_w_husk,Coconut (w/ husk),province,REGION XIII (CARAGA),Dinagat Islands,Dinagat Islands,2014,10788.49,official_psa
coconut_w_husk,Coconut (w/ husk),province,REGION XIII (CARAGA),Dinagat Islands,Dinagat Islands,2015,11171.99,official_psa
coconut_w_husk,Coconut (w/ husk),province,REGION XIII (CARAGA),Dinagat Islands,Dinagat Islands,2016,10397.31,official_psa
coconut_w_husk,Coconut (w/ husk),province,REGION XIII (CARAGA),Dinagat Islands,Dinagat Islands,2017,10897.15,official_psa
coconut_w_husk,Coconut (w/ husk),province,REGION XIII (CARAGA),Dinagat Islands,Dinagat Islands,2018,10648.01,official_psa
coconut_w_husk,Coconut (w/ husk),province,REGION XIII (CARAGA),Dinagat Islands,Dinagat Islands,2019,8915.77,official_psa
coconut_w_husk,Coconut (w/ husk),province,REGION XIII (CARAGA),Dinagat Islands,Dinagat Islands,2020,8973.97,official_psa
coconut_w_husk,Coconut (w/ husk),province,REGION XIII (CARAGA),Dinagat Islands,Dinagat Islands,2021,8616.29,official_psa
coconut_w_husk,Coconut (w/ husk),province,REGION XIII (CARAGA),Dinagat Islands,Dinagat Islands,2022,3060.96,official_psa
coconut_w_husk,Coconut (w/ husk),province,REGION XIII (CARAGA),Dinagat Islands,Dinagat Islands,2023,3822.77,official_psa
coconut_w_husk,Coconut (w/ husk),province,REGION XIII (CARAGA),Dinagat Islands,Dinagat Islands,2024,5999.47,official_psa
coconut_w_husk,Coconut (w/ husk),province,REGION XIII (CARAGA),Dinagat Islands,Dinagat Islands,2025,6644.45,official_psa
coconut_w_husk,Coconut (w/ husk),province,REGION XIII (CARAGA),Dinagat Islands,Dinagat Islands,2026,11439.11,estimated_gap
coconut_w_husk,Coconut (w/ husk),province,REGION XIII (CARAGA),Surigao del Norte,Surigao del Norte,2010,317371.85,official_psa
coconut_w_husk,Coconut (w/ husk),province,REGION XIII (CARAGA),Surigao del Norte,Surigao del Norte,2011,265307.56,official_psa
coconut_w_husk,Coconut (w/ husk),province,REGION XIII (CARAGA),Surigao del Norte,Surigao del Norte,2012,265752.64,official_psa
coconut_w_husk,Coconut (w/ husk),province,REGION XIII (CARAGA),Surigao del Norte,Surigao del Norte,2013,222882.9,official_psa
coconut_w_husk,Coconut (w/ husk),province,REGION XIII (CARAGA),Surigao del Norte,Surigao del Norte,2014,208105.28,official_psa
coconut_w_husk,Coconut (w/ husk),province,REGION XIII (CARAGA),Surigao del Norte,Surigao del Norte,2015,199839.71,official_psa
coconut_w_husk,Coconut (w/ husk),province,REGION XIII (CARAGA),Surigao del Norte,Surigao del Norte,2016,168335.04,official_psa
coconut_w_husk,Coconut (w/ husk),province,REGION XIII (CARAGA),Surigao del Norte,Surigao del Norte,2017,165368.35,official_psa
coconut_w_husk,Coconut (w/ husk),province,REGION XIII (CARAGA),Surigao del Norte,Surigao del Norte,2018,152814.43,official_psa
coconut_w_husk,Coconut (w/ husk),province,REGION XIII (CARAGA),Surigao del Norte,Surigao del Norte,2019,136819.77,official_psa
coconut_w_husk,Coconut (w/ husk),province,REGION XIII (CARAGA),Surigao del Norte,Surigao del Norte,2020,139259.53,official_psa
coconut_w_husk,Coconut (w/ husk),province,REGION XIII (CARAGA),Surigao del Norte,Surigao del Norte,2021,131753.93,official_psa
coconut_w_husk,Coconut (w/ husk),province,REGION XIII (CARAGA),Surigao del Norte,Surigao del Norte,2022,57441.4,official_psa
coconut_w_husk,Coconut (w/ husk),province,REGION XIII (CARAGA),Surigao del Norte,Surigao del Norte,2023,52451.69,official_psa
coconut_w_husk,Coconut (w/ husk),province,REGION XIII (CARAGA),Surigao del Norte,Surigao del Norte,2024,65693.83,official_psa
coconut_w_husk,Coconut (w/ husk),province,REGION XIII (CARAGA),Surigao del Norte,Surigao del Norte,2025,89419.12,official_psa
coconut_w_husk,Coconut (w/ husk),province,REGION XIII (CARAGA),Surigao del Norte,Surigao del Norte,2026,74443.28,estimated_gap
coconut_w_husk,Coconut (w/ husk),province,REGION XIII (CARAGA),Surigao del Sur,Surigao del Sur,2010,452651.38,official_psa
coconut_w_husk,Coconut (w/ husk),province,REGION XIII (CARAGA),Surigao del Sur,Surigao del Sur,2011,420227.71,official_psa
coconut_w_husk,Coconut (w/ husk),province,REGION XIII (CARAGA),Surigao del Sur,Surigao del Sur,2012,417032.0,official_psa
coconut_w_husk,Coconut (w/ husk),province,REGION XIII (CARAGA),Surigao del Sur,Surigao del Sur,2013,402606.8,official_psa
coconut_w_husk,Coconut (w/ husk),province,REGION XIII (CARAGA),Surigao del Sur,Surigao del Sur,2014,403634.5,official_psa
coconut_w_husk,Coconut (w/ husk),province,REGION XIII (CARAGA),Surigao del Sur,Surigao del Sur,2015,397224.4,official_psa
coconut_w_husk,Coconut (w/ husk),province,REGION XIII (CARAGA),Surigao del Sur,Surigao del Sur,2016,377731.7,official_psa
coconut_w_husk,Coconut (w/ husk),province,REGION XIII (CARAGA),Surigao del Sur,Surigao del Sur,2017,387091.77,official_psa
coconut_w_husk,Coconut (w/ husk),province,REGION XIII (CARAGA),Surigao del Sur,Surigao del Sur,2018,411275.08,official_psa
coconut_w_husk,Coconut (w/ husk),province,REGION XIII (CARAGA),Surigao del Sur,Surigao del Sur,2019,415846.04,official_psa
coconut_w_husk,Coconut (w/ husk),province,REGION XIII (CARAGA),Surigao del Sur,Surigao del Sur,2020,407704.87,official_psa
coconut_w_husk,Coconut (w/ husk),province,REGION XIII (CARAGA),Surigao del Sur,Surigao del Sur,2021,403748.6,official_psa
coconut_w_husk,Coconut (w/ husk),province,REGION XIII (CARAGA),Surigao del Sur,Surigao del Sur,2022,416475.87,official_psa
coconut_w_husk,Coconut (w/ husk),province,REGION XIII (CARAGA),Surigao del Sur,Surigao del Sur,2023,377693.75,official_psa
coconut_w_husk,Coconut (w/ husk),province,REGION XIII (CARAGA),Surigao del Sur,Surigao del Sur,2024,377077.23,official_psa
coconut_w_husk,Coconut (w/ husk),province,REGION XIII (CARAGA),Surigao del Sur,Surigao del Sur,2025,375142.89,official_psa
coconut_w_husk,Coconut (w/ husk),province,REGION XIII (CARAGA),Surigao del Sur,Surigao del Sur,2026,380464.11,estimated_gap
coconut_w_husk,Coconut (w/ husk),province,REGION XIII (CARAGA),City of Butuan,City of Butuan,2010,283895.76,estimated_gap
coconut_w_husk,Coconut (w/ husk),province,REGION XIII (CARAGA),City of Butuan,City of Butuan,2011,283895.76,estimated_gap
coconut_w_husk,Coconut (w/ husk),province,REGION XIII (CARAGA),City of Butuan,City of Butuan,2012,283895.76,estimated_gap
coconut_w_husk,Coconut (w/ husk),province,REGION XIII (CARAGA),City of Butuan,City of Butuan,2013,283895.76,estimated_gap
coconut_w_husk,Coconut (w/ husk),province,REGION XIII (CARAGA),City of Butuan,City of Butuan,2014,283895.76,estimated_gap
coconut_w_husk,Coconut (w/ husk),province,REGION XIII (CARAGA),City of Butuan,City of Butuan,2015,283895.76,estimated_gap
coconut_w_husk,Coconut (w/ husk),province,REGION XIII (CARAGA),City of Butuan,City of Butuan,2016,283895.76,estimated_gap
coconut_w_husk,Coconut (w/ husk),province,REGION XIII (CARAGA),City of Butuan,City of Butuan,2017,283895.76,estimated_gap
coconut_w_husk,Coconut (w/ husk),province,REGION XIII (CARAGA),City of Butuan,City of Butuan,2018,283895.76,estimated_gap
coconut_w_husk,Coconut (w/ husk),province,REGION XIII (CARAGA),City of Butuan,City of Butuan,2019,283895.76,estimated_gap
coconut_w_husk,Coconut (w/ husk),province,REGION XIII (CARAGA),City of Butuan,City of Butuan,2020,283895.76,estimated_gap
coconut_w_husk,Coconut (w/ husk),province,REGION XIII (CARAGA),City of Butuan,City of Butuan,2021,283895.76,estimated_gap
coconut_w_husk,Coconut (w/ husk),province,REGION XIII (CARAGA),City of Butuan,City of Butuan,2022,283895.76,estimated_gap
coconut_w_husk,Coconut (w/ husk),province,REGION XIII (CARAGA),City of Butuan,City of Butuan,2023,283895.76,estimated_gap
coconut_w_husk,Coconut (w/ husk),province,REGION XIII (CARAGA),City of Butuan,City of Butuan,2024,283895.76,official_psa
coconut_w_husk,Coconut (w/ husk),province,REGION XIII (CARAGA),City of Butuan,City of Butuan,2025,283895.76,estimated_gap
coconut_w_husk,Coconut (w/ husk),province,REGION XIII (CARAGA),City of Butuan,City of Butuan,2026,80423.1,estimated_gap
coconut_w_husk,Coconut (w/ husk),region,BANGSAMORO AUTONOMOUS REGION IN MUSLIM MINDANAO (BARMM),,BANGSAMORO AUTONOMOUS REGION IN MUSLIM MINDANAO (BARMM),2010,1254755.49,official_psa
coconut_w_husk,Coconut (w/ husk),region,BANGSAMORO AUTONOMOUS REGION IN MUSLIM MINDANAO (BARMM),,BANGSAMORO AUTONOMOUS REGION IN MUSLIM MINDANAO (BARMM),2011,1269268.4,official_psa
coconut_w_husk,Coconut (w/ husk),region,BANGSAMORO AUTONOMOUS REGION IN MUSLIM MINDANAO (BARMM),,BANGSAMORO AUTONOMOUS REGION IN MUSLIM MINDANAO (BARMM),2012,1311218.9,official_psa
coconut_w_husk,Coconut (w/ husk),region,BANGSAMORO AUTONOMOUS REGION IN MUSLIM MINDANAO (BARMM),,BANGSAMORO AUTONOMOUS REGION IN MUSLIM MINDANAO (BARMM),2013,1327298.98,official_psa
coconut_w_husk,Coconut (w/ husk),region,BANGSAMORO AUTONOMOUS REGION IN MUSLIM MINDANAO (BARMM),,BANGSAMORO AUTONOMOUS REGION IN MUSLIM MINDANAO (BARMM),2014,1356181.58,official_psa
coconut_w_husk,Coconut (w/ husk),region,BANGSAMORO AUTONOMOUS REGION IN MUSLIM MINDANAO (BARMM),,BANGSAMORO AUTONOMOUS REGION IN MUSLIM MINDANAO (BARMM),2015,1393167.92,official_psa
coconut_w_husk,Coconut (w/ husk),region,BANGSAMORO AUTONOMOUS REGION IN MUSLIM MINDANAO (BARMM),,BANGSAMORO AUTONOMOUS REGION IN MUSLIM MINDANAO (BARMM),2016,1376545.21,official_psa
coconut_w_husk,Coconut (w/ husk),region,BANGSAMORO AUTONOMOUS REGION IN MUSLIM MINDANAO (BARMM),,BANGSAMORO AUTONOMOUS REGION IN MUSLIM MINDANAO (BARMM),2017,1324068.91,official_psa
coconut_w_husk,Coconut (w/ husk),region,BANGSAMORO AUTONOMOUS REGION IN MUSLIM MINDANAO (BARMM),,BANGSAMORO AUTONOMOUS REGION IN MUSLIM MINDANAO (BARMM),2018,1338625.16,official_psa
coconut_w_husk,Coconut (w/ husk),region,BANGSAMORO AUTONOMOUS REGION IN MUSLIM MINDANAO (BARMM),,BANGSAMORO AUTONOMOUS REGION IN MUSLIM MINDANAO (BARMM),2019,1331804.97,official_psa
coconut_w_husk,Coconut (w/ husk),region,BANGSAMORO AUTONOMOUS REGION IN MUSLIM MINDANAO (BARMM),,BANGSAMORO AUTONOMOUS REGION IN MUSLIM MINDANAO (BARMM),2020,1347973.4,official_psa
coconut_w_husk,Coconut (w/ husk),region,BANGSAMORO AUTONOMOUS REGION IN MUSLIM MINDANAO (BARMM),,BANGSAMORO AUTONOMOUS REGION IN MUSLIM MINDANAO (BARMM),2021,1362431.88,official_psa
coconut_w_husk,Coconut (w/ husk),region,BANGSAMORO AUTONOMOUS REGION IN MUSLIM MINDANAO (BARMM),,BANGSAMORO AUTONOMOUS REGION IN MUSLIM MINDANAO (BARMM),2022,1372800.44,official_psa
coconut_w_husk,Coconut (w/ husk),region,BANGSAMORO AUTONOMOUS REGION IN MUSLIM MINDANAO (BARMM),,BANGSAMORO AUTONOMOUS REGION IN MUSLIM MINDANAO (BARMM),2023,1364982.22,official_psa
coconut_w_husk,Coconut (w/ husk),region,BANGSAMORO AUTONOMOUS REGION IN MUSLIM MINDANAO (BARMM),,BANGSAMORO AUTONOMOUS REGION IN MUSLIM MINDANAO (BARMM),2024,1277838.96,official_psa
coconut_w_husk,Coconut (w/ husk),region,BANGSAMORO AUTONOMOUS REGION IN MUSLIM MINDANAO (BARMM),,BANGSAMORO AUTONOMOUS REGION IN MUSLIM MINDANAO (BARMM),2025,1404024.73,official_psa
coconut_w_husk,Coconut (w/ husk),region,BANGSAMORO AUTONOMOUS REGION IN MUSLIM MINDANAO (BARMM),,BANGSAMORO AUTONOMOUS REGION IN MUSLIM MINDANAO (BARMM),2026,1111088.21,estimated_gap
coconut_w_husk,Coconut (w/ husk),province,BANGSAMORO AUTONOMOUS REGION IN MUSLIM MINDANAO (BARMM),Basilan,Basilan,2010,212581.63,official_psa
coconut_w_husk,Coconut (w/ husk),province,BANGSAMORO AUTONOMOUS REGION IN MUSLIM MINDANAO (BARMM),Basilan,Basilan,2011,196102.0,official_psa
coconut_w_husk,Coconut (w/ husk),province,BANGSAMORO AUTONOMOUS REGION IN MUSLIM MINDANAO (BARMM),Basilan,Basilan,2012,204023.35,official_psa
coconut_w_husk,Coconut (w/ husk),province,BANGSAMORO AUTONOMOUS REGION IN MUSLIM MINDANAO (BARMM),Basilan,Basilan,2013,193180.0,official_psa
coconut_w_husk,Coconut (w/ husk),province,BANGSAMORO AUTONOMOUS REGION IN MUSLIM MINDANAO (BARMM),Basilan,Basilan,2014,182236.25,official_psa
coconut_w_husk,Coconut (w/ husk),province,BANGSAMORO AUTONOMOUS REGION IN MUSLIM MINDANAO (BARMM),Basilan,Basilan,2015,163250.75,official_psa
coconut_w_husk,Coconut (w/ husk),province,BANGSAMORO AUTONOMOUS REGION IN MUSLIM MINDANAO (BARMM),Basilan,Basilan,2016,123594.0,official_psa
coconut_w_husk,Coconut (w/ husk),province,BANGSAMORO AUTONOMOUS REGION IN MUSLIM MINDANAO (BARMM),Basilan,Basilan,2017,64446.4,official_psa
coconut_w_husk,Coconut (w/ husk),province,BANGSAMORO AUTONOMOUS REGION IN MUSLIM MINDANAO (BARMM),Basilan,Basilan,2018,49153.79,official_psa
coconut_w_husk,Coconut (w/ husk),province,BANGSAMORO AUTONOMOUS REGION IN MUSLIM MINDANAO (BARMM),Basilan,Basilan,2019,37745.6,official_psa
coconut_w_husk,Coconut (w/ husk),province,BANGSAMORO AUTONOMOUS REGION IN MUSLIM MINDANAO (BARMM),Basilan,Basilan,2020,37344.12,official_psa
coconut_w_husk,Coconut (w/ husk),province,BANGSAMORO AUTONOMOUS REGION IN MUSLIM MINDANAO (BARMM),Basilan,Basilan,2021,37775.95,official_psa
coconut_w_husk,Coconut (w/ husk),province,BANGSAMORO AUTONOMOUS REGION IN MUSLIM MINDANAO (BARMM),Basilan,Basilan,2022,38118.28,official_psa
coconut_w_husk,Coconut (w/ husk),province,BANGSAMORO AUTONOMOUS REGION IN MUSLIM MINDANAO (BARMM),Basilan,Basilan,2023,38239.49,official_psa
coconut_w_husk,Coconut (w/ husk),province,BANGSAMORO AUTONOMOUS REGION IN MUSLIM MINDANAO (BARMM),Basilan,Basilan,2024,34716.87,official_psa
coconut_w_husk,Coconut (w/ husk),province,BANGSAMORO AUTONOMOUS REGION IN MUSLIM MINDANAO (BARMM),Basilan,Basilan,2025,38048.47,official_psa
coconut_w_husk,Coconut (w/ husk),province,BANGSAMORO AUTONOMOUS REGION IN MUSLIM MINDANAO (BARMM),Basilan,Basilan,2026,27221.08,estimated_gap
coconut_w_husk,Coconut (w/ husk),province,BANGSAMORO AUTONOMOUS REGION IN MUSLIM MINDANAO (BARMM),Lanao del Sur,Lanao del Sur,2010,174120.4,official_psa
coconut_w_husk,Coconut (w/ husk),province,BANGSAMORO AUTONOMOUS REGION IN MUSLIM MINDANAO (BARMM),Lanao del Sur,Lanao del Sur,2011,175153.5,official_psa
coconut_w_husk,Coconut (w/ husk),province,BANGSAMORO AUTONOMOUS REGION IN MUSLIM MINDANAO (BARMM),Lanao del Sur,Lanao del Sur,2012,174345.6,official_psa
coconut_w_husk,Coconut (w/ husk),province,BANGSAMORO AUTONOMOUS REGION IN MUSLIM MINDANAO (BARMM),Lanao del Sur,Lanao del Sur,2013,171246.73,official_psa
coconut_w_husk,Coconut (w/ husk),province,BANGSAMORO AUTONOMOUS REGION IN MUSLIM MINDANAO (BARMM),Lanao del Sur,Lanao del Sur,2014,177145.34,official_psa
coconut_w_husk,Coconut (w/ husk),province,BANGSAMORO AUTONOMOUS REGION IN MUSLIM MINDANAO (BARMM),Lanao del Sur,Lanao del Sur,2015,184781.14,official_psa
coconut_w_husk,Coconut (w/ husk),province,BANGSAMORO AUTONOMOUS REGION IN MUSLIM MINDANAO (BARMM),Lanao del Sur,Lanao del Sur,2016,185224.31,official_psa
coconut_w_husk,Coconut (w/ husk),province,BANGSAMORO AUTONOMOUS REGION IN MUSLIM MINDANAO (BARMM),Lanao del Sur,Lanao del Sur,2017,186574.26,official_psa
coconut_w_husk,Coconut (w/ husk),province,BANGSAMORO AUTONOMOUS REGION IN MUSLIM MINDANAO (BARMM),Lanao del Sur,Lanao del Sur,2018,187276.0,official_psa
coconut_w_husk,Coconut (w/ husk),province,BANGSAMORO AUTONOMOUS REGION IN MUSLIM MINDANAO (BARMM),Lanao del Sur,Lanao del Sur,2019,187566.5,official_psa
coconut_w_husk,Coconut (w/ husk),province,BANGSAMORO AUTONOMOUS REGION IN MUSLIM MINDANAO (BARMM),Lanao del Sur,Lanao del Sur,2020,188858.5,official_psa
coconut_w_husk,Coconut (w/ husk),province,BANGSAMORO AUTONOMOUS REGION IN MUSLIM MINDANAO (BARMM),Lanao del Sur,Lanao del Sur,2021,188862.08,official_psa
coconut_w_husk,Coconut (w/ husk),province,BANGSAMORO AUTONOMOUS REGION IN MUSLIM MINDANAO (BARMM),Lanao del Sur,Lanao del Sur,2022,188858.25,official_psa
coconut_w_husk,Coconut (w/ husk),province,BANGSAMORO AUTONOMOUS REGION IN MUSLIM MINDANAO (BARMM),Lanao del Sur,Lanao del Sur,2023,184091.65,official_psa
coconut_w_husk,Coconut (w/ husk),province,BANGSAMORO AUTONOMOUS REGION IN MUSLIM MINDANAO (BARMM),Lanao del Sur,Lanao del Sur,2024,186828.66,official_psa
coconut_w_husk,Coconut (w/ husk),province,BANGSAMORO AUTONOMOUS REGION IN MUSLIM MINDANAO (BARMM),Lanao del Sur,Lanao del Sur,2025,187543.09,official_psa
coconut_w_husk,Coconut (w/ husk),province,BANGSAMORO AUTONOMOUS REGION IN MUSLIM MINDANAO (BARMM),Lanao del Sur,Lanao del Sur,2026,190752.07,estimated_gap
coconut_w_husk,Coconut (w/ husk),province,BANGSAMORO AUTONOMOUS REGION IN MUSLIM MINDANAO (BARMM),Maguindanao,Maguindanao,2010,509766.46,official_psa
coconut_w_husk,Coconut (w/ husk),province,BANGSAMORO AUTONOMOUS REGION IN MUSLIM MINDANAO (BARMM),Maguindanao,Maguindanao,2011,541040.9,official_psa
coconut_w_husk,Coconut (w/ husk),province,BANGSAMORO AUTONOMOUS REGION IN MUSLIM MINDANAO (BARMM),Maguindanao,Maguindanao,2012,563370.5,official_psa
coconut_w_husk,Coconut (w/ husk),province,BANGSAMORO AUTONOMOUS REGION IN MUSLIM MINDANAO (BARMM),Maguindanao,Maguindanao,2013,590191.35,official_psa
coconut_w_husk,Coconut (w/ husk),province,BANGSAMORO AUTONOMOUS REGION IN MUSLIM MINDANAO (BARMM),Maguindanao,Maguindanao,2014,621104.0,official_psa
coconut_w_husk,Coconut (w/ husk),province,BANGSAMORO AUTONOMOUS REGION IN MUSLIM MINDANAO (BARMM),Maguindanao,Maguindanao,2015,664087.53,official_psa
coconut_w_husk,Coconut (w/ husk),province,BANGSAMORO AUTONOMOUS REGION IN MUSLIM MINDANAO (BARMM),Maguindanao,Maguindanao,2016,706927.2,official_psa
coconut_w_husk,Coconut (w/ husk),province,BANGSAMORO AUTONOMOUS REGION IN MUSLIM MINDANAO (BARMM),Maguindanao,Maguindanao,2017,716753.25,official_psa
coconut_w_husk,Coconut (w/ husk),province,BANGSAMORO AUTONOMOUS REGION IN MUSLIM MINDANAO (BARMM),Maguindanao,Maguindanao,2018,743368.37,official_psa
coconut_w_husk,Coconut (w/ husk),province,BANGSAMORO AUTONOMOUS REGION IN MUSLIM MINDANAO (BARMM),Maguindanao,Maguindanao,2019,752610.77,official_psa
coconut_w_husk,Coconut (w/ husk),province,BANGSAMORO AUTONOMOUS REGION IN MUSLIM MINDANAO (BARMM),Maguindanao,Maguindanao,2020,771635.78,official_psa
coconut_w_husk,Coconut (w/ husk),province,BANGSAMORO AUTONOMOUS REGION IN MUSLIM MINDANAO (BARMM),Maguindanao,Maguindanao,2021,786021.45,official_psa
coconut_w_husk,Coconut (w/ husk),province,BANGSAMORO AUTONOMOUS REGION IN MUSLIM MINDANAO (BARMM),Maguindanao,Maguindanao,2022,795742.89,official_psa
coconut_w_husk,Coconut (w/ husk),province,BANGSAMORO AUTONOMOUS REGION IN MUSLIM MINDANAO (BARMM),Maguindanao,Maguindanao,2023,793226.09,official_psa
coconut_w_husk,Coconut (w/ husk),province,BANGSAMORO AUTONOMOUS REGION IN MUSLIM MINDANAO (BARMM),Maguindanao,Maguindanao,2024,679399.17,official_psa
coconut_w_husk,Coconut (w/ husk),province,BANGSAMORO AUTONOMOUS REGION IN MUSLIM MINDANAO (BARMM),Maguindanao,Maguindanao,2025,581906.27,estimated_gap
coconut_w_husk,Coconut (w/ husk),province,BANGSAMORO AUTONOMOUS REGION IN MUSLIM MINDANAO (BARMM),Maguindanao,Maguindanao,2026,498403.47,estimated_gap
coconut_w_husk,Coconut (w/ husk),province,BANGSAMORO AUTONOMOUS REGION IN MUSLIM MINDANAO (BARMM),Maguindanao del Norte,Maguindanao del Norte,2010,220429.06,estimated_gap
coconut_w_husk,Coconut (w/ husk),province,BANGSAMORO AUTONOMOUS REGION IN MUSLIM MINDANAO (BARMM),Maguindanao del Norte,Maguindanao del Norte,2011,220429.06,estimated_gap
coconut_w_husk,Coconut (w/ husk),province,BANGSAMORO AUTONOMOUS REGION IN MUSLIM MINDANAO (BARMM),Maguindanao del Norte,Maguindanao del Norte,2012,220429.06,estimated_gap
coconut_w_husk,Coconut (w/ husk),province,BANGSAMORO AUTONOMOUS REGION IN MUSLIM MINDANAO (BARMM),Maguindanao del Norte,Maguindanao del Norte,2013,220429.06,estimated_gap
coconut_w_husk,Coconut (w/ husk),province,BANGSAMORO AUTONOMOUS REGION IN MUSLIM MINDANAO (BARMM),Maguindanao del Norte,Maguindanao del Norte,2014,220429.06,estimated_gap
coconut_w_husk,Coconut (w/ husk),province,BANGSAMORO AUTONOMOUS REGION IN MUSLIM MINDANAO (BARMM),Maguindanao del Norte,Maguindanao del Norte,2015,220429.06,estimated_gap
coconut_w_husk,Coconut (w/ husk),province,BANGSAMORO AUTONOMOUS REGION IN MUSLIM MINDANAO (BARMM),Maguindanao del Norte,Maguindanao del Norte,2016,220429.06,estimated_gap
coconut_w_husk,Coconut (w/ husk),province,BANGSAMORO AUTONOMOUS REGION IN MUSLIM MINDANAO (BARMM),Maguindanao del Norte,Maguindanao del Norte,2017,220429.06,estimated_gap
coconut_w_husk,Coconut (w/ husk),province,BANGSAMORO AUTONOMOUS REGION IN MUSLIM MINDANAO (BARMM),Maguindanao del Norte,Maguindanao del Norte,2018,220429.06,estimated_gap
coconut_w_husk,Coconut (w/ husk),province,BANGSAMORO AUTONOMOUS REGION IN MUSLIM MINDANAO (BARMM),Maguindanao del Norte,Maguindanao del Norte,2019,220429.06,estimated_gap
coconut_w_husk,Coconut (w/ husk),province,BANGSAMORO AUTONOMOUS REGION IN MUSLIM MINDANAO (BARMM),Maguindanao del Norte,Maguindanao del Norte,2020,220429.06,estimated_gap
coconut_w_husk,Coconut (w/ husk),province,BANGSAMORO AUTONOMOUS REGION IN MUSLIM MINDANAO (BARMM),Maguindanao del Norte,Maguindanao del Norte,2021,220429.06,estimated_gap
coconut_w_husk,Coconut (w/ husk),province,BANGSAMORO AUTONOMOUS REGION IN MUSLIM MINDANAO (BARMM),Maguindanao del Norte,Maguindanao del Norte,2022,220429.06,estimated_gap
coconut_w_husk,Coconut (w/ husk),province,BANGSAMORO AUTONOMOUS REGION IN MUSLIM MINDANAO (BARMM),Maguindanao del Norte,Maguindanao del Norte,2023,220429.06,estimated_gap
coconut_w_husk,Coconut (w/ husk),province,BANGSAMORO AUTONOMOUS REGION IN MUSLIM MINDANAO (BARMM),Maguindanao del Norte,Maguindanao del Norte,2024,220429.06,estimated_gap
coconut_w_husk,Coconut (w/ husk),province,BANGSAMORO AUTONOMOUS REGION IN MUSLIM MINDANAO (BARMM),Maguindanao del Norte,Maguindanao del Norte,2025,220429.06,official_psa
coconut_w_husk,Coconut (w/ husk),province,BANGSAMORO AUTONOMOUS REGION IN MUSLIM MINDANAO (BARMM),Maguindanao del Norte,Maguindanao del Norte,2026,217422.71,estimated_gap
coconut_w_husk,Coconut (w/ husk),province,BANGSAMORO AUTONOMOUS REGION IN MUSLIM MINDANAO (BARMM),Maguindanao del Sur,Maguindanao del Sur,2010,569948.38,estimated_gap
coconut_w_husk,Coconut (w/ husk),province,BANGSAMORO AUTONOMOUS REGION IN MUSLIM MINDANAO (BARMM),Maguindanao del Sur,Maguindanao del Sur,2011,569948.38,estimated_gap
coconut_w_husk,Coconut (w/ husk),province,BANGSAMORO AUTONOMOUS REGION IN MUSLIM MINDANAO (BARMM),Maguindanao del Sur,Maguindanao del Sur,2012,569948.38,estimated_gap
coconut_w_husk,Coconut (w/ husk),province,BANGSAMORO AUTONOMOUS REGION IN MUSLIM MINDANAO (BARMM),Maguindanao del Sur,Maguindanao del Sur,2013,569948.38,estimated_gap
coconut_w_husk,Coconut (w/ husk),province,BANGSAMORO AUTONOMOUS REGION IN MUSLIM MINDANAO (BARMM),Maguindanao del Sur,Maguindanao del Sur,2014,569948.38,estimated_gap
coconut_w_husk,Coconut (w/ husk),province,BANGSAMORO AUTONOMOUS REGION IN MUSLIM MINDANAO (BARMM),Maguindanao del Sur,Maguindanao del Sur,2015,569948.38,estimated_gap
coconut_w_husk,Coconut (w/ husk),province,BANGSAMORO AUTONOMOUS REGION IN MUSLIM MINDANAO (BARMM),Maguindanao del Sur,Maguindanao del Sur,2016,569948.38,estimated_gap
coconut_w_husk,Coconut (w/ husk),province,BANGSAMORO AUTONOMOUS REGION IN MUSLIM MINDANAO (BARMM),Maguindanao del Sur,Maguindanao del Sur,2017,569948.38,estimated_gap
coconut_w_husk,Coconut (w/ husk),province,BANGSAMORO AUTONOMOUS REGION IN MUSLIM MINDANAO (BARMM),Maguindanao del Sur,Maguindanao del Sur,2018,569948.38,estimated_gap
coconut_w_husk,Coconut (w/ husk),province,BANGSAMORO AUTONOMOUS REGION IN MUSLIM MINDANAO (BARMM),Maguindanao del Sur,Maguindanao del Sur,2019,569948.38,estimated_gap
coconut_w_husk,Coconut (w/ husk),province,BANGSAMORO AUTONOMOUS REGION IN MUSLIM MINDANAO (BARMM),Maguindanao del Sur,Maguindanao del Sur,2020,569948.38,estimated_gap
coconut_w_husk,Coconut (w/ husk),province,BANGSAMORO AUTONOMOUS REGION IN MUSLIM MINDANAO (BARMM),Maguindanao del Sur,Maguindanao del Sur,2021,569948.38,estimated_gap
coconut_w_husk,Coconut (w/ husk),province,BANGSAMORO AUTONOMOUS REGION IN MUSLIM MINDANAO (BARMM),Maguindanao del Sur,Maguindanao del Sur,2022,569948.38,estimated_gap
coconut_w_husk,Coconut (w/ husk),province,BANGSAMORO AUTONOMOUS REGION IN MUSLIM MINDANAO (BARMM),Maguindanao del Sur,Maguindanao del Sur,2023,569948.38,estimated_gap
coconut_w_husk,Coconut (w/ husk),province,BANGSAMORO AUTONOMOUS REGION IN MUSLIM MINDANAO (BARMM),Maguindanao del Sur,Maguindanao del Sur,2024,569948.38,estimated_gap
coconut_w_husk,Coconut (w/ husk),province,BANGSAMORO AUTONOMOUS REGION IN MUSLIM MINDANAO (BARMM),Maguindanao del Sur,Maguindanao del Sur,2025,569948.38,official_psa
coconut_w_husk,Coconut (w/ husk),province,BANGSAMORO AUTONOMOUS REGION IN MUSLIM MINDANAO (BARMM),Maguindanao del Sur,Maguindanao del Sur,2026,460091.01,estimated_gap
coconut_w_husk,Coconut (w/ husk),province,BANGSAMORO AUTONOMOUS REGION IN MUSLIM MINDANAO (BARMM),Sulu,Sulu,2010,206796.5,official_psa
coconut_w_husk,Coconut (w/ husk),province,BANGSAMORO AUTONOMOUS REGION IN MUSLIM MINDANAO (BARMM),Sulu,Sulu,2011,200492.0,official_psa
coconut_w_husk,Coconut (w/ husk),province,BANGSAMORO AUTONOMOUS REGION IN MUSLIM MINDANAO (BARMM),Sulu,Sulu,2012,206917.7,official_psa
coconut_w_husk,Coconut (w/ husk),province,BANGSAMORO AUTONOMOUS REGION IN MUSLIM MINDANAO (BARMM),Sulu,Sulu,2013,207882.9,official_psa
coconut_w_husk,Coconut (w/ husk),province,BANGSAMORO AUTONOMOUS REGION IN MUSLIM MINDANAO (BARMM),Sulu,Sulu,2014,210234.0,official_psa
coconut_w_husk,Coconut (w/ husk),province,BANGSAMORO AUTONOMOUS REGION IN MUSLIM MINDANAO (BARMM),Sulu,Sulu,2015,215470.5,official_psa
coconut_w_husk,Coconut (w/ husk),province,BANGSAMORO AUTONOMOUS REGION IN MUSLIM MINDANAO (BARMM),Sulu,Sulu,2016,210185.7,official_psa
coconut_w_husk,Coconut (w/ husk),province,BANGSAMORO AUTONOMOUS REGION IN MUSLIM MINDANAO (BARMM),Sulu,Sulu,2017,214231.0,official_psa
coconut_w_husk,Coconut (w/ husk),province,BANGSAMORO AUTONOMOUS REGION IN MUSLIM MINDANAO (BARMM),Sulu,Sulu,2018,217286.0,official_psa
coconut_w_husk,Coconut (w/ husk),province,BANGSAMORO AUTONOMOUS REGION IN MUSLIM MINDANAO (BARMM),Sulu,Sulu,2019,217091.1,official_psa
coconut_w_husk,Coconut (w/ husk),province,BANGSAMORO AUTONOMOUS REGION IN MUSLIM MINDANAO (BARMM),Sulu,Sulu,2020,215724.0,official_psa
coconut_w_husk,Coconut (w/ husk),province,BANGSAMORO AUTONOMOUS REGION IN MUSLIM MINDANAO (BARMM),Sulu,Sulu,2021,216367.4,official_psa
coconut_w_husk,Coconut (w/ husk),province,BANGSAMORO AUTONOMOUS REGION IN MUSLIM MINDANAO (BARMM),Sulu,Sulu,2022,216531.02,official_psa
coconut_w_husk,Coconut (w/ husk),province,BANGSAMORO AUTONOMOUS REGION IN MUSLIM MINDANAO (BARMM),Sulu,Sulu,2023,216533.0,official_psa
coconut_w_husk,Coconut (w/ husk),province,BANGSAMORO AUTONOMOUS REGION IN MUSLIM MINDANAO (BARMM),Sulu,Sulu,2024,215921.0,official_psa
coconut_w_husk,Coconut (w/ husk),province,BANGSAMORO AUTONOMOUS REGION IN MUSLIM MINDANAO (BARMM),Sulu,Sulu,2025,214724.42,official_psa
coconut_w_husk,Coconut (w/ husk),province,BANGSAMORO AUTONOMOUS REGION IN MUSLIM MINDANAO (BARMM),Sulu,Sulu,2026,215413.94,estimated_gap
coconut_w_husk,Coconut (w/ husk),province,BANGSAMORO AUTONOMOUS REGION IN MUSLIM MINDANAO (BARMM),Tawi-tawi,Tawi-tawi,2010,151490.5,official_psa
coconut_w_husk,Coconut (w/ husk),province,BANGSAMORO AUTONOMOUS REGION IN MUSLIM MINDANAO (BARMM),Tawi-tawi,Tawi-tawi,2011,156480.0,official_psa
coconut_w_husk,Coconut (w/ husk),province,BANGSAMORO AUTONOMOUS REGION IN MUSLIM MINDANAO (BARMM),Tawi-tawi,Tawi-tawi,2012,162561.75,official_psa
coconut_w_husk,Coconut (w/ husk),province,BANGSAMORO AUTONOMOUS REGION IN MUSLIM MINDANAO (BARMM),Tawi-tawi,Tawi-tawi,2013,164798.0,official_psa
coconut_w_husk,Coconut (w/ husk),province,BANGSAMORO AUTONOMOUS REGION IN MUSLIM MINDANAO (BARMM),Tawi-tawi,Tawi-tawi,2014,165462.0,official_psa
coconut_w_husk,Coconut (w/ husk),province,BANGSAMORO AUTONOMOUS REGION IN MUSLIM MINDANAO (BARMM),Tawi-tawi,Tawi-tawi,2015,165578.0,official_psa
coconut_w_husk,Coconut (w/ husk),province,BANGSAMORO AUTONOMOUS REGION IN MUSLIM MINDANAO (BARMM),Tawi-tawi,Tawi-tawi,2016,150614.0,official_psa
coconut_w_husk,Coconut (w/ husk),province,BANGSAMORO AUTONOMOUS REGION IN MUSLIM MINDANAO (BARMM),Tawi-tawi,Tawi-tawi,2017,142064.0,official_psa
coconut_w_husk,Coconut (w/ husk),province,BANGSAMORO AUTONOMOUS REGION IN MUSLIM MINDANAO (BARMM),Tawi-tawi,Tawi-tawi,2018,141541.0,official_psa
coconut_w_husk,Coconut (w/ husk),province,BANGSAMORO AUTONOMOUS REGION IN MUSLIM MINDANAO (BARMM),Tawi-tawi,Tawi-tawi,2019,136791.0,official_psa
coconut_w_husk,Coconut (w/ husk),province,BANGSAMORO AUTONOMOUS REGION IN MUSLIM MINDANAO (BARMM),Tawi-tawi,Tawi-tawi,2020,134411.0,official_psa
coconut_w_husk,Coconut (w/ husk),province,BANGSAMORO AUTONOMOUS REGION IN MUSLIM MINDANAO (BARMM),Tawi-tawi,Tawi-tawi,2021,133405.0,official_psa
coconut_w_husk,Coconut (w/ husk),province,BANGSAMORO AUTONOMOUS REGION IN MUSLIM MINDANAO (BARMM),Tawi-tawi,Tawi-tawi,2022,133550.0,official_psa
coconut_w_husk,Coconut (w/ husk),province,BANGSAMORO AUTONOMOUS REGION IN MUSLIM MINDANAO (BARMM),Tawi-tawi,Tawi-tawi,2023,132892.0,official_psa
coconut_w_husk,Coconut (w/ husk),province,BANGSAMORO AUTONOMOUS REGION IN MUSLIM MINDANAO (BARMM),Tawi-tawi,Tawi-tawi,2024,132316.0,official_psa
coconut_w_husk,Coconut (w/ husk),province,BANGSAMORO AUTONOMOUS REGION IN MUSLIM MINDANAO (BARMM),Tawi-tawi,Tawi-tawi,2025,131145.0,official_psa
coconut_w_husk,Coconut (w/ husk),province,BANGSAMORO AUTONOMOUS REGION IN MUSLIM MINDANAO (BARMM),Tawi-tawi,Tawi-tawi,2026,151612.2,estimated_gap
coconut_mature,Coconut Mature,national,,,PHILIPPINES,2010,15192961.87,official_psa
coconut_mature,Coconut Mature,national,,,PHILIPPINES,2011,14933341.7,official_psa
coconut_mature,Coconut Mature,national,,,PHILIPPINES,2012,15528819.03,official_psa
coconut_mature,Coconut Mature,national,,,PHILIPPINES,2013,15017286.2,official_psa
coconut_mature,Coconut Mature,national,,,PHILIPPINES,2014,14368593.72,official_psa
coconut_mature,Coconut Mature,national,,,PHILIPPINES,2015,14401080.87,official_psa
coconut_mature,Coconut Mature,national,,,PHILIPPINES,2016,13485513.69,official_psa
coconut_mature,Coconut Mature,national,,,PHILIPPINES,2017,13686635.8,official_psa
coconut_mature,Coconut Mature,national,,,PHILIPPINES,2018,14352340.63,official_psa
coconut_mature,Coconut Mature,national,,,PHILIPPINES,2019,14374835.6,official_psa
coconut_mature,Coconut Mature,national,,,PHILIPPINES,2020,14096773.96,official_psa
coconut_mature,Coconut Mature,national,,,PHILIPPINES,2021,14321201.83,official_psa
coconut_mature,Coconut Mature,national,,,PHILIPPINES,2022,14532517.78,official_psa
coconut_mature,Coconut Mature,national,,,PHILIPPINES,2023,14466385.53,official_psa
coconut_mature,Coconut Mature,national,,,PHILIPPINES,2024,14075126.82,official_psa
coconut_mature,Coconut Mature,national,,,PHILIPPINES,2025,14076251.33,official_psa
coconut_mature,Coconut Mature,national,,,PHILIPPINES,2026,14167390.5,estimated_gap
coconut_mature,Coconut Mature,region,CORDILLERA ADMINISTRATIVE REGION (CAR),,CORDILLERA ADMINISTRATIVE REGION (CAR),2010,734.82,official_psa
coconut_mature,Coconut Mature,region,CORDILLERA ADMINISTRATIVE REGION (CAR),,CORDILLERA ADMINISTRATIVE REGION (CAR),2011,691.14,official_psa
coconut_mature,Coconut Mature,region,CORDILLERA ADMINISTRATIVE REGION (CAR),,CORDILLERA ADMINISTRATIVE REGION (CAR),2012,706.64,official_psa
coconut_mature,Coconut Mature,region,CORDILLERA ADMINISTRATIVE REGION (CAR),,CORDILLERA ADMINISTRATIVE REGION (CAR),2013,743.41,official_psa
coconut_mature,Coconut Mature,region,CORDILLERA ADMINISTRATIVE REGION (CAR),,CORDILLERA ADMINISTRATIVE REGION (CAR),2014,785.48,official_psa
coconut_mature,Coconut Mature,region,CORDILLERA ADMINISTRATIVE REGION (CAR),,CORDILLERA ADMINISTRATIVE REGION (CAR),2015,756.48,official_psa
coconut_mature,Coconut Mature,region,CORDILLERA ADMINISTRATIVE REGION (CAR),,CORDILLERA ADMINISTRATIVE REGION (CAR),2016,644.4,official_psa
coconut_mature,Coconut Mature,region,CORDILLERA ADMINISTRATIVE REGION (CAR),,CORDILLERA ADMINISTRATIVE REGION (CAR),2017,614.35,official_psa
coconut_mature,Coconut Mature,region,CORDILLERA ADMINISTRATIVE REGION (CAR),,CORDILLERA ADMINISTRATIVE REGION (CAR),2018,560.41,official_psa
coconut_mature,Coconut Mature,region,CORDILLERA ADMINISTRATIVE REGION (CAR),,CORDILLERA ADMINISTRATIVE REGION (CAR),2019,552.62,official_psa
coconut_mature,Coconut Mature,region,CORDILLERA ADMINISTRATIVE REGION (CAR),,CORDILLERA ADMINISTRATIVE REGION (CAR),2020,604.82,official_psa
coconut_mature,Coconut Mature,region,CORDILLERA ADMINISTRATIVE REGION (CAR),,CORDILLERA ADMINISTRATIVE REGION (CAR),2021,613.21,official_psa
coconut_mature,Coconut Mature,region,CORDILLERA ADMINISTRATIVE REGION (CAR),,CORDILLERA ADMINISTRATIVE REGION (CAR),2022,602.11,official_psa
coconut_mature,Coconut Mature,region,CORDILLERA ADMINISTRATIVE REGION (CAR),,CORDILLERA ADMINISTRATIVE REGION (CAR),2023,582.63,official_psa
coconut_mature,Coconut Mature,region,CORDILLERA ADMINISTRATIVE REGION (CAR),,CORDILLERA ADMINISTRATIVE REGION (CAR),2024,622.77,official_psa
coconut_mature,Coconut Mature,region,CORDILLERA ADMINISTRATIVE REGION (CAR),,CORDILLERA ADMINISTRATIVE REGION (CAR),2025,573.4,official_psa
coconut_mature,Coconut Mature,region,CORDILLERA ADMINISTRATIVE REGION (CAR),,CORDILLERA ADMINISTRATIVE REGION (CAR),2026,534.89,estimated_gap
coconut_mature,Coconut Mature,province,CORDILLERA ADMINISTRATIVE REGION (CAR),Abra,Abra,2010,191.86,official_psa
coconut_mature,Coconut Mature,province,CORDILLERA ADMINISTRATIVE REGION (CAR),Abra,Abra,2011,190.5,official_psa
coconut_mature,Coconut Mature,province,CORDILLERA ADMINISTRATIVE REGION (CAR),Abra,Abra,2012,192.82,official_psa
coconut_mature,Coconut Mature,province,CORDILLERA ADMINISTRATIVE REGION (CAR),Abra,Abra,2013,193.4,official_psa
coconut_mature,Coconut Mature,province,CORDILLERA ADMINISTRATIVE REGION (CAR),Abra,Abra,2014,199.82,official_psa
coconut_mature,Coconut Mature,province,CORDILLERA ADMINISTRATIVE REGION (CAR),Abra,Abra,2015,193.24,official_psa
coconut_mature,Coconut Mature,province,CORDILLERA ADMINISTRATIVE REGION (CAR),Abra,Abra,2016,183.28,official_psa
coconut_mature,Coconut Mature,province,CORDILLERA ADMINISTRATIVE REGION (CAR),Abra,Abra,2017,179.89,official_psa
coconut_mature,Coconut Mature,province,CORDILLERA ADMINISTRATIVE REGION (CAR),Abra,Abra,2018,165.75,official_psa
coconut_mature,Coconut Mature,province,CORDILLERA ADMINISTRATIVE REGION (CAR),Abra,Abra,2019,166.08,official_psa
coconut_mature,Coconut Mature,province,CORDILLERA ADMINISTRATIVE REGION (CAR),Abra,Abra,2020,161.97,official_psa
coconut_mature,Coconut Mature,province,CORDILLERA ADMINISTRATIVE REGION (CAR),Abra,Abra,2021,161.16,official_psa
coconut_mature,Coconut Mature,province,CORDILLERA ADMINISTRATIVE REGION (CAR),Abra,Abra,2022,155.16,official_psa
coconut_mature,Coconut Mature,province,CORDILLERA ADMINISTRATIVE REGION (CAR),Abra,Abra,2023,118.55,official_psa
coconut_mature,Coconut Mature,province,CORDILLERA ADMINISTRATIVE REGION (CAR),Abra,Abra,2024,96.11,official_psa
coconut_mature,Coconut Mature,province,CORDILLERA ADMINISTRATIVE REGION (CAR),Abra,Abra,2025,86.87,official_psa
coconut_mature,Coconut Mature,province,CORDILLERA ADMINISTRATIVE REGION (CAR),Abra,Abra,2026,105.05,estimated_gap
coconut_mature,Coconut Mature,province,CORDILLERA ADMINISTRATIVE REGION (CAR),Apayao,Apayao,2010,128.1,official_psa
coconut_mature,Coconut Mature,province,CORDILLERA ADMINISTRATIVE REGION (CAR),Apayao,Apayao,2011,123.65,official_psa
coconut_mature,Coconut Mature,province,CORDILLERA ADMINISTRATIVE REGION (CAR),Apayao,Apayao,2012,136.5,official_psa
coconut_mature,Coconut Mature,province,CORDILLERA ADMINISTRATIVE REGION (CAR),Apayao,Apayao,2013,156.75,official_psa
coconut_mature,Coconut Mature,province,CORDILLERA ADMINISTRATIVE REGION (CAR),Apayao,Apayao,2014,197.46,official_psa
coconut_mature,Coconut Mature,province,CORDILLERA ADMINISTRATIVE REGION (CAR),Apayao,Apayao,2015,204.99,official_psa
coconut_mature,Coconut Mature,province,CORDILLERA ADMINISTRATIVE REGION (CAR),Apayao,Apayao,2016,180.63,official_psa
coconut_mature,Coconut Mature,province,CORDILLERA ADMINISTRATIVE REGION (CAR),Apayao,Apayao,2017,173.84,official_psa
coconut_mature,Coconut Mature,province,CORDILLERA ADMINISTRATIVE REGION (CAR),Apayao,Apayao,2018,145.7,official_psa
coconut_mature,Coconut Mature,province,CORDILLERA ADMINISTRATIVE REGION (CAR),Apayao,Apayao,2019,143.82,official_psa
coconut_mature,Coconut Mature,province,CORDILLERA ADMINISTRATIVE REGION (CAR),Apayao,Apayao,2020,168.21,official_psa
coconut_mature,Coconut Mature,province,CORDILLERA ADMINISTRATIVE REGION (CAR),Apayao,Apayao,2021,170.89,official_psa
coconut_mature,Coconut Mature,province,CORDILLERA ADMINISTRATIVE REGION (CAR),Apayao,Apayao,2022,168.29,official_psa
coconut_mature,Coconut Mature,province,CORDILLERA ADMINISTRATIVE REGION (CAR),Apayao,Apayao,2023,171.17,official_psa
coconut_mature,Coconut Mature,province,CORDILLERA ADMINISTRATIVE REGION (CAR),Apayao,Apayao,2024,174.0,official_psa
coconut_mature,Coconut Mature,province,CORDILLERA ADMINISTRATIVE REGION (CAR),Apayao,Apayao,2025,167.52,official_psa
coconut_mature,Coconut Mature,province,CORDILLERA ADMINISTRATIVE REGION (CAR),Apayao,Apayao,2026,168.23,estimated_gap
coconut_mature,Coconut Mature,province,CORDILLERA ADMINISTRATIVE REGION (CAR),Benguet,Benguet,2010,7.26,official_psa
coconut_mature,Coconut Mature,province,CORDILLERA ADMINISTRATIVE REGION (CAR),Benguet,Benguet,2011,7.05,official_psa
coconut_mature,Coconut Mature,province,CORDILLERA ADMINISTRATIVE REGION (CAR),Benguet,Benguet,2012,6.85,official_psa
coconut_mature,Coconut Mature,province,CORDILLERA ADMINISTRATIVE REGION (CAR),Benguet,Benguet,2013,6.78,official_psa
coconut_mature,Coconut Mature,province,CORDILLERA ADMINISTRATIVE REGION (CAR),Benguet,Benguet,2014,6.7,official_psa
coconut_mature,Coconut Mature,province,CORDILLERA ADMINISTRATIVE REGION (CAR),Benguet,Benguet,2015,6.46,official_psa
coconut_mature,Coconut Mature,province,CORDILLERA ADMINISTRATIVE REGION (CAR),Benguet,Benguet,2016,6.37,official_psa
coconut_mature,Coconut Mature,province,CORDILLERA ADMINISTRATIVE REGION (CAR),Benguet,Benguet,2017,6.43,official_psa
coconut_mature,Coconut Mature,province,CORDILLERA ADMINISTRATIVE REGION (CAR),Benguet,Benguet,2018,6.4,official_psa
coconut_mature,Coconut Mature,province,CORDILLERA ADMINISTRATIVE REGION (CAR),Benguet,Benguet,2019,6.63,official_psa
coconut_mature,Coconut Mature,province,CORDILLERA ADMINISTRATIVE REGION (CAR),Benguet,Benguet,2020,6.49,official_psa
coconut_mature,Coconut Mature,province,CORDILLERA ADMINISTRATIVE REGION (CAR),Benguet,Benguet,2021,6.59,official_psa
coconut_mature,Coconut Mature,province,CORDILLERA ADMINISTRATIVE REGION (CAR),Benguet,Benguet,2022,6.84,official_psa
coconut_mature,Coconut Mature,province,CORDILLERA ADMINISTRATIVE REGION (CAR),Benguet,Benguet,2023,6.92,official_psa
coconut_mature,Coconut Mature,province,CORDILLERA ADMINISTRATIVE REGION (CAR),Benguet,Benguet,2024,6.5,official_psa
coconut_mature,Coconut Mature,province,CORDILLERA ADMINISTRATIVE REGION (CAR),Benguet,Benguet,2025,6.17,official_psa
coconut_mature,Coconut Mature,province,CORDILLERA ADMINISTRATIVE REGION (CAR),Benguet,Benguet,2026,8.69,estimated_gap
coconut_mature,Coconut Mature,province,CORDILLERA ADMINISTRATIVE REGION (CAR),Ifugao,Ifugao,2010,86.82,official_psa
coconut_mature,Coconut Mature,province,CORDILLERA ADMINISTRATIVE REGION (CAR),Ifugao,Ifugao,2011,53.82,official_psa
coconut_mature,Coconut Mature,province,CORDILLERA ADMINISTRATIVE REGION (CAR),Ifugao,Ifugao,2012,56.41,official_psa
coconut_mature,Coconut Mature,province,CORDILLERA ADMINISTRATIVE REGION (CAR),Ifugao,Ifugao,2013,61.35,official_psa
coconut_mature,Coconut Mature,province,CORDILLERA ADMINISTRATIVE REGION (CAR),Ifugao,Ifugao,2014,72.26,official_psa
coconut_mature,Coconut Mature,province,CORDILLERA ADMINISTRATIVE REGION (CAR),Ifugao,Ifugao,2015,62.48,official_psa
coconut_mature,Coconut Mature,province,CORDILLERA ADMINISTRATIVE REGION (CAR),Ifugao,Ifugao,2016,56.64,official_psa
coconut_mature,Coconut Mature,province,CORDILLERA ADMINISTRATIVE REGION (CAR),Ifugao,Ifugao,2017,54.51,official_psa
coconut_mature,Coconut Mature,province,CORDILLERA ADMINISTRATIVE REGION (CAR),Ifugao,Ifugao,2018,50.96,official_psa
coconut_mature,Coconut Mature,province,CORDILLERA ADMINISTRATIVE REGION (CAR),Ifugao,Ifugao,2019,57.89,official_psa
coconut_mature,Coconut Mature,province,CORDILLERA ADMINISTRATIVE REGION (CAR),Ifugao,Ifugao,2020,66.76,official_psa
coconut_mature,Coconut Mature,province,CORDILLERA ADMINISTRATIVE REGION (CAR),Ifugao,Ifugao,2021,75.82,official_psa
coconut_mature,Coconut Mature,province,CORDILLERA ADMINISTRATIVE REGION (CAR),Ifugao,Ifugao,2022,87.78,official_psa
coconut_mature,Coconut Mature,province,CORDILLERA ADMINISTRATIVE REGION (CAR),Ifugao,Ifugao,2023,97.45,official_psa
coconut_mature,Coconut Mature,province,CORDILLERA ADMINISTRATIVE REGION (CAR),Ifugao,Ifugao,2024,138.39,official_psa
coconut_mature,Coconut Mature,province,CORDILLERA ADMINISTRATIVE REGION (CAR),Ifugao,Ifugao,2025,90.68,official_psa
coconut_mature,Coconut Mature,province,CORDILLERA ADMINISTRATIVE REGION (CAR),Ifugao,Ifugao,2026,87.44,estimated_gap
coconut_mature,Coconut Mature,province,CORDILLERA ADMINISTRATIVE REGION (CAR),Kalinga,Kalinga,2010,165.2,official_psa
coconut_mature,Coconut Mature,province,CORDILLERA ADMINISTRATIVE REGION (CAR),Kalinga,Kalinga,2011,163.0,official_psa
coconut_mature,Coconut Mature,province,CORDILLERA ADMINISTRATIVE REGION (CAR),Kalinga,Kalinga,2012,157.5,official_psa
coconut_mature,Coconut Mature,province,CORDILLERA ADMINISTRATIVE REGION (CAR),Kalinga,Kalinga,2013,167.0,official_psa
coconut_mature,Coconut Mature,province,CORDILLERA ADMINISTRATIVE REGION (CAR),Kalinga,Kalinga,2014,155.0,official_psa
coconut_mature,Coconut Mature,province,CORDILLERA ADMINISTRATIVE REGION (CAR),Kalinga,Kalinga,2015,141.9,official_psa
coconut_mature,Coconut Mature,province,CORDILLERA ADMINISTRATIVE REGION (CAR),Kalinga,Kalinga,2016,75.25,official_psa
coconut_mature,Coconut Mature,province,CORDILLERA ADMINISTRATIVE REGION (CAR),Kalinga,Kalinga,2017,66.84,official_psa
coconut_mature,Coconut Mature,province,CORDILLERA ADMINISTRATIVE REGION (CAR),Kalinga,Kalinga,2018,63.93,official_psa
coconut_mature,Coconut Mature,province,CORDILLERA ADMINISTRATIVE REGION (CAR),Kalinga,Kalinga,2019,57.71,official_psa
coconut_mature,Coconut Mature,province,CORDILLERA ADMINISTRATIVE REGION (CAR),Kalinga,Kalinga,2020,72.1,official_psa
coconut_mature,Coconut Mature,province,CORDILLERA ADMINISTRATIVE REGION (CAR),Kalinga,Kalinga,2021,72.65,official_psa
coconut_mature,Coconut Mature,province,CORDILLERA ADMINISTRATIVE REGION (CAR),Kalinga,Kalinga,2022,70.66,official_psa
coconut_mature,Coconut Mature,province,CORDILLERA ADMINISTRATIVE REGION (CAR),Kalinga,Kalinga,2023,77.68,official_psa
coconut_mature,Coconut Mature,province,CORDILLERA ADMINISTRATIVE REGION (CAR),Kalinga,Kalinga,2024,84.88,official_psa
coconut_mature,Coconut Mature,province,CORDILLERA ADMINISTRATIVE REGION (CAR),Kalinga,Kalinga,2025,110.04,official_psa
coconut_mature,Coconut Mature,province,CORDILLERA ADMINISTRATIVE REGION (CAR),Kalinga,Kalinga,2026,73.16,estimated_gap
coconut_mature,Coconut Mature,province,CORDILLERA ADMINISTRATIVE REGION (CAR),Mountain Province,Mountain Province,2010,155.58,official_psa
coconut_mature,Coconut Mature,province,CORDILLERA ADMINISTRATIVE REGION (CAR),Mountain Province,Mountain Province,2011,153.12,official_psa
coconut_mature,Coconut Mature,province,CORDILLERA ADMINISTRATIVE REGION (CAR),Mountain Province,Mountain Province,2012,156.56,official_psa
coconut_mature,Coconut Mature,province,CORDILLERA ADMINISTRATIVE REGION (CAR),Mountain Province,Mountain Province,2013,158.13,official_psa
coconut_mature,Coconut Mature,province,CORDILLERA ADMINISTRATIVE REGION (CAR),Mountain Province,Mountain Province,2014,154.24,official_psa
coconut_mature,Coconut Mature,province,CORDILLERA ADMINISTRATIVE REGION (CAR),Mountain Province,Mountain Province,2015,147.41,official_psa
coconut_mature,Coconut Mature,province,CORDILLERA ADMINISTRATIVE REGION (CAR),Mountain Province,Mountain Province,2016,142.23,official_psa
coconut_mature,Coconut Mature,province,CORDILLERA ADMINISTRATIVE REGION (CAR),Mountain Province,Mountain Province,2017,132.84,official_psa
coconut_mature,Coconut Mature,province,CORDILLERA ADMINISTRATIVE REGION (CAR),Mountain Province,Mountain Province,2018,127.68,official_psa
coconut_mature,Coconut Mature,province,CORDILLERA ADMINISTRATIVE REGION (CAR),Mountain Province,Mountain Province,2019,120.49,official_psa
coconut_mature,Coconut Mature,province,CORDILLERA ADMINISTRATIVE REGION (CAR),Mountain Province,Mountain Province,2020,129.29,official_psa
coconut_mature,Coconut Mature,province,CORDILLERA ADMINISTRATIVE REGION (CAR),Mountain Province,Mountain Province,2021,126.1,official_psa
coconut_mature,Coconut Mature,province,CORDILLERA ADMINISTRATIVE REGION (CAR),Mountain Province,Mountain Province,2022,113.38,official_psa
coconut_mature,Coconut Mature,province,CORDILLERA ADMINISTRATIVE REGION (CAR),Mountain Province,Mountain Province,2023,110.86,official_psa
coconut_mature,Coconut Mature,province,CORDILLERA ADMINISTRATIVE REGION (CAR),Mountain Province,Mountain Province,2024,122.88,official_psa
coconut_mature,Coconut Mature,province,CORDILLERA ADMINISTRATIVE REGION (CAR),Mountain Province,Mountain Province,2025,112.12,official_psa
coconut_mature,Coconut Mature,province,CORDILLERA ADMINISTRATIVE REGION (CAR),Mountain Province,Mountain Province,2026,111.28,estimated_gap
coconut_mature,Coconut Mature,region,REGION I (ILOCOS REGION),,REGION I (ILOCOS REGION),2010,10692.65,official_psa
coconut_mature,Coconut Mature,region,REGION I (ILOCOS REGION),,REGION I (ILOCOS REGION),2011,10778.74,official_psa
coconut_mature,Coconut Mature,region,REGION I (ILOCOS REGION),,REGION I (ILOCOS REGION),2012,10723.47,official_psa
coconut_mature,Coconut Mature,region,REGION I (ILOCOS REGION),,REGION I (ILOCOS REGION),2013,10877.27,official_psa
coconut_mature,Coconut Mature,region,REGION I (ILOCOS REGION),,REGION I (ILOCOS REGION),2014,10986.56,official_psa
coconut_mature,Coconut Mature,region,REGION I (ILOCOS REGION),,REGION I (ILOCOS REGION),2015,10681.96,official_psa
coconut_mature,Coconut Mature,region,REGION I (ILOCOS REGION),,REGION I (ILOCOS REGION),2016,10751.23,official_psa
coconut_mature,Coconut Mature,region,REGION I (ILOCOS REGION),,REGION I (ILOCOS REGION),2017,11481.45,official_psa
coconut_mature,Coconut Mature,region,REGION I (ILOCOS REGION),,REGION I (ILOCOS REGION),2018,11170.42,official_psa
coconut_mature,Coconut Mature,region,REGION I (ILOCOS REGION),,REGION I (ILOCOS REGION),2019,11242.79,official_psa
coconut_mature,Coconut Mature,region,REGION I (ILOCOS REGION),,REGION I (ILOCOS REGION),2020,11778.41,official_psa
coconut_mature,Coconut Mature,region,REGION I (ILOCOS REGION),,REGION I (ILOCOS REGION),2021,11721.76,official_psa
coconut_mature,Coconut Mature,region,REGION I (ILOCOS REGION),,REGION I (ILOCOS REGION),2022,12325.87,official_psa
coconut_mature,Coconut Mature,region,REGION I (ILOCOS REGION),,REGION I (ILOCOS REGION),2023,12594.53,official_psa
coconut_mature,Coconut Mature,region,REGION I (ILOCOS REGION),,REGION I (ILOCOS REGION),2024,12806.01,official_psa
coconut_mature,Coconut Mature,region,REGION I (ILOCOS REGION),,REGION I (ILOCOS REGION),2025,12281.01,official_psa
coconut_mature,Coconut Mature,region,REGION I (ILOCOS REGION),,REGION I (ILOCOS REGION),2026,11129.48,estimated_gap
coconut_mature,Coconut Mature,province,REGION I (ILOCOS REGION),Ilocos Norte,Ilocos Norte,2010,2326.92,official_psa
coconut_mature,Coconut Mature,province,REGION I (ILOCOS REGION),Ilocos Norte,Ilocos Norte,2011,2342.96,official_psa
coconut_mature,Coconut Mature,province,REGION I (ILOCOS REGION),Ilocos Norte,Ilocos Norte,2012,2272.43,official_psa
coconut_mature,Coconut Mature,province,REGION I (ILOCOS REGION),Ilocos Norte,Ilocos Norte,2013,2235.48,official_psa
coconut_mature,Coconut Mature,province,REGION I (ILOCOS REGION),Ilocos Norte,Ilocos Norte,2014,2247.42,official_psa
coconut_mature,Coconut Mature,province,REGION I (ILOCOS REGION),Ilocos Norte,Ilocos Norte,2015,2240.79,official_psa
coconut_mature,Coconut Mature,province,REGION I (ILOCOS REGION),Ilocos Norte,Ilocos Norte,2016,2197.95,official_psa
coconut_mature,Coconut Mature,province,REGION I (ILOCOS REGION),Ilocos Norte,Ilocos Norte,2017,2216.9,official_psa
coconut_mature,Coconut Mature,province,REGION I (ILOCOS REGION),Ilocos Norte,Ilocos Norte,2018,2257.9,official_psa
coconut_mature,Coconut Mature,province,REGION I (ILOCOS REGION),Ilocos Norte,Ilocos Norte,2019,2287.12,official_psa
coconut_mature,Coconut Mature,province,REGION I (ILOCOS REGION),Ilocos Norte,Ilocos Norte,2020,2478.7,official_psa
coconut_mature,Coconut Mature,province,REGION I (ILOCOS REGION),Ilocos Norte,Ilocos Norte,2021,2507.77,official_psa
coconut_mature,Coconut Mature,province,REGION I (ILOCOS REGION),Ilocos Norte,Ilocos Norte,2022,2470.76,official_psa
coconut_mature,Coconut Mature,province,REGION I (ILOCOS REGION),Ilocos Norte,Ilocos Norte,2023,2446.05,official_psa
coconut_mature,Coconut Mature,province,REGION I (ILOCOS REGION),Ilocos Norte,Ilocos Norte,2024,2395.57,official_psa
coconut_mature,Coconut Mature,province,REGION I (ILOCOS REGION),Ilocos Norte,Ilocos Norte,2025,2448.89,official_psa
coconut_mature,Coconut Mature,province,REGION I (ILOCOS REGION),Ilocos Norte,Ilocos Norte,2026,2478.71,estimated_gap
coconut_mature,Coconut Mature,province,REGION I (ILOCOS REGION),Ilocos Sur,Ilocos Sur,2010,1771.1,official_psa
coconut_mature,Coconut Mature,province,REGION I (ILOCOS REGION),Ilocos Sur,Ilocos Sur,2011,1682.34,official_psa
coconut_mature,Coconut Mature,province,REGION I (ILOCOS REGION),Ilocos Sur,Ilocos Sur,2012,1624.51,official_psa
coconut_mature,Coconut Mature,province,REGION I (ILOCOS REGION),Ilocos Sur,Ilocos Sur,2013,1654.06,official_psa
coconut_mature,Coconut Mature,province,REGION I (ILOCOS REGION),Ilocos Sur,Ilocos Sur,2014,1603.06,official_psa
coconut_mature,Coconut Mature,province,REGION I (ILOCOS REGION),Ilocos Sur,Ilocos Sur,2015,1530.03,official_psa
coconut_mature,Coconut Mature,province,REGION I (ILOCOS REGION),Ilocos Sur,Ilocos Sur,2016,1487.76,official_psa
coconut_mature,Coconut Mature,province,REGION I (ILOCOS REGION),Ilocos Sur,Ilocos Sur,2017,1487.9,official_psa
coconut_mature,Coconut Mature,province,REGION I (ILOCOS REGION),Ilocos Sur,Ilocos Sur,2018,1481.41,official_psa
coconut_mature,Coconut Mature,province,REGION I (ILOCOS REGION),Ilocos Sur,Ilocos Sur,2019,1456.65,official_psa
coconut_mature,Coconut Mature,province,REGION I (ILOCOS REGION),Ilocos Sur,Ilocos Sur,2020,1500.92,official_psa
coconut_mature,Coconut Mature,province,REGION I (ILOCOS REGION),Ilocos Sur,Ilocos Sur,2021,1606.29,official_psa
coconut_mature,Coconut Mature,province,REGION I (ILOCOS REGION),Ilocos Sur,Ilocos Sur,2022,1854.29,official_psa
coconut_mature,Coconut Mature,province,REGION I (ILOCOS REGION),Ilocos Sur,Ilocos Sur,2023,1885.49,official_psa
coconut_mature,Coconut Mature,province,REGION I (ILOCOS REGION),Ilocos Sur,Ilocos Sur,2024,1955.22,official_psa
coconut_mature,Coconut Mature,province,REGION I (ILOCOS REGION),Ilocos Sur,Ilocos Sur,2025,1859.28,official_psa
coconut_mature,Coconut Mature,province,REGION I (ILOCOS REGION),Ilocos Sur,Ilocos Sur,2026,1713.79,estimated_gap
coconut_mature,Coconut Mature,province,REGION I (ILOCOS REGION),La Union,La Union,2010,504.46,official_psa
coconut_mature,Coconut Mature,province,REGION I (ILOCOS REGION),La Union,La Union,2011,503.0,official_psa
coconut_mature,Coconut Mature,province,REGION I (ILOCOS REGION),La Union,La Union,2012,458.88,official_psa
coconut_mature,Coconut Mature,province,REGION I (ILOCOS REGION),La Union,La Union,2013,420.84,official_psa
coconut_mature,Coconut Mature,province,REGION I (ILOCOS REGION),La Union,La Union,2014,418.54,official_psa
coconut_mature,Coconut Mature,province,REGION I (ILOCOS REGION),La Union,La Union,2015,422.42,official_psa
coconut_mature,Coconut Mature,province,REGION I (ILOCOS REGION),La Union,La Union,2016,404.84,official_psa
coconut_mature,Coconut Mature,province,REGION I (ILOCOS REGION),La Union,La Union,2017,399.08,official_psa
coconut_mature,Coconut Mature,province,REGION I (ILOCOS REGION),La Union,La Union,2018,402.09,official_psa
coconut_mature,Coconut Mature,province,REGION I (ILOCOS REGION),La Union,La Union,2019,396.79,official_psa
coconut_mature,Coconut Mature,province,REGION I (ILOCOS REGION),La Union,La Union,2020,404.93,official_psa
coconut_mature,Coconut Mature,province,REGION I (ILOCOS REGION),La Union,La Union,2021,392.6,official_psa
coconut_mature,Coconut Mature,province,REGION I (ILOCOS REGION),La Union,La Union,2022,391.53,official_psa
coconut_mature,Coconut Mature,province,REGION I (ILOCOS REGION),La Union,La Union,2023,372.92,official_psa
coconut_mature,Coconut Mature,province,REGION I (ILOCOS REGION),La Union,La Union,2024,372.11,official_psa
coconut_mature,Coconut Mature,province,REGION I (ILOCOS REGION),La Union,La Union,2025,359.11,official_psa
coconut_mature,Coconut Mature,province,REGION I (ILOCOS REGION),La Union,La Union,2026,318.86,estimated_gap
coconut_mature,Coconut Mature,province,REGION I (ILOCOS REGION),Pangasinan,Pangasinan,2010,6090.18,official_psa
coconut_mature,Coconut Mature,province,REGION I (ILOCOS REGION),Pangasinan,Pangasinan,2011,6250.44,official_psa
coconut_mature,Coconut Mature,province,REGION I (ILOCOS REGION),Pangasinan,Pangasinan,2012,6367.65,official_psa
coconut_mature,Coconut Mature,province,REGION I (ILOCOS REGION),Pangasinan,Pangasinan,2013,6566.89,official_psa
coconut_mature,Coconut Mature,province,REGION I (ILOCOS REGION),Pangasinan,Pangasinan,2014,6717.54,official_psa
coconut_mature,Coconut Mature,province,REGION I (ILOCOS REGION),Pangasinan,Pangasinan,2015,6488.72,official_psa
coconut_mature,Coconut Mature,province,REGION I (ILOCOS REGION),Pangasinan,Pangasinan,2016,6660.68,official_psa
coconut_mature,Coconut Mature,province,REGION I (ILOCOS REGION),Pangasinan,Pangasinan,2017,7377.57,official_psa
coconut_mature,Coconut Mature,province,REGION I (ILOCOS REGION),Pangasinan,Pangasinan,2018,7029.02,official_psa
coconut_mature,Coconut Mature,province,REGION I (ILOCOS REGION),Pangasinan,Pangasinan,2019,7102.22,official_psa
coconut_mature,Coconut Mature,province,REGION I (ILOCOS REGION),Pangasinan,Pangasinan,2020,7393.86,official_psa
coconut_mature,Coconut Mature,province,REGION I (ILOCOS REGION),Pangasinan,Pangasinan,2021,7215.1,official_psa
coconut_mature,Coconut Mature,province,REGION I (ILOCOS REGION),Pangasinan,Pangasinan,2022,7609.29,official_psa
coconut_mature,Coconut Mature,province,REGION I (ILOCOS REGION),Pangasinan,Pangasinan,2023,7890.07,official_psa
coconut_mature,Coconut Mature,province,REGION I (ILOCOS REGION),Pangasinan,Pangasinan,2024,8083.12,official_psa
coconut_mature,Coconut Mature,province,REGION I (ILOCOS REGION),Pangasinan,Pangasinan,2025,7613.73,official_psa
coconut_mature,Coconut Mature,province,REGION I (ILOCOS REGION),Pangasinan,Pangasinan,2026,6450.01,estimated_gap
coconut_mature,Coconut Mature,region,REGION II (CAGAYAN VALLEY),,REGION II (CAGAYAN VALLEY),2010,29157.08,official_psa
coconut_mature,Coconut Mature,region,REGION II (CAGAYAN VALLEY),,REGION II (CAGAYAN VALLEY),2011,25689.0,official_psa
coconut_mature,Coconut Mature,region,REGION II (CAGAYAN VALLEY),,REGION II (CAGAYAN VALLEY),2012,25594.51,official_psa
coconut_mature,Coconut Mature,region,REGION II (CAGAYAN VALLEY),,REGION II (CAGAYAN VALLEY),2013,26900.93,official_psa
coconut_mature,Coconut Mature,region,REGION II (CAGAYAN VALLEY),,REGION II (CAGAYAN VALLEY),2014,26461.02,official_psa
coconut_mature,Coconut Mature,region,REGION II (CAGAYAN VALLEY),,REGION II (CAGAYAN VALLEY),2015,27960.51,official_psa
coconut_mature,Coconut Mature,region,REGION II (CAGAYAN VALLEY),,REGION II (CAGAYAN VALLEY),2016,27707.41,official_psa
coconut_mature,Coconut Mature,region,REGION II (CAGAYAN VALLEY),,REGION II (CAGAYAN VALLEY),2017,26017.37,official_psa
coconut_mature,Coconut Mature,region,REGION II (CAGAYAN VALLEY),,REGION II (CAGAYAN VALLEY),2018,24979.08,official_psa
coconut_mature,Coconut Mature,region,REGION II (CAGAYAN VALLEY),,REGION II (CAGAYAN VALLEY),2019,23337.2,official_psa
coconut_mature,Coconut Mature,region,REGION II (CAGAYAN VALLEY),,REGION II (CAGAYAN VALLEY),2020,24381.67,official_psa
coconut_mature,Coconut Mature,region,REGION II (CAGAYAN VALLEY),,REGION II (CAGAYAN VALLEY),2021,26883.79,official_psa
coconut_mature,Coconut Mature,region,REGION II (CAGAYAN VALLEY),,REGION II (CAGAYAN VALLEY),2022,27373.19,official_psa
coconut_mature,Coconut Mature,region,REGION II (CAGAYAN VALLEY),,REGION II (CAGAYAN VALLEY),2023,28690.93,official_psa
coconut_mature,Coconut Mature,region,REGION II (CAGAYAN VALLEY),,REGION II (CAGAYAN VALLEY),2024,26602.88,official_psa
coconut_mature,Coconut Mature,region,REGION II (CAGAYAN VALLEY),,REGION II (CAGAYAN VALLEY),2025,24904.45,official_psa
coconut_mature,Coconut Mature,region,REGION II (CAGAYAN VALLEY),,REGION II (CAGAYAN VALLEY),2026,22857.71,estimated_gap
coconut_mature,Coconut Mature,province,REGION II (CAGAYAN VALLEY),Batanes,Batanes,2010,1032.72,estimated_gap
coconut_mature,Coconut Mature,province,REGION II (CAGAYAN VALLEY),Batanes,Batanes,2011,1032.72,estimated_gap
coconut_mature,Coconut Mature,province,REGION II (CAGAYAN VALLEY),Batanes,Batanes,2012,1032.72,official_psa
coconut_mature,Coconut Mature,province,REGION II (CAGAYAN VALLEY),Batanes,Batanes,2013,825.12,official_psa
coconut_mature,Coconut Mature,province,REGION II (CAGAYAN VALLEY),Batanes,Batanes,2014,650.29,official_psa
coconut_mature,Coconut Mature,province,REGION II (CAGAYAN VALLEY),Batanes,Batanes,2015,570.27,official_psa
coconut_mature,Coconut Mature,province,REGION II (CAGAYAN VALLEY),Batanes,Batanes,2016,443.99,official_psa
coconut_mature,Coconut Mature,province,REGION II (CAGAYAN VALLEY),Batanes,Batanes,2017,339.23,official_psa
coconut_mature,Coconut Mature,province,REGION II (CAGAYAN VALLEY),Batanes,Batanes,2018,348.25,official_psa
coconut_mature,Coconut Mature,province,REGION II (CAGAYAN VALLEY),Batanes,Batanes,2019,344.51,official_psa
coconut_mature,Coconut Mature,province,REGION II (CAGAYAN VALLEY),Batanes,Batanes,2020,447.74,official_psa
coconut_mature,Coconut Mature,province,REGION II (CAGAYAN VALLEY),Batanes,Batanes,2021,445.57,official_psa
coconut_mature,Coconut Mature,province,REGION II (CAGAYAN VALLEY),Batanes,Batanes,2022,212.36,official_psa
coconut_mature,Coconut Mature,province,REGION II (CAGAYAN VALLEY),Batanes,Batanes,2023,325.44,official_psa
coconut_mature,Coconut Mature,province,REGION II (CAGAYAN VALLEY),Batanes,Batanes,2024,342.56,official_psa
coconut_mature,Coconut Mature,province,REGION II (CAGAYAN VALLEY),Batanes,Batanes,2025,211.19,official_psa
coconut_mature,Coconut Mature,province,REGION II (CAGAYAN VALLEY),Batanes,Batanes,2026,237.46,estimated_gap
coconut_mature,Coconut Mature,province,REGION II (CAGAYAN VALLEY),Cagayan,Cagayan,2010,18912.61,official_psa
coconut_mature,Coconut Mature,province,REGION II (CAGAYAN VALLEY),Cagayan,Cagayan,2011,20261.88,official_psa
coconut_mature,Coconut Mature,province,REGION II (CAGAYAN VALLEY),Cagayan,Cagayan,2012,20093.97,official_psa
coconut_mature,Coconut Mature,province,REGION II (CAGAYAN VALLEY),Cagayan,Cagayan,2013,20220.57,official_psa
coconut_mature,Coconut Mature,province,REGION II (CAGAYAN VALLEY),Cagayan,Cagayan,2014,20285.88,official_psa
coconut_mature,Coconut Mature,province,REGION II (CAGAYAN VALLEY),Cagayan,Cagayan,2015,21975.78,official_psa
coconut_mature,Coconut Mature,province,REGION II (CAGAYAN VALLEY),Cagayan,Cagayan,2016,22100.59,official_psa
coconut_mature,Coconut Mature,province,REGION II (CAGAYAN VALLEY),Cagayan,Cagayan,2017,20671.42,official_psa
coconut_mature,Coconut Mature,province,REGION II (CAGAYAN VALLEY),Cagayan,Cagayan,2018,19784.86,official_psa
coconut_mature,Coconut Mature,province,REGION II (CAGAYAN VALLEY),Cagayan,Cagayan,2019,18473.78,official_psa
coconut_mature,Coconut Mature,province,REGION II (CAGAYAN VALLEY),Cagayan,Cagayan,2020,19439.49,official_psa
coconut_mature,Coconut Mature,province,REGION II (CAGAYAN VALLEY),Cagayan,Cagayan,2021,21933.88,official_psa
coconut_mature,Coconut Mature,province,REGION II (CAGAYAN VALLEY),Cagayan,Cagayan,2022,22613.31,official_psa
coconut_mature,Coconut Mature,province,REGION II (CAGAYAN VALLEY),Cagayan,Cagayan,2023,23751.25,official_psa
coconut_mature,Coconut Mature,province,REGION II (CAGAYAN VALLEY),Cagayan,Cagayan,2024,21773.76,official_psa
coconut_mature,Coconut Mature,province,REGION II (CAGAYAN VALLEY),Cagayan,Cagayan,2025,20444.75,official_psa
coconut_mature,Coconut Mature,province,REGION II (CAGAYAN VALLEY),Cagayan,Cagayan,2026,18193.48,estimated_gap
coconut_mature,Coconut Mature,province,REGION II (CAGAYAN VALLEY),Isabela,Isabela,2010,8825.24,official_psa
coconut_mature,Coconut Mature,province,REGION II (CAGAYAN VALLEY),Isabela,Isabela,2011,3975.43,official_psa
coconut_mature,Coconut Mature,province,REGION II (CAGAYAN VALLEY),Isabela,Isabela,2012,3191.25,official_psa
coconut_mature,Coconut Mature,province,REGION II (CAGAYAN VALLEY),Isabela,Isabela,2013,4509.2,official_psa
coconut_mature,Coconut Mature,province,REGION II (CAGAYAN VALLEY),Isabela,Isabela,2014,4284.45,official_psa
coconut_mature,Coconut Mature,province,REGION II (CAGAYAN VALLEY),Isabela,Isabela,2015,4192.86,official_psa
coconut_mature,Coconut Mature,province,REGION II (CAGAYAN VALLEY),Isabela,Isabela,2016,3967.98,official_psa
coconut_mature,Coconut Mature,province,REGION II (CAGAYAN VALLEY),Isabela,Isabela,2017,3794.56,official_psa
coconut_mature,Coconut Mature,province,REGION II (CAGAYAN VALLEY),Isabela,Isabela,2018,3676.04,official_psa
coconut_mature,Coconut Mature,province,REGION II (CAGAYAN VALLEY),Isabela,Isabela,2019,3363.24,official_psa
coconut_mature,Coconut Mature,province,REGION II (CAGAYAN VALLEY),Isabela,Isabela,2020,3329.6,official_psa
coconut_mature,Coconut Mature,province,REGION II (CAGAYAN VALLEY),Isabela,Isabela,2021,3349.08,official_psa
coconut_mature,Coconut Mature,province,REGION II (CAGAYAN VALLEY),Isabela,Isabela,2022,3363.2,official_psa
coconut_mature,Coconut Mature,province,REGION II (CAGAYAN VALLEY),Isabela,Isabela,2023,3382.21,official_psa
coconut_mature,Coconut Mature,province,REGION II (CAGAYAN VALLEY),Isabela,Isabela,2024,3344.96,official_psa
coconut_mature,Coconut Mature,province,REGION II (CAGAYAN VALLEY),Isabela,Isabela,2025,3118.82,official_psa
coconut_mature,Coconut Mature,province,REGION II (CAGAYAN VALLEY),Isabela,Isabela,2026,3374.64,estimated_gap
coconut_mature,Coconut Mature,province,REGION II (CAGAYAN VALLEY),Nueva Vizcaya,Nueva Vizcaya,2010,967.71,official_psa
coconut_mature,Coconut Mature,province,REGION II (CAGAYAN VALLEY),Nueva Vizcaya,Nueva Vizcaya,2011,975.0,official_psa
coconut_mature,Coconut Mature,province,REGION II (CAGAYAN VALLEY),Nueva Vizcaya,Nueva Vizcaya,2012,858.34,official_psa
coconut_mature,Coconut Mature,province,REGION II (CAGAYAN VALLEY),Nueva Vizcaya,Nueva Vizcaya,2013,838.69,official_psa
coconut_mature,Coconut Mature,province,REGION II (CAGAYAN VALLEY),Nueva Vizcaya,Nueva Vizcaya,2014,781.34,official_psa
coconut_mature,Coconut Mature,province,REGION II (CAGAYAN VALLEY),Nueva Vizcaya,Nueva Vizcaya,2015,741.16,official_psa
coconut_mature,Coconut Mature,province,REGION II (CAGAYAN VALLEY),Nueva Vizcaya,Nueva Vizcaya,2016,732.89,official_psa
coconut_mature,Coconut Mature,province,REGION II (CAGAYAN VALLEY),Nueva Vizcaya,Nueva Vizcaya,2017,740.92,official_psa
coconut_mature,Coconut Mature,province,REGION II (CAGAYAN VALLEY),Nueva Vizcaya,Nueva Vizcaya,2018,749.71,official_psa
coconut_mature,Coconut Mature,province,REGION II (CAGAYAN VALLEY),Nueva Vizcaya,Nueva Vizcaya,2019,756.58,official_psa
coconut_mature,Coconut Mature,province,REGION II (CAGAYAN VALLEY),Nueva Vizcaya,Nueva Vizcaya,2020,741.9,official_psa
coconut_mature,Coconut Mature,province,REGION II (CAGAYAN VALLEY),Nueva Vizcaya,Nueva Vizcaya,2021,748.2,official_psa
coconut_mature,Coconut Mature,province,REGION II (CAGAYAN VALLEY),Nueva Vizcaya,Nueva Vizcaya,2022,760.36,official_psa
coconut_mature,Coconut Mature,province,REGION II (CAGAYAN VALLEY),Nueva Vizcaya,Nueva Vizcaya,2023,767.16,official_psa
coconut_mature,Coconut Mature,province,REGION II (CAGAYAN VALLEY),Nueva Vizcaya,Nueva Vizcaya,2024,738.89,official_psa
coconut_mature,Coconut Mature,province,REGION II (CAGAYAN VALLEY),Nueva Vizcaya,Nueva Vizcaya,2025,753.02,official_psa
coconut_mature,Coconut Mature,province,REGION II (CAGAYAN VALLEY),Nueva Vizcaya,Nueva Vizcaya,2026,665.48,estimated_gap
coconut_mature,Coconut Mature,province,REGION II (CAGAYAN VALLEY),Quirino,Quirino,2010,451.53,official_psa
coconut_mature,Coconut Mature,province,REGION II (CAGAYAN VALLEY),Quirino,Quirino,2011,476.69,official_psa
coconut_mature,Coconut Mature,province,REGION II (CAGAYAN VALLEY),Quirino,Quirino,2012,418.23,official_psa
coconut_mature,Coconut Mature,province,REGION II (CAGAYAN VALLEY),Quirino,Quirino,2013,507.35,official_psa
coconut_mature,Coconut Mature,province,REGION II (CAGAYAN VALLEY),Quirino,Quirino,2014,459.06,official_psa
coconut_mature,Coconut Mature,province,REGION II (CAGAYAN VALLEY),Quirino,Quirino,2015,480.44,official_psa
coconut_mature,Coconut Mature,province,REGION II (CAGAYAN VALLEY),Quirino,Quirino,2016,461.97,official_psa
coconut_mature,Coconut Mature,province,REGION II (CAGAYAN VALLEY),Quirino,Quirino,2017,471.24,official_psa
coconut_mature,Coconut Mature,province,REGION II (CAGAYAN VALLEY),Quirino,Quirino,2018,420.22,official_psa
coconut_mature,Coconut Mature,province,REGION II (CAGAYAN VALLEY),Quirino,Quirino,2019,399.09,official_psa
coconut_mature,Coconut Mature,province,REGION II (CAGAYAN VALLEY),Quirino,Quirino,2020,422.94,official_psa
coconut_mature,Coconut Mature,province,REGION II (CAGAYAN VALLEY),Quirino,Quirino,2021,407.06,official_psa
coconut_mature,Coconut Mature,province,REGION II (CAGAYAN VALLEY),Quirino,Quirino,2022,423.96,official_psa
coconut_mature,Coconut Mature,province,REGION II (CAGAYAN VALLEY),Quirino,Quirino,2023,464.87,official_psa
coconut_mature,Coconut Mature,province,REGION II (CAGAYAN VALLEY),Quirino,Quirino,2024,402.71,official_psa
coconut_mature,Coconut Mature,province,REGION II (CAGAYAN VALLEY),Quirino,Quirino,2025,376.68,official_psa
coconut_mature,Coconut Mature,province,REGION II (CAGAYAN VALLEY),Quirino,Quirino,2026,276.35,estimated_gap
coconut_mature,Coconut Mature,region,REGION III (CENTRAL LUZON),,REGION III (CENTRAL LUZON),2010,157279.21,official_psa
coconut_mature,Coconut Mature,region,REGION III (CENTRAL LUZON),,REGION III (CENTRAL LUZON),2011,158985.46,official_psa
coconut_mature,Coconut Mature,region,REGION III (CENTRAL LUZON),,REGION III (CENTRAL LUZON),2012,154053.73,official_psa
coconut_mature,Coconut Mature,region,REGION III (CENTRAL LUZON),,REGION III (CENTRAL LUZON),2013,133026.35,official_psa
coconut_mature,Coconut Mature,region,REGION III (CENTRAL LUZON),,REGION III (CENTRAL LUZON),2014,135149.15,official_psa
coconut_mature,Coconut Mature,region,REGION III (CENTRAL LUZON),,REGION III (CENTRAL LUZON),2015,117733.53,official_psa
coconut_mature,Coconut Mature,region,REGION III (CENTRAL LUZON),,REGION III (CENTRAL LUZON),2016,61939.46,official_psa
coconut_mature,Coconut Mature,region,REGION III (CENTRAL LUZON),,REGION III (CENTRAL LUZON),2017,66824.4,official_psa
coconut_mature,Coconut Mature,region,REGION III (CENTRAL LUZON),,REGION III (CENTRAL LUZON),2018,65464.39,official_psa
coconut_mature,Coconut Mature,region,REGION III (CENTRAL LUZON),,REGION III (CENTRAL LUZON),2019,73109.81,official_psa
coconut_mature,Coconut Mature,region,REGION III (CENTRAL LUZON),,REGION III (CENTRAL LUZON),2020,67526.95,official_psa
coconut_mature,Coconut Mature,region,REGION III (CENTRAL LUZON),,REGION III (CENTRAL LUZON),2021,64546.98,official_psa
coconut_mature,Coconut Mature,region,REGION III (CENTRAL LUZON),,REGION III (CENTRAL LUZON),2022,62902.06,official_psa
coconut_mature,Coconut Mature,region,REGION III (CENTRAL LUZON),,REGION III (CENTRAL LUZON),2023,59901.88,official_psa
coconut_mature,Coconut Mature,region,REGION III (CENTRAL LUZON),,REGION III (CENTRAL LUZON),2024,59661.75,official_psa
coconut_mature,Coconut Mature,region,REGION III (CENTRAL LUZON),,REGION III (CENTRAL LUZON),2025,18389.06,official_psa
coconut_mature,Coconut Mature,region,REGION III (CENTRAL LUZON),,REGION III (CENTRAL LUZON),2026,23388.47,estimated_gap
coconut_mature,Coconut Mature,province,REGION III (CENTRAL LUZON),Aurora,Aurora,2010,153700.0,official_psa
coconut_mature,Coconut Mature,province,REGION III (CENTRAL LUZON),Aurora,Aurora,2011,155535.0,official_psa
coconut_mature,Coconut Mature,province,REGION III (CENTRAL LUZON),Aurora,Aurora,2012,150705.0,official_psa
coconut_mature,Coconut Mature,province,REGION III (CENTRAL LUZON),Aurora,Aurora,2013,129787.0,official_psa
coconut_mature,Coconut Mature,province,REGION III (CENTRAL LUZON),Aurora,Aurora,2014,132050.0,official_psa
coconut_mature,Coconut Mature,province,REGION III (CENTRAL LUZON),Aurora,Aurora,2015,114495.0,official_psa
coconut_mature,Coconut Mature,province,REGION III (CENTRAL LUZON),Aurora,Aurora,2016,58717.0,official_psa
coconut_mature,Coconut Mature,province,REGION III (CENTRAL LUZON),Aurora,Aurora,2017,63528.5,official_psa
coconut_mature,Coconut Mature,province,REGION III (CENTRAL LUZON),Aurora,Aurora,2018,62132.92,official_psa
coconut_mature,Coconut Mature,province,REGION III (CENTRAL LUZON),Aurora,Aurora,2019,69679.74,official_psa
coconut_mature,Coconut Mature,province,REGION III (CENTRAL LUZON),Aurora,Aurora,2020,64299.57,official_psa
coconut_mature,Coconut Mature,province,REGION III (CENTRAL LUZON),Aurora,Aurora,2021,61148.15,official_psa
coconut_mature,Coconut Mature,province,REGION III (CENTRAL LUZON),Aurora,Aurora,2022,59335.31,official_psa
coconut_mature,Coconut Mature,province,REGION III (CENTRAL LUZON),Aurora,Aurora,2023,57087.42,official_psa
coconut_mature,Coconut Mature,province,REGION III (CENTRAL LUZON),Aurora,Aurora,2024,57099.4,official_psa
coconut_mature,Coconut Mature,province,REGION III (CENTRAL LUZON),Aurora,Aurora,2025,15903.82,official_psa
coconut_mature,Coconut Mature,province,REGION III (CENTRAL LUZON),Aurora,Aurora,2026,20712.45,estimated_gap
coconut_mature,Coconut Mature,province,REGION III (CENTRAL LUZON),Bataan,Bataan,2010,2292.0,official_psa
coconut_mature,Coconut Mature,province,REGION III (CENTRAL LUZON),Bataan,Bataan,2011,2163.5,official_psa
coconut_mature,Coconut Mature,province,REGION III (CENTRAL LUZON),Bataan,Bataan,2012,2093.0,official_psa
coconut_mature,Coconut Mature,province,REGION III (CENTRAL LUZON),Bataan,Bataan,2013,2007.5,official_psa
coconut_mature,Coconut Mature,province,REGION III (CENTRAL LUZON),Bataan,Bataan,2014,1856.0,official_psa
coconut_mature,Coconut Mature,province,REGION III (CENTRAL LUZON),Bataan,Bataan,2015,2015.0,official_psa
coconut_mature,Coconut Mature,province,REGION III (CENTRAL LUZON),Bataan,Bataan,2016,2060.8,official_psa
coconut_mature,Coconut Mature,province,REGION III (CENTRAL LUZON),Bataan,Bataan,2017,2165.78,official_psa
coconut_mature,Coconut Mature,province,REGION III (CENTRAL LUZON),Bataan,Bataan,2018,2191.62,official_psa
coconut_mature,Coconut Mature,province,REGION III (CENTRAL LUZON),Bataan,Bataan,2019,2318.35,official_psa
coconut_mature,Coconut Mature,province,REGION III (CENTRAL LUZON),Bataan,Bataan,2020,2159.12,official_psa
coconut_mature,Coconut Mature,province,REGION III (CENTRAL LUZON),Bataan,Bataan,2021,2358.81,official_psa
coconut_mature,Coconut Mature,province,REGION III (CENTRAL LUZON),Bataan,Bataan,2022,2652.57,official_psa
coconut_mature,Coconut Mature,province,REGION III (CENTRAL LUZON),Bataan,Bataan,2023,1875.33,official_psa
coconut_mature,Coconut Mature,province,REGION III (CENTRAL LUZON),Bataan,Bataan,2024,1701.9,official_psa
coconut_mature,Coconut Mature,province,REGION III (CENTRAL LUZON),Bataan,Bataan,2025,1582.61,official_psa
coconut_mature,Coconut Mature,province,REGION III (CENTRAL LUZON),Bataan,Bataan,2026,1849.97,estimated_gap
coconut_mature,Coconut Mature,province,REGION III (CENTRAL LUZON),Bulacan,Bulacan,2010,268.16,official_psa
coconut_mature,Coconut Mature,province,REGION III (CENTRAL LUZON),Bulacan,Bulacan,2011,245.0,official_psa
coconut_mature,Coconut Mature,province,REGION III (CENTRAL LUZON),Bulacan,Bulacan,2012,232.0,official_psa
coconut_mature,Coconut Mature,province,REGION III (CENTRAL LUZON),Bulacan,Bulacan,2013,204.0,official_psa
coconut_mature,Coconut Mature,province,REGION III (CENTRAL LUZON),Bulacan,Bulacan,2014,207.5,official_psa
coconut_mature,Coconut Mature,province,REGION III (CENTRAL LUZON),Bulacan,Bulacan,2015,203.0,official_psa
coconut_mature,Coconut Mature,province,REGION III (CENTRAL LUZON),Bulacan,Bulacan,2016,217.0,official_psa
coconut_mature,Coconut Mature,province,REGION III (CENTRAL LUZON),Bulacan,Bulacan,2017,216.0,official_psa
coconut_mature,Coconut Mature,province,REGION III (CENTRAL LUZON),Bulacan,Bulacan,2018,218.0,official_psa
coconut_mature,Coconut Mature,province,REGION III (CENTRAL LUZON),Bulacan,Bulacan,2019,202.04,official_psa
coconut_mature,Coconut Mature,province,REGION III (CENTRAL LUZON),Bulacan,Bulacan,2020,193.86,official_psa
coconut_mature,Coconut Mature,province,REGION III (CENTRAL LUZON),Bulacan,Bulacan,2021,179.78,official_psa
coconut_mature,Coconut Mature,province,REGION III (CENTRAL LUZON),Bulacan,Bulacan,2022,172.27,official_psa
coconut_mature,Coconut Mature,province,REGION III (CENTRAL LUZON),Bulacan,Bulacan,2023,181.68,official_psa
coconut_mature,Coconut Mature,province,REGION III (CENTRAL LUZON),Bulacan,Bulacan,2024,170.7,official_psa
coconut_mature,Coconut Mature,province,REGION III (CENTRAL LUZON),Bulacan,Bulacan,2025,176.99,official_psa
coconut_mature,Coconut Mature,province,REGION III (CENTRAL LUZON),Bulacan,Bulacan,2026,186.23,estimated_gap
coconut_mature,Coconut Mature,province,REGION III (CENTRAL LUZON),Nueva Ecija,Nueva Ecija,2010,17.51,official_psa
coconut_mature,Coconut Mature,province,REGION III (CENTRAL LUZON),Nueva Ecija,Nueva Ecija,2011,17.31,official_psa
coconut_mature,Coconut Mature,province,REGION III (CENTRAL LUZON),Nueva Ecija,Nueva Ecija,2012,17.41,official_psa
coconut_mature,Coconut Mature,province,REGION III (CENTRAL LUZON),Nueva Ecija,Nueva Ecija,2013,17.19,official_psa
coconut_mature,Coconut Mature,province,REGION III (CENTRAL LUZON),Nueva Ecija,Nueva Ecija,2014,17.7,official_psa
coconut_mature,Coconut Mature,province,REGION III (CENTRAL LUZON),Nueva Ecija,Nueva Ecija,2015,17.27,official_psa
coconut_mature,Coconut Mature,province,REGION III (CENTRAL LUZON),Nueva Ecija,Nueva Ecija,2016,16.87,official_psa
coconut_mature,Coconut Mature,province,REGION III (CENTRAL LUZON),Nueva Ecija,Nueva Ecija,2017,17.18,official_psa
coconut_mature,Coconut Mature,province,REGION III (CENTRAL LUZON),Nueva Ecija,Nueva Ecija,2018,17.88,official_psa
coconut_mature,Coconut Mature,province,REGION III (CENTRAL LUZON),Nueva Ecija,Nueva Ecija,2019,18.45,official_psa
coconut_mature,Coconut Mature,province,REGION III (CENTRAL LUZON),Nueva Ecija,Nueva Ecija,2020,20.26,official_psa
coconut_mature,Coconut Mature,province,REGION III (CENTRAL LUZON),Nueva Ecija,Nueva Ecija,2021,21.3,official_psa
coconut_mature,Coconut Mature,province,REGION III (CENTRAL LUZON),Nueva Ecija,Nueva Ecija,2022,22.25,official_psa
coconut_mature,Coconut Mature,province,REGION III (CENTRAL LUZON),Nueva Ecija,Nueva Ecija,2023,24.26,official_psa
coconut_mature,Coconut Mature,province,REGION III (CENTRAL LUZON),Nueva Ecija,Nueva Ecija,2024,22.84,official_psa
coconut_mature,Coconut Mature,province,REGION III (CENTRAL LUZON),Nueva Ecija,Nueva Ecija,2025,44.92,official_psa
coconut_mature,Coconut Mature,province,REGION III (CENTRAL LUZON),Nueva Ecija,Nueva Ecija,2026,31.36,estimated_gap
coconut_mature,Coconut Mature,province,REGION III (CENTRAL LUZON),Pampanga,Pampanga,2010,130.5,official_psa
coconut_mature,Coconut Mature,province,REGION III (CENTRAL LUZON),Pampanga,Pampanga,2011,134.0,official_psa
coconut_mature,Coconut Mature,province,REGION III (CENTRAL LUZON),Pampanga,Pampanga,2012,138.5,official_psa
coconut_mature,Coconut Mature,province,REGION III (CENTRAL LUZON),Pampanga,Pampanga,2013,139.0,official_psa
coconut_mature,Coconut Mature,province,REGION III (CENTRAL LUZON),Pampanga,Pampanga,2014,142.0,official_psa
coconut_mature,Coconut Mature,province,REGION III (CENTRAL LUZON),Pampanga,Pampanga,2015,146.0,official_psa
coconut_mature,Coconut Mature,province,REGION III (CENTRAL LUZON),Pampanga,Pampanga,2016,147.1,official_psa
coconut_mature,Coconut Mature,province,REGION III (CENTRAL LUZON),Pampanga,Pampanga,2017,145.25,official_psa
coconut_mature,Coconut Mature,province,REGION III (CENTRAL LUZON),Pampanga,Pampanga,2018,147.8,official_psa
coconut_mature,Coconut Mature,province,REGION III (CENTRAL LUZON),Pampanga,Pampanga,2019,146.35,official_psa
coconut_mature,Coconut Mature,province,REGION III (CENTRAL LUZON),Pampanga,Pampanga,2020,143.88,official_psa
coconut_mature,Coconut Mature,province,REGION III (CENTRAL LUZON),Pampanga,Pampanga,2021,139.85,official_psa
coconut_mature,Coconut Mature,province,REGION III (CENTRAL LUZON),Pampanga,Pampanga,2022,136.12,official_psa
coconut_mature,Coconut Mature,province,REGION III (CENTRAL LUZON),Pampanga,Pampanga,2023,133.9,official_psa
coconut_mature,Coconut Mature,province,REGION III (CENTRAL LUZON),Pampanga,Pampanga,2024,131.09,official_psa
coconut_mature,Coconut Mature,province,REGION III (CENTRAL LUZON),Pampanga,Pampanga,2025,131.11,official_psa
coconut_mature,Coconut Mature,province,REGION III (CENTRAL LUZON),Pampanga,Pampanga,2026,128.49,estimated_gap
coconut_mature,Coconut Mature,province,REGION III (CENTRAL LUZON),Tarlac,Tarlac,2010,193.13,official_psa
coconut_mature,Coconut Mature,province,REGION III (CENTRAL LUZON),Tarlac,Tarlac,2011,197.51,official_psa
coconut_mature,Coconut Mature,province,REGION III (CENTRAL LUZON),Tarlac,Tarlac,2012,203.5,official_psa
coconut_mature,Coconut Mature,province,REGION III (CENTRAL LUZON),Tarlac,Tarlac,2013,213.05,official_psa
coconut_mature,Coconut Mature,province,REGION III (CENTRAL LUZON),Tarlac,Tarlac,2014,222.24,official_psa
coconut_mature,Coconut Mature,province,REGION III (CENTRAL LUZON),Tarlac,Tarlac,2015,216.51,official_psa
coconut_mature,Coconut Mature,province,REGION III (CENTRAL LUZON),Tarlac,Tarlac,2016,214.68,official_psa
coconut_mature,Coconut Mature,province,REGION III (CENTRAL LUZON),Tarlac,Tarlac,2017,212.2,official_psa
coconut_mature,Coconut Mature,province,REGION III (CENTRAL LUZON),Tarlac,Tarlac,2018,215.25,official_psa
coconut_mature,Coconut Mature,province,REGION III (CENTRAL LUZON),Tarlac,Tarlac,2019,241.66,official_psa
coconut_mature,Coconut Mature,province,REGION III (CENTRAL LUZON),Tarlac,Tarlac,2020,224.37,official_psa
coconut_mature,Coconut Mature,province,REGION III (CENTRAL LUZON),Tarlac,Tarlac,2021,233.53,official_psa
coconut_mature,Coconut Mature,province,REGION III (CENTRAL LUZON),Tarlac,Tarlac,2022,239.37,official_psa
coconut_mature,Coconut Mature,province,REGION III (CENTRAL LUZON),Tarlac,Tarlac,2023,231.07,official_psa
coconut_mature,Coconut Mature,province,REGION III (CENTRAL LUZON),Tarlac,Tarlac,2024,240.65,official_psa
coconut_mature,Coconut Mature,province,REGION III (CENTRAL LUZON),Tarlac,Tarlac,2025,236.22,official_psa
coconut_mature,Coconut Mature,province,REGION III (CENTRAL LUZON),Tarlac,Tarlac,2026,266.79,estimated_gap
coconut_mature,Coconut Mature,province,REGION III (CENTRAL LUZON),Zambales,Zambales,2010,677.91,official_psa
coconut_mature,Coconut Mature,province,REGION III (CENTRAL LUZON),Zambales,Zambales,2011,693.14,official_psa
coconut_mature,Coconut Mature,province,REGION III (CENTRAL LUZON),Zambales,Zambales,2012,664.32,official_psa
coconut_mature,Coconut Mature,province,REGION III (CENTRAL LUZON),Zambales,Zambales,2013,658.61,official_psa
coconut_mature,Coconut Mature,province,REGION III (CENTRAL LUZON),Zambales,Zambales,2014,653.71,official_psa
coconut_mature,Coconut Mature,province,REGION III (CENTRAL LUZON),Zambales,Zambales,2015,640.75,official_psa
coconut_mature,Coconut Mature,province,REGION III (CENTRAL LUZON),Zambales,Zambales,2016,566.01,official_psa
coconut_mature,Coconut Mature,province,REGION III (CENTRAL LUZON),Zambales,Zambales,2017,539.49,official_psa
coconut_mature,Coconut Mature,province,REGION III (CENTRAL LUZON),Zambales,Zambales,2018,540.92,official_psa
coconut_mature,Coconut Mature,province,REGION III (CENTRAL LUZON),Zambales,Zambales,2019,503.22,official_psa
coconut_mature,Coconut Mature,province,REGION III (CENTRAL LUZON),Zambales,Zambales,2020,485.89,official_psa
coconut_mature,Coconut Mature,province,REGION III (CENTRAL LUZON),Zambales,Zambales,2021,465.56,official_psa
coconut_mature,Coconut Mature,province,REGION III (CENTRAL LUZON),Zambales,Zambales,2022,344.17,official_psa
coconut_mature,Coconut Mature,province,REGION III (CENTRAL LUZON),Zambales,Zambales,2023,368.22,official_psa
coconut_mature,Coconut Mature,province,REGION III (CENTRAL LUZON),Zambales,Zambales,2024,295.17,official_psa
coconut_mature,Coconut Mature,province,REGION III (CENTRAL LUZON),Zambales,Zambales,2025,313.39,official_psa
coconut_mature,Coconut Mature,province,REGION III (CENTRAL LUZON),Zambales,Zambales,2026,225.03,estimated_gap
coconut_mature,Coconut Mature,region,REGION IV-A (CALABARZON),,REGION IV-A (CALABARZON),2010,1360256.94,official_psa
coconut_mature,Coconut Mature,region,REGION IV-A (CALABARZON),,REGION IV-A (CALABARZON),2011,1356254.52,official_psa
coconut_mature,Coconut Mature,region,REGION IV-A (CALABARZON),,REGION IV-A (CALABARZON),2012,1385788.26,official_psa
coconut_mature,Coconut Mature,region,REGION IV-A (CALABARZON),,REGION IV-A (CALABARZON),2013,1407835.01,official_psa
coconut_mature,Coconut Mature,region,REGION IV-A (CALABARZON),,REGION IV-A (CALABARZON),2014,1357575.1,official_psa
coconut_mature,Coconut Mature,region,REGION IV-A (CALABARZON),,REGION IV-A (CALABARZON),2015,1358129.32,official_psa
coconut_mature,Coconut Mature,region,REGION IV-A (CALABARZON),,REGION IV-A (CALABARZON),2016,1494649.29,official_psa
coconut_mature,Coconut Mature,region,REGION IV-A (CALABARZON),,REGION IV-A (CALABARZON),2017,1523418.1,official_psa
coconut_mature,Coconut Mature,region,REGION IV-A (CALABARZON),,REGION IV-A (CALABARZON),2018,1652146.47,official_psa
coconut_mature,Coconut Mature,region,REGION IV-A (CALABARZON),,REGION IV-A (CALABARZON),2019,1610342.7,official_psa
coconut_mature,Coconut Mature,region,REGION IV-A (CALABARZON),,REGION IV-A (CALABARZON),2020,1462154.22,official_psa
coconut_mature,Coconut Mature,region,REGION IV-A (CALABARZON),,REGION IV-A (CALABARZON),2021,1477400.02,official_psa
coconut_mature,Coconut Mature,region,REGION IV-A (CALABARZON),,REGION IV-A (CALABARZON),2022,1494505.78,official_psa
coconut_mature,Coconut Mature,region,REGION IV-A (CALABARZON),,REGION IV-A (CALABARZON),2023,1510699.6,official_psa
coconut_mature,Coconut Mature,region,REGION IV-A (CALABARZON),,REGION IV-A (CALABARZON),2024,1445850.18,official_psa
coconut_mature,Coconut Mature,region,REGION IV-A (CALABARZON),,REGION IV-A (CALABARZON),2025,1478650.93,official_psa
coconut_mature,Coconut Mature,region,REGION IV-A (CALABARZON),,REGION IV-A (CALABARZON),2026,1835320.09,estimated_gap
coconut_mature,Coconut Mature,province,REGION IV-A (CALABARZON),Batangas,Batangas,2010,103850.0,official_psa
coconut_mature,Coconut Mature,province,REGION IV-A (CALABARZON),Batangas,Batangas,2011,98680.0,official_psa
coconut_mature,Coconut Mature,province,REGION IV-A (CALABARZON),Batangas,Batangas,2012,84005.0,official_psa
coconut_mature,Coconut Mature,province,REGION IV-A (CALABARZON),Batangas,Batangas,2013,64528.5,official_psa
coconut_mature,Coconut Mature,province,REGION IV-A (CALABARZON),Batangas,Batangas,2014,53729.6,official_psa
coconut_mature,Coconut Mature,province,REGION IV-A (CALABARZON),Batangas,Batangas,2015,52897.0,official_psa
coconut_mature,Coconut Mature,province,REGION IV-A (CALABARZON),Batangas,Batangas,2016,60585.6,official_psa
coconut_mature,Coconut Mature,province,REGION IV-A (CALABARZON),Batangas,Batangas,2017,65855.98,official_psa
coconut_mature,Coconut Mature,province,REGION IV-A (CALABARZON),Batangas,Batangas,2018,80420.36,official_psa
coconut_mature,Coconut Mature,province,REGION IV-A (CALABARZON),Batangas,Batangas,2019,80014.1,official_psa
coconut_mature,Coconut Mature,province,REGION IV-A (CALABARZON),Batangas,Batangas,2020,60780.45,official_psa
coconut_mature,Coconut Mature,province,REGION IV-A (CALABARZON),Batangas,Batangas,2021,56481.74,official_psa
coconut_mature,Coconut Mature,province,REGION IV-A (CALABARZON),Batangas,Batangas,2022,53195.53,official_psa
coconut_mature,Coconut Mature,province,REGION IV-A (CALABARZON),Batangas,Batangas,2023,57062.0,official_psa
coconut_mature,Coconut Mature,province,REGION IV-A (CALABARZON),Batangas,Batangas,2024,58731.9,official_psa
coconut_mature,Coconut Mature,province,REGION IV-A (CALABARZON),Batangas,Batangas,2025,57973.81,official_psa
coconut_mature,Coconut Mature,province,REGION IV-A (CALABARZON),Batangas,Batangas,2026,56280.29,estimated_gap
coconut_mature,Coconut Mature,province,REGION IV-A (CALABARZON),Cavite,Cavite,2010,38937.26,official_psa
coconut_mature,Coconut Mature,province,REGION IV-A (CALABARZON),Cavite,Cavite,2011,39545.15,official_psa
coconut_mature,Coconut Mature,province,REGION IV-A (CALABARZON),Cavite,Cavite,2012,39596.57,official_psa
coconut_mature,Coconut Mature,province,REGION IV-A (CALABARZON),Cavite,Cavite,2013,40324.1,official_psa
coconut_mature,Coconut Mature,province,REGION IV-A (CALABARZON),Cavite,Cavite,2014,35793.6,official_psa
coconut_mature,Coconut Mature,province,REGION IV-A (CALABARZON),Cavite,Cavite,2015,35214.57,official_psa
coconut_mature,Coconut Mature,province,REGION IV-A (CALABARZON),Cavite,Cavite,2016,40910.05,official_psa
coconut_mature,Coconut Mature,province,REGION IV-A (CALABARZON),Cavite,Cavite,2017,43305.78,official_psa
coconut_mature,Coconut Mature,province,REGION IV-A (CALABARZON),Cavite,Cavite,2018,43716.92,official_psa
coconut_mature,Coconut Mature,province,REGION IV-A (CALABARZON),Cavite,Cavite,2019,37886.48,official_psa
coconut_mature,Coconut Mature,province,REGION IV-A (CALABARZON),Cavite,Cavite,2020,34052.06,official_psa
coconut_mature,Coconut Mature,province,REGION IV-A (CALABARZON),Cavite,Cavite,2021,37880.82,official_psa
coconut_mature,Coconut Mature,province,REGION IV-A (CALABARZON),Cavite,Cavite,2022,40979.85,official_psa
coconut_mature,Coconut Mature,province,REGION IV-A (CALABARZON),Cavite,Cavite,2023,38280.1,official_psa
coconut_mature,Coconut Mature,province,REGION IV-A (CALABARZON),Cavite,Cavite,2024,33066.53,official_psa
coconut_mature,Coconut Mature,province,REGION IV-A (CALABARZON),Cavite,Cavite,2025,42189.69,official_psa
coconut_mature,Coconut Mature,province,REGION IV-A (CALABARZON),Cavite,Cavite,2026,58615.44,estimated_gap
coconut_mature,Coconut Mature,province,REGION IV-A (CALABARZON),Laguna,Laguna,2010,104216.82,official_psa
coconut_mature,Coconut Mature,province,REGION IV-A (CALABARZON),Laguna,Laguna,2011,104551.15,official_psa
coconut_mature,Coconut Mature,province,REGION IV-A (CALABARZON),Laguna,Laguna,2012,108962.27,official_psa
coconut_mature,Coconut Mature,province,REGION IV-A (CALABARZON),Laguna,Laguna,2013,113490.51,official_psa
coconut_mature,Coconut Mature,province,REGION IV-A (CALABARZON),Laguna,Laguna,2014,91318.66,official_psa
coconut_mature,Coconut Mature,province,REGION IV-A (CALABARZON),Laguna,Laguna,2015,60811.91,official_psa
coconut_mature,Coconut Mature,province,REGION IV-A (CALABARZON),Laguna,Laguna,2016,69449.7,official_psa
coconut_mature,Coconut Mature,province,REGION IV-A (CALABARZON),Laguna,Laguna,2017,77291.87,official_psa
coconut_mature,Coconut Mature,province,REGION IV-A (CALABARZON),Laguna,Laguna,2018,79356.04,official_psa
coconut_mature,Coconut Mature,province,REGION IV-A (CALABARZON),Laguna,Laguna,2019,71322.6,official_psa
coconut_mature,Coconut Mature,province,REGION IV-A (CALABARZON),Laguna,Laguna,2020,70626.03,official_psa
coconut_mature,Coconut Mature,province,REGION IV-A (CALABARZON),Laguna,Laguna,2021,77604.02,official_psa
coconut_mature,Coconut Mature,province,REGION IV-A (CALABARZON),Laguna,Laguna,2022,82943.27,official_psa
coconut_mature,Coconut Mature,province,REGION IV-A (CALABARZON),Laguna,Laguna,2023,81069.11,official_psa
coconut_mature,Coconut Mature,province,REGION IV-A (CALABARZON),Laguna,Laguna,2024,84286.97,official_psa
coconut_mature,Coconut Mature,province,REGION IV-A (CALABARZON),Laguna,Laguna,2025,81725.65,official_psa
coconut_mature,Coconut Mature,province,REGION IV-A (CALABARZON),Laguna,Laguna,2026,78126.63,estimated_gap
coconut_mature,Coconut Mature,province,REGION IV-A (CALABARZON),Quezon,Quezon,2010,1112612.66,official_psa
coconut_mature,Coconut Mature,province,REGION IV-A (CALABARZON),Quezon,Quezon,2011,1112832.22,official_psa
coconut_mature,Coconut Mature,province,REGION IV-A (CALABARZON),Quezon,Quezon,2012,1152570.92,official_psa
coconut_mature,Coconut Mature,province,REGION IV-A (CALABARZON),Quezon,Quezon,2013,1188785.9,official_psa
coconut_mature,Coconut Mature,province,REGION IV-A (CALABARZON),Quezon,Quezon,2014,1176024.24,official_psa
coconut_mature,Coconut Mature,province,REGION IV-A (CALABARZON),Quezon,Quezon,2015,1208436.84,official_psa
coconut_mature,Coconut Mature,province,REGION IV-A (CALABARZON),Quezon,Quezon,2016,1322986.12,official_psa
coconut_mature,Coconut Mature,province,REGION IV-A (CALABARZON),Quezon,Quezon,2017,1336217.18,official_psa
coconut_mature,Coconut Mature,province,REGION IV-A (CALABARZON),Quezon,Quezon,2018,1447892.16,official_psa
coconut_mature,Coconut Mature,province,REGION IV-A (CALABARZON),Quezon,Quezon,2019,1420338.44,official_psa
coconut_mature,Coconut Mature,province,REGION IV-A (CALABARZON),Quezon,Quezon,2020,1295960.61,official_psa
coconut_mature,Coconut Mature,province,REGION IV-A (CALABARZON),Quezon,Quezon,2021,1304696.5,official_psa
coconut_mature,Coconut Mature,province,REGION IV-A (CALABARZON),Quezon,Quezon,2022,1316617.94,official_psa
coconut_mature,Coconut Mature,province,REGION IV-A (CALABARZON),Quezon,Quezon,2023,1333163.4,official_psa
coconut_mature,Coconut Mature,province,REGION IV-A (CALABARZON),Quezon,Quezon,2024,1267558.15,official_psa
coconut_mature,Coconut Mature,province,REGION IV-A (CALABARZON),Quezon,Quezon,2025,1289933.37,official_psa
coconut_mature,Coconut Mature,province,REGION IV-A (CALABARZON),Quezon,Quezon,2026,1710525.3,estimated_gap
coconut_mature,Coconut Mature,province,REGION IV-A (CALABARZON),Rizal,Rizal,2010,640.2,official_psa
coconut_mature,Coconut Mature,province,REGION IV-A (CALABARZON),Rizal,Rizal,2011,646.0,official_psa
coconut_mature,Coconut Mature,province,REGION IV-A (CALABARZON),Rizal,Rizal,2012,653.5,official_psa
coconut_mature,Coconut Mature,province,REGION IV-A (CALABARZON),Rizal,Rizal,2013,706.0,official_psa
coconut_mature,Coconut Mature,province,REGION IV-A (CALABARZON),Rizal,Rizal,2014,709.0,official_psa
coconut_mature,Coconut Mature,province,REGION IV-A (CALABARZON),Rizal,Rizal,2015,769.0,official_psa
coconut_mature,Coconut Mature,province,REGION IV-A (CALABARZON),Rizal,Rizal,2016,717.82,official_psa
coconut_mature,Coconut Mature,province,REGION IV-A (CALABARZON),Rizal,Rizal,2017,747.29,official_psa
coconut_mature,Coconut Mature,province,REGION IV-A (CALABARZON),Rizal,Rizal,2018,760.99,official_psa
coconut_mature,Coconut Mature,province,REGION IV-A (CALABARZON),Rizal,Rizal,2019,781.07,official_psa
coconut_mature,Coconut Mature,province,REGION IV-A (CALABARZON),Rizal,Rizal,2020,735.07,official_psa
coconut_mature,Coconut Mature,province,REGION IV-A (CALABARZON),Rizal,Rizal,2021,736.94,official_psa
coconut_mature,Coconut Mature,province,REGION IV-A (CALABARZON),Rizal,Rizal,2022,769.19,official_psa
coconut_mature,Coconut Mature,province,REGION IV-A (CALABARZON),Rizal,Rizal,2023,1124.99,official_psa
coconut_mature,Coconut Mature,province,REGION IV-A (CALABARZON),Rizal,Rizal,2024,2206.63,official_psa
coconut_mature,Coconut Mature,province,REGION IV-A (CALABARZON),Rizal,Rizal,2025,6828.4,official_psa
coconut_mature,Coconut Mature,province,REGION IV-A (CALABARZON),Rizal,Rizal,2026,9261.07,estimated_gap
coconut_mature,Coconut Mature,region,MIMAROPA REGION,,MIMAROPA REGION,2010,651204.83,official_psa
coconut_mature,Coconut Mature,region,MIMAROPA REGION,,MIMAROPA REGION,2011,704777.86,official_psa
coconut_mature,Coconut Mature,region,MIMAROPA REGION,,MIMAROPA REGION,2012,737022.65,official_psa
coconut_mature,Coconut Mature,region,MIMAROPA REGION,,MIMAROPA REGION,2013,770882.08,official_psa
coconut_mature,Coconut Mature,region,MIMAROPA REGION,,MIMAROPA REGION,2014,798807.97,official_psa
coconut_mature,Coconut Mature,region,MIMAROPA REGION,,MIMAROPA REGION,2015,809679.35,official_psa
coconut_mature,Coconut Mature,region,MIMAROPA REGION,,MIMAROPA REGION,2016,750302.77,official_psa
coconut_mature,Coconut Mature,region,MIMAROPA REGION,,MIMAROPA REGION,2017,763729.41,official_psa
coconut_mature,Coconut Mature,region,MIMAROPA REGION,,MIMAROPA REGION,2018,781582.02,official_psa
coconut_mature,Coconut Mature,region,MIMAROPA REGION,,MIMAROPA REGION,2019,781801.87,official_psa
coconut_mature,Coconut Mature,region,MIMAROPA REGION,,MIMAROPA REGION,2020,750637.53,official_psa
coconut_mature,Coconut Mature,region,MIMAROPA REGION,,MIMAROPA REGION,2021,793092.95,official_psa
coconut_mature,Coconut Mature,region,MIMAROPA REGION,,MIMAROPA REGION,2022,894547.12,official_psa
coconut_mature,Coconut Mature,region,MIMAROPA REGION,,MIMAROPA REGION,2023,784918.21,official_psa
coconut_mature,Coconut Mature,region,MIMAROPA REGION,,MIMAROPA REGION,2024,789914.57,official_psa
coconut_mature,Coconut Mature,region,MIMAROPA REGION,,MIMAROPA REGION,2025,803867.93,official_psa
coconut_mature,Coconut Mature,region,MIMAROPA REGION,,MIMAROPA REGION,2026,956427.45,estimated_gap
coconut_mature,Coconut Mature,province,MIMAROPA REGION,Marinduque,Marinduque,2010,63265.82,official_psa
coconut_mature,Coconut Mature,province,MIMAROPA REGION,Marinduque,Marinduque,2011,65374.76,official_psa
coconut_mature,Coconut Mature,province,MIMAROPA REGION,Marinduque,Marinduque,2012,65068.77,official_psa
coconut_mature,Coconut Mature,province,MIMAROPA REGION,Marinduque,Marinduque,2013,75840.93,official_psa
coconut_mature,Coconut Mature,province,MIMAROPA REGION,Marinduque,Marinduque,2014,75936.58,official_psa
coconut_mature,Coconut Mature,province,MIMAROPA REGION,Marinduque,Marinduque,2015,83873.14,official_psa
coconut_mature,Coconut Mature,province,MIMAROPA REGION,Marinduque,Marinduque,2016,72699.9,official_psa
coconut_mature,Coconut Mature,province,MIMAROPA REGION,Marinduque,Marinduque,2017,68441.57,official_psa
coconut_mature,Coconut Mature,province,MIMAROPA REGION,Marinduque,Marinduque,2018,70435.21,official_psa
coconut_mature,Coconut Mature,province,MIMAROPA REGION,Marinduque,Marinduque,2019,70945.28,official_psa
coconut_mature,Coconut Mature,province,MIMAROPA REGION,Marinduque,Marinduque,2020,61565.07,official_psa
coconut_mature,Coconut Mature,province,MIMAROPA REGION,Marinduque,Marinduque,2021,56736.7,official_psa
coconut_mature,Coconut Mature,province,MIMAROPA REGION,Marinduque,Marinduque,2022,64937.75,official_psa
coconut_mature,Coconut Mature,province,MIMAROPA REGION,Marinduque,Marinduque,2023,62540.56,official_psa
coconut_mature,Coconut Mature,province,MIMAROPA REGION,Marinduque,Marinduque,2024,56139.89,official_psa
coconut_mature,Coconut Mature,province,MIMAROPA REGION,Marinduque,Marinduque,2025,54577.49,official_psa
coconut_mature,Coconut Mature,province,MIMAROPA REGION,Marinduque,Marinduque,2026,76171.47,estimated_gap
coconut_mature,Coconut Mature,province,MIMAROPA REGION,Occidental Mindoro,Occidental Mindoro,2010,6467.58,official_psa
coconut_mature,Coconut Mature,province,MIMAROPA REGION,Occidental Mindoro,Occidental Mindoro,2011,6741.82,official_psa
coconut_mature,Coconut Mature,province,MIMAROPA REGION,Occidental Mindoro,Occidental Mindoro,2012,7071.57,official_psa
coconut_mature,Coconut Mature,province,MIMAROPA REGION,Occidental Mindoro,Occidental Mindoro,2013,7484.15,official_psa
coconut_mature,Coconut Mature,province,MIMAROPA REGION,Occidental Mindoro,Occidental Mindoro,2014,7896.85,official_psa
coconut_mature,Coconut Mature,province,MIMAROPA REGION,Occidental Mindoro,Occidental Mindoro,2015,8349.9,official_psa
coconut_mature,Coconut Mature,province,MIMAROPA REGION,Occidental Mindoro,Occidental Mindoro,2016,8773.64,official_psa
coconut_mature,Coconut Mature,province,MIMAROPA REGION,Occidental Mindoro,Occidental Mindoro,2017,9368.15,official_psa
coconut_mature,Coconut Mature,province,MIMAROPA REGION,Occidental Mindoro,Occidental Mindoro,2018,9652.06,official_psa
coconut_mature,Coconut Mature,province,MIMAROPA REGION,Occidental Mindoro,Occidental Mindoro,2019,9844.45,official_psa
coconut_mature,Coconut Mature,province,MIMAROPA REGION,Occidental Mindoro,Occidental Mindoro,2020,9569.87,official_psa
coconut_mature,Coconut Mature,province,MIMAROPA REGION,Occidental Mindoro,Occidental Mindoro,2021,10527.62,official_psa
coconut_mature,Coconut Mature,province,MIMAROPA REGION,Occidental Mindoro,Occidental Mindoro,2022,11949.7,official_psa
coconut_mature,Coconut Mature,province,MIMAROPA REGION,Occidental Mindoro,Occidental Mindoro,2023,11081.82,official_psa
coconut_mature,Coconut Mature,province,MIMAROPA REGION,Occidental Mindoro,Occidental Mindoro,2024,10867.09,official_psa
coconut_mature,Coconut Mature,province,MIMAROPA REGION,Occidental Mindoro,Occidental Mindoro,2025,10434.62,official_psa
coconut_mature,Coconut Mature,province,MIMAROPA REGION,Occidental Mindoro,Occidental Mindoro,2026,13872.02,estimated_gap
coconut_mature,Coconut Mature,province,MIMAROPA REGION,Oriental Mindoro,Oriental Mindoro,2010,123257.59,official_psa
coconut_mature,Coconut Mature,province,MIMAROPA REGION,Oriental Mindoro,Oriental Mindoro,2011,125491.89,official_psa
coconut_mature,Coconut Mature,province,MIMAROPA REGION,Oriental Mindoro,Oriental Mindoro,2012,129700.43,official_psa
coconut_mature,Coconut Mature,province,MIMAROPA REGION,Oriental Mindoro,Oriental Mindoro,2013,105221.96,official_psa
coconut_mature,Coconut Mature,province,MIMAROPA REGION,Oriental Mindoro,Oriental Mindoro,2014,106656.19,official_psa
coconut_mature,Coconut Mature,province,MIMAROPA REGION,Oriental Mindoro,Oriental Mindoro,2015,83400.02,official_psa
coconut_mature,Coconut Mature,province,MIMAROPA REGION,Oriental Mindoro,Oriental Mindoro,2016,69209.66,official_psa
coconut_mature,Coconut Mature,province,MIMAROPA REGION,Oriental Mindoro,Oriental Mindoro,2017,70585.19,official_psa
coconut_mature,Coconut Mature,province,MIMAROPA REGION,Oriental Mindoro,Oriental Mindoro,2018,72145.42,official_psa
coconut_mature,Coconut Mature,province,MIMAROPA REGION,Oriental Mindoro,Oriental Mindoro,2019,77848.42,official_psa
coconut_mature,Coconut Mature,province,MIMAROPA REGION,Oriental Mindoro,Oriental Mindoro,2020,46130.3,official_psa
coconut_mature,Coconut Mature,province,MIMAROPA REGION,Oriental Mindoro,Oriental Mindoro,2021,49320.83,official_psa
coconut_mature,Coconut Mature,province,MIMAROPA REGION,Oriental Mindoro,Oriental Mindoro,2022,57955.47,official_psa
coconut_mature,Coconut Mature,province,MIMAROPA REGION,Oriental Mindoro,Oriental Mindoro,2023,56932.06,official_psa
coconut_mature,Coconut Mature,province,MIMAROPA REGION,Oriental Mindoro,Oriental Mindoro,2024,69640.72,official_psa
coconut_mature,Coconut Mature,province,MIMAROPA REGION,Oriental Mindoro,Oriental Mindoro,2025,80077.02,official_psa
coconut_mature,Coconut Mature,province,MIMAROPA REGION,Oriental Mindoro,Oriental Mindoro,2026,67972.75,estimated_gap
coconut_mature,Coconut Mature,province,MIMAROPA REGION,Palawan,Palawan,2010,239959.64,official_psa
coconut_mature,Coconut Mature,province,MIMAROPA REGION,Palawan,Palawan,2011,289131.55,official_psa
coconut_mature,Coconut Mature,province,MIMAROPA REGION,Palawan,Palawan,2012,309829.19,official_psa
coconut_mature,Coconut Mature,province,MIMAROPA REGION,Palawan,Palawan,2013,357726.28,official_psa
coconut_mature,Coconut Mature,province,MIMAROPA REGION,Palawan,Palawan,2014,397407.3,official_psa
coconut_mature,Coconut Mature,province,MIMAROPA REGION,Palawan,Palawan,2015,413445.27,official_psa
coconut_mature,Coconut Mature,province,MIMAROPA REGION,Palawan,Palawan,2016,385619.02,official_psa
coconut_mature,Coconut Mature,province,MIMAROPA REGION,Palawan,Palawan,2017,398908.36,official_psa
coconut_mature,Coconut Mature,province,MIMAROPA REGION,Palawan,Palawan,2018,408506.44,official_psa
coconut_mature,Coconut Mature,province,MIMAROPA REGION,Palawan,Palawan,2019,409648.34,official_psa
coconut_mature,Coconut Mature,province,MIMAROPA REGION,Palawan,Palawan,2020,430091.58,official_psa
coconut_mature,Coconut Mature,province,MIMAROPA REGION,Palawan,Palawan,2021,460068.29,official_psa
coconut_mature,Coconut Mature,province,MIMAROPA REGION,Palawan,Palawan,2022,529876.84,official_psa
coconut_mature,Coconut Mature,province,MIMAROPA REGION,Palawan,Palawan,2023,424089.98,official_psa
coconut_mature,Coconut Mature,province,MIMAROPA REGION,Palawan,Palawan,2024,420804.16,official_psa
coconut_mature,Coconut Mature,province,MIMAROPA REGION,Palawan,Palawan,2025,433065.67,official_psa
coconut_mature,Coconut Mature,province,MIMAROPA REGION,Palawan,Palawan,2026,621105.37,estimated_gap
coconut_mature,Coconut Mature,province,MIMAROPA REGION,Romblon,Romblon,2010,218254.2,official_psa
coconut_mature,Coconut Mature,province,MIMAROPA REGION,Romblon,Romblon,2011,218037.84,official_psa
coconut_mature,Coconut Mature,province,MIMAROPA REGION,Romblon,Romblon,2012,225352.69,official_psa
coconut_mature,Coconut Mature,province,MIMAROPA REGION,Romblon,Romblon,2013,224608.76,official_psa
coconut_mature,Coconut Mature,province,MIMAROPA REGION,Romblon,Romblon,2014,210911.05,official_psa
coconut_mature,Coconut Mature,province,MIMAROPA REGION,Romblon,Romblon,2015,220611.02,official_psa
coconut_mature,Coconut Mature,province,MIMAROPA REGION,Romblon,Romblon,2016,214000.55,official_psa
coconut_mature,Coconut Mature,province,MIMAROPA REGION,Romblon,Romblon,2017,216426.14,official_psa
coconut_mature,Coconut Mature,province,MIMAROPA REGION,Romblon,Romblon,2018,220842.9,official_psa
coconut_mature,Coconut Mature,province,MIMAROPA REGION,Romblon,Romblon,2019,213515.38,official_psa
coconut_mature,Coconut Mature,province,MIMAROPA REGION,Romblon,Romblon,2020,203280.71,official_psa
coconut_mature,Coconut Mature,province,MIMAROPA REGION,Romblon,Romblon,2021,216439.51,official_psa
coconut_mature,Coconut Mature,province,MIMAROPA REGION,Romblon,Romblon,2022,229827.36,official_psa
coconut_mature,Coconut Mature,province,MIMAROPA REGION,Romblon,Romblon,2023,230273.79,official_psa
coconut_mature,Coconut Mature,province,MIMAROPA REGION,Romblon,Romblon,2024,232462.72,official_psa
coconut_mature,Coconut Mature,province,MIMAROPA REGION,Romblon,Romblon,2025,225713.13,official_psa
coconut_mature,Coconut Mature,province,MIMAROPA REGION,Romblon,Romblon,2026,236562.44,estimated_gap
coconut_mature,Coconut Mature,province,MIMAROPA REGION,City of Puerto Princesa,City of Puerto Princesa,2010,167782.19,estimated_gap
coconut_mature,Coconut Mature,province,MIMAROPA REGION,City of Puerto Princesa,City of Puerto Princesa,2011,167782.19,estimated_gap
coconut_mature,Coconut Mature,province,MIMAROPA REGION,City of Puerto Princesa,City of Puerto Princesa,2012,167782.19,estimated_gap
coconut_mature,Coconut Mature,province,MIMAROPA REGION,City of Puerto Princesa,City of Puerto Princesa,2013,167782.19,estimated_gap
coconut_mature,Coconut Mature,province,MIMAROPA REGION,City of Puerto Princesa,City of Puerto Princesa,2014,167782.19,estimated_gap
coconut_mature,Coconut Mature,province,MIMAROPA REGION,City of Puerto Princesa,City of Puerto Princesa,2015,167782.19,estimated_gap
coconut_mature,Coconut Mature,province,MIMAROPA REGION,City of Puerto Princesa,City of Puerto Princesa,2016,167782.19,estimated_gap
coconut_mature,Coconut Mature,province,MIMAROPA REGION,City of Puerto Princesa,City of Puerto Princesa,2017,167782.19,estimated_gap
coconut_mature,Coconut Mature,province,MIMAROPA REGION,City of Puerto Princesa,City of Puerto Princesa,2018,167782.19,estimated_gap
coconut_mature,Coconut Mature,province,MIMAROPA REGION,City of Puerto Princesa,City of Puerto Princesa,2019,167782.19,estimated_gap
coconut_mature,Coconut Mature,province,MIMAROPA REGION,City of Puerto Princesa,City of Puerto Princesa,2020,167782.19,estimated_gap
coconut_mature,Coconut Mature,province,MIMAROPA REGION,City of Puerto Princesa,City of Puerto Princesa,2021,167782.19,estimated_gap
coconut_mature,Coconut Mature,province,MIMAROPA REGION,City of Puerto Princesa,City of Puerto Princesa,2022,167782.19,estimated_gap
coconut_mature,Coconut Mature,province,MIMAROPA REGION,City of Puerto Princesa,City of Puerto Princesa,2023,167782.19,estimated_gap
coconut_mature,Coconut Mature,province,MIMAROPA REGION,City of Puerto Princesa,City of Puerto Princesa,2024,167782.19,official_psa
coconut_mature,Coconut Mature,province,MIMAROPA REGION,City of Puerto Princesa,City of Puerto Princesa,2025,167782.19,estimated_gap
coconut_mature,Coconut Mature,province,MIMAROPA REGION,City of Puerto Princesa,City of Puerto Princesa,2026,17858.65,estimated_gap
coconut_mature,Coconut Mature,region,REGION V (BICOL REGION),,REGION V (BICOL REGION),2010,1255986.91,official_psa
coconut_mature,Coconut Mature,region,REGION V (BICOL REGION),,REGION V (BICOL REGION),2011,1188899.46,official_psa
coconut_mature,Coconut Mature,region,REGION V (BICOL REGION),,REGION V (BICOL REGION),2012,1227281.65,official_psa
coconut_mature,Coconut Mature,region,REGION V (BICOL REGION),,REGION V (BICOL REGION),2013,1242164.3,official_psa
coconut_mature,Coconut Mature,region,REGION V (BICOL REGION),,REGION V (BICOL REGION),2014,1111896.52,official_psa
coconut_mature,Coconut Mature,region,REGION V (BICOL REGION),,REGION V (BICOL REGION),2015,1093516.64,official_psa
coconut_mature,Coconut Mature,region,REGION V (BICOL REGION),,REGION V (BICOL REGION),2016,1068872.45,official_psa
coconut_mature,Coconut Mature,region,REGION V (BICOL REGION),,REGION V (BICOL REGION),2017,1064794.85,official_psa
coconut_mature,Coconut Mature,region,REGION V (BICOL REGION),,REGION V (BICOL REGION),2018,1174281.28,official_psa
coconut_mature,Coconut Mature,region,REGION V (BICOL REGION),,REGION V (BICOL REGION),2019,1232863.45,official_psa
coconut_mature,Coconut Mature,region,REGION V (BICOL REGION),,REGION V (BICOL REGION),2020,1138012.11,official_psa
coconut_mature,Coconut Mature,region,REGION V (BICOL REGION),,REGION V (BICOL REGION),2021,1099991.61,official_psa
coconut_mature,Coconut Mature,region,REGION V (BICOL REGION),,REGION V (BICOL REGION),2022,1250045.53,official_psa
coconut_mature,Coconut Mature,region,REGION V (BICOL REGION),,REGION V (BICOL REGION),2023,1174461.81,official_psa
coconut_mature,Coconut Mature,region,REGION V (BICOL REGION),,REGION V (BICOL REGION),2024,1144073.33,official_psa
coconut_mature,Coconut Mature,region,REGION V (BICOL REGION),,REGION V (BICOL REGION),2025,1024609.43,official_psa
coconut_mature,Coconut Mature,region,REGION V (BICOL REGION),,REGION V (BICOL REGION),2026,951311.14,estimated_gap
coconut_mature,Coconut Mature,province,REGION V (BICOL REGION),Albay,Albay,2010,160669.98,official_psa
coconut_mature,Coconut Mature,province,REGION V (BICOL REGION),Albay,Albay,2011,160566.66,official_psa
coconut_mature,Coconut Mature,province,REGION V (BICOL REGION),Albay,Albay,2012,170593.99,official_psa
coconut_mature,Coconut Mature,province,REGION V (BICOL REGION),Albay,Albay,2013,179866.17,official_psa
coconut_mature,Coconut Mature,province,REGION V (BICOL REGION),Albay,Albay,2014,104963.22,official_psa
coconut_mature,Coconut Mature,province,REGION V (BICOL REGION),Albay,Albay,2015,102433.42,official_psa
coconut_mature,Coconut Mature,province,REGION V (BICOL REGION),Albay,Albay,2016,109055.15,official_psa
coconut_mature,Coconut Mature,province,REGION V (BICOL REGION),Albay,Albay,2017,111905.47,official_psa
coconut_mature,Coconut Mature,province,REGION V (BICOL REGION),Albay,Albay,2018,120885.34,official_psa
coconut_mature,Coconut Mature,province,REGION V (BICOL REGION),Albay,Albay,2019,132333.35,official_psa
coconut_mature,Coconut Mature,province,REGION V (BICOL REGION),Albay,Albay,2020,104940.84,official_psa
coconut_mature,Coconut Mature,province,REGION V (BICOL REGION),Albay,Albay,2021,106848.55,official_psa
coconut_mature,Coconut Mature,province,REGION V (BICOL REGION),Albay,Albay,2022,139352.67,official_psa
coconut_mature,Coconut Mature,province,REGION V (BICOL REGION),Albay,Albay,2023,156647.32,official_psa
coconut_mature,Coconut Mature,province,REGION V (BICOL REGION),Albay,Albay,2024,144622.31,official_psa
coconut_mature,Coconut Mature,province,REGION V (BICOL REGION),Albay,Albay,2025,119566.89,official_psa
coconut_mature,Coconut Mature,province,REGION V (BICOL REGION),Albay,Albay,2026,133017.67,estimated_gap
coconut_mature,Coconut Mature,province,REGION V (BICOL REGION),Camarines Norte,Camarines Norte,2010,233732.0,official_psa
coconut_mature,Coconut Mature,province,REGION V (BICOL REGION),Camarines Norte,Camarines Norte,2011,231929.0,official_psa
coconut_mature,Coconut Mature,province,REGION V (BICOL REGION),Camarines Norte,Camarines Norte,2012,238233.0,official_psa
coconut_mature,Coconut Mature,province,REGION V (BICOL REGION),Camarines Norte,Camarines Norte,2013,242693.0,official_psa
coconut_mature,Coconut Mature,province,REGION V (BICOL REGION),Camarines Norte,Camarines Norte,2014,241038.81,official_psa
coconut_mature,Coconut Mature,province,REGION V (BICOL REGION),Camarines Norte,Camarines Norte,2015,245651.48,official_psa
coconut_mature,Coconut Mature,province,REGION V (BICOL REGION),Camarines Norte,Camarines Norte,2016,247977.49,official_psa
coconut_mature,Coconut Mature,province,REGION V (BICOL REGION),Camarines Norte,Camarines Norte,2017,259989.23,official_psa
coconut_mature,Coconut Mature,province,REGION V (BICOL REGION),Camarines Norte,Camarines Norte,2018,287066.02,official_psa
coconut_mature,Coconut Mature,province,REGION V (BICOL REGION),Camarines Norte,Camarines Norte,2019,301040.36,official_psa
coconut_mature,Coconut Mature,province,REGION V (BICOL REGION),Camarines Norte,Camarines Norte,2020,272240.47,official_psa
coconut_mature,Coconut Mature,province,REGION V (BICOL REGION),Camarines Norte,Camarines Norte,2021,239049.97,official_psa
coconut_mature,Coconut Mature,province,REGION V (BICOL REGION),Camarines Norte,Camarines Norte,2022,265603.28,official_psa
coconut_mature,Coconut Mature,province,REGION V (BICOL REGION),Camarines Norte,Camarines Norte,2023,182660.17,official_psa
coconut_mature,Coconut Mature,province,REGION V (BICOL REGION),Camarines Norte,Camarines Norte,2024,170730.41,official_psa
coconut_mature,Coconut Mature,province,REGION V (BICOL REGION),Camarines Norte,Camarines Norte,2025,127820.97,official_psa
coconut_mature,Coconut Mature,province,REGION V (BICOL REGION),Camarines Norte,Camarines Norte,2026,85442.23,estimated_gap
coconut_mature,Coconut Mature,province,REGION V (BICOL REGION),Camarines Sur,Camarines Sur,2010,325166.14,official_psa
coconut_mature,Coconut Mature,province,REGION V (BICOL REGION),Camarines Sur,Camarines Sur,2011,316458.52,official_psa
coconut_mature,Coconut Mature,province,REGION V (BICOL REGION),Camarines Sur,Camarines Sur,2012,327980.68,official_psa
coconut_mature,Coconut Mature,province,REGION V (BICOL REGION),Camarines Sur,Camarines Sur,2013,334465.28,official_psa
coconut_mature,Coconut Mature,province,REGION V (BICOL REGION),Camarines Sur,Camarines Sur,2014,317782.55,official_psa
coconut_mature,Coconut Mature,province,REGION V (BICOL REGION),Camarines Sur,Camarines Sur,2015,317130.52,official_psa
coconut_mature,Coconut Mature,province,REGION V (BICOL REGION),Camarines Sur,Camarines Sur,2016,323166.16,official_psa
coconut_mature,Coconut Mature,province,REGION V (BICOL REGION),Camarines Sur,Camarines Sur,2017,287300.49,official_psa
coconut_mature,Coconut Mature,province,REGION V (BICOL REGION),Camarines Sur,Camarines Sur,2018,328483.41,official_psa
coconut_mature,Coconut Mature,province,REGION V (BICOL REGION),Camarines Sur,Camarines Sur,2019,333958.49,official_psa
coconut_mature,Coconut Mature,province,REGION V (BICOL REGION),Camarines Sur,Camarines Sur,2020,310562.47,official_psa
coconut_mature,Coconut Mature,province,REGION V (BICOL REGION),Camarines Sur,Camarines Sur,2021,278818.14,official_psa
coconut_mature,Coconut Mature,province,REGION V (BICOL REGION),Camarines Sur,Camarines Sur,2022,332950.21,official_psa
coconut_mature,Coconut Mature,province,REGION V (BICOL REGION),Camarines Sur,Camarines Sur,2023,325358.6,official_psa
coconut_mature,Coconut Mature,province,REGION V (BICOL REGION),Camarines Sur,Camarines Sur,2024,317328.89,official_psa
coconut_mature,Coconut Mature,province,REGION V (BICOL REGION),Camarines Sur,Camarines Sur,2025,325969.0,official_psa
coconut_mature,Coconut Mature,province,REGION V (BICOL REGION),Camarines Sur,Camarines Sur,2026,312478.58,estimated_gap
coconut_mature,Coconut Mature,province,REGION V (BICOL REGION),Catanduanes,Catanduanes,2010,3722.16,official_psa
coconut_mature,Coconut Mature,province,REGION V (BICOL REGION),Catanduanes,Catanduanes,2011,3988.13,official_psa
coconut_mature,Coconut Mature,province,REGION V (BICOL REGION),Catanduanes,Catanduanes,2012,4112.1,official_psa
coconut_mature,Coconut Mature,province,REGION V (BICOL REGION),Catanduanes,Catanduanes,2013,4326.55,official_psa
coconut_mature,Coconut Mature,province,REGION V (BICOL REGION),Catanduanes,Catanduanes,2014,4659.76,official_psa
coconut_mature,Coconut Mature,province,REGION V (BICOL REGION),Catanduanes,Catanduanes,2015,4879.82,official_psa
coconut_mature,Coconut Mature,province,REGION V (BICOL REGION),Catanduanes,Catanduanes,2016,5038.7,official_psa
coconut_mature,Coconut Mature,province,REGION V (BICOL REGION),Catanduanes,Catanduanes,2017,3742.35,official_psa
coconut_mature,Coconut Mature,province,REGION V (BICOL REGION),Catanduanes,Catanduanes,2018,4054.97,official_psa
coconut_mature,Coconut Mature,province,REGION V (BICOL REGION),Catanduanes,Catanduanes,2019,4506.69,official_psa
coconut_mature,Coconut Mature,province,REGION V (BICOL REGION),Catanduanes,Catanduanes,2020,4176.35,official_psa
coconut_mature,Coconut Mature,province,REGION V (BICOL REGION),Catanduanes,Catanduanes,2021,2945.63,official_psa
coconut_mature,Coconut Mature,province,REGION V (BICOL REGION),Catanduanes,Catanduanes,2022,4032.46,official_psa
coconut_mature,Coconut Mature,province,REGION V (BICOL REGION),Catanduanes,Catanduanes,2023,3713.52,official_psa
coconut_mature,Coconut Mature,province,REGION V (BICOL REGION),Catanduanes,Catanduanes,2024,3960.76,official_psa
coconut_mature,Coconut Mature,province,REGION V (BICOL REGION),Catanduanes,Catanduanes,2025,2885.22,official_psa
coconut_mature,Coconut Mature,province,REGION V (BICOL REGION),Catanduanes,Catanduanes,2026,114.74,estimated_gap
coconut_mature,Coconut Mature,province,REGION V (BICOL REGION),Masbate,Masbate,2010,304305.0,official_psa
coconut_mature,Coconut Mature,province,REGION V (BICOL REGION),Masbate,Masbate,2011,283281.58,official_psa
coconut_mature,Coconut Mature,province,REGION V (BICOL REGION),Masbate,Masbate,2012,314161.41,official_psa
coconut_mature,Coconut Mature,province,REGION V (BICOL REGION),Masbate,Masbate,2013,313772.82,official_psa
coconut_mature,Coconut Mature,province,REGION V (BICOL REGION),Masbate,Masbate,2014,297633.98,official_psa
coconut_mature,Coconut Mature,province,REGION V (BICOL REGION),Masbate,Masbate,2015,275206.48,official_psa
coconut_mature,Coconut Mature,province,REGION V (BICOL REGION),Masbate,Masbate,2016,267731.91,official_psa
coconut_mature,Coconut Mature,province,REGION V (BICOL REGION),Masbate,Masbate,2017,282245.59,official_psa
coconut_mature,Coconut Mature,province,REGION V (BICOL REGION),Masbate,Masbate,2018,310062.16,official_psa
coconut_mature,Coconut Mature,province,REGION V (BICOL REGION),Masbate,Masbate,2019,341096.65,official_psa
coconut_mature,Coconut Mature,province,REGION V (BICOL REGION),Masbate,Masbate,2020,343301.92,official_psa
coconut_mature,Coconut Mature,province,REGION V (BICOL REGION),Masbate,Masbate,2021,371751.6,official_psa
coconut_mature,Coconut Mature,province,REGION V (BICOL REGION),Masbate,Masbate,2022,404150.65,official_psa
coconut_mature,Coconut Mature,province,REGION V (BICOL REGION),Masbate,Masbate,2023,407731.04,official_psa
coconut_mature,Coconut Mature,province,REGION V (BICOL REGION),Masbate,Masbate,2024,419657.11,official_psa
coconut_mature,Coconut Mature,province,REGION V (BICOL REGION),Masbate,Masbate,2025,368046.0,official_psa
coconut_mature,Coconut Mature,province,REGION V (BICOL REGION),Masbate,Masbate,2026,394279.65,estimated_gap
coconut_mature,Coconut Mature,province,REGION V (BICOL REGION),Sorsogon,Sorsogon,2010,228391.63,official_psa
coconut_mature,Coconut Mature,province,REGION V (BICOL REGION),Sorsogon,Sorsogon,2011,192675.57,official_psa
coconut_mature,Coconut Mature,province,REGION V (BICOL REGION),Sorsogon,Sorsogon,2012,172200.47,official_psa
coconut_mature,Coconut Mature,province,REGION V (BICOL REGION),Sorsogon,Sorsogon,2013,167040.48,official_psa
coconut_mature,Coconut Mature,province,REGION V (BICOL REGION),Sorsogon,Sorsogon,2014,145818.2,official_psa
coconut_mature,Coconut Mature,province,REGION V (BICOL REGION),Sorsogon,Sorsogon,2015,148214.92,official_psa
coconut_mature,Coconut Mature,province,REGION V (BICOL REGION),Sorsogon,Sorsogon,2016,115903.04,official_psa
coconut_mature,Coconut Mature,province,REGION V (BICOL REGION),Sorsogon,Sorsogon,2017,119611.73,official_psa
coconut_mature,Coconut Mature,province,REGION V (BICOL REGION),Sorsogon,Sorsogon,2018,123729.38,official_psa
coconut_mature,Coconut Mature,province,REGION V (BICOL REGION),Sorsogon,Sorsogon,2019,119927.91,official_psa
coconut_mature,Coconut Mature,province,REGION V (BICOL REGION),Sorsogon,Sorsogon,2020,102790.06,official_psa
coconut_mature,Coconut Mature,province,REGION V (BICOL REGION),Sorsogon,Sorsogon,2021,100577.72,official_psa
coconut_mature,Coconut Mature,province,REGION V (BICOL REGION),Sorsogon,Sorsogon,2022,103956.26,official_psa
coconut_mature,Coconut Mature,province,REGION V (BICOL REGION),Sorsogon,Sorsogon,2023,98351.17,official_psa
coconut_mature,Coconut Mature,province,REGION V (BICOL REGION),Sorsogon,Sorsogon,2024,87773.86,official_psa
coconut_mature,Coconut Mature,province,REGION V (BICOL REGION),Sorsogon,Sorsogon,2025,80321.35,official_psa
coconut_mature,Coconut Mature,province,REGION V (BICOL REGION),Sorsogon,Sorsogon,2026,56383.12,estimated_gap
coconut_mature,Coconut Mature,region,REGION VI (WESTERN VISAYAS),,REGION VI (WESTERN VISAYAS),2010,461181.26,official_psa
coconut_mature,Coconut Mature,region,REGION VI (WESTERN VISAYAS),,REGION VI (WESTERN VISAYAS),2011,447009.08,official_psa
coconut_mature,Coconut Mature,region,REGION VI (WESTERN VISAYAS),,REGION VI (WESTERN VISAYAS),2012,462839.5,official_psa
coconut_mature,Coconut Mature,region,REGION VI (WESTERN VISAYAS),,REGION VI (WESTERN VISAYAS),2013,448211.63,official_psa
coconut_mature,Coconut Mature,region,REGION VI (WESTERN VISAYAS),,REGION VI (WESTERN VISAYAS),2014,345159.61,official_psa
coconut_mature,Coconut Mature,region,REGION VI (WESTERN VISAYAS),,REGION VI (WESTERN VISAYAS),2015,388116.01,official_psa
coconut_mature,Coconut Mature,region,REGION VI (WESTERN VISAYAS),,REGION VI (WESTERN VISAYAS),2016,402968.08,official_psa
coconut_mature,Coconut Mature,region,REGION VI (WESTERN VISAYAS),,REGION VI (WESTERN VISAYAS),2017,429643.4,official_psa
coconut_mature,Coconut Mature,region,REGION VI (WESTERN VISAYAS),,REGION VI (WESTERN VISAYAS),2018,448262.58,official_psa
coconut_mature,Coconut Mature,region,REGION VI (WESTERN VISAYAS),,REGION VI (WESTERN VISAYAS),2019,470201.0,official_psa
coconut_mature,Coconut Mature,region,REGION VI (WESTERN VISAYAS),,REGION VI (WESTERN VISAYAS),2020,478125.24,official_psa
coconut_mature,Coconut Mature,region,REGION VI (WESTERN VISAYAS),,REGION VI (WESTERN VISAYAS),2021,509759.8,official_psa
coconut_mature,Coconut Mature,region,REGION VI (WESTERN VISAYAS),,REGION VI (WESTERN VISAYAS),2022,529266.51,official_psa
coconut_mature,Coconut Mature,region,REGION VI (WESTERN VISAYAS),,REGION VI (WESTERN VISAYAS),2023,532137.74,official_psa
coconut_mature,Coconut Mature,region,REGION VI (WESTERN VISAYAS),,REGION VI (WESTERN VISAYAS),2024,420969.51,official_psa
coconut_mature,Coconut Mature,region,REGION VI (WESTERN VISAYAS),,REGION VI (WESTERN VISAYAS),2025,402118.48,official_psa
coconut_mature,Coconut Mature,region,REGION VI (WESTERN VISAYAS),,REGION VI (WESTERN VISAYAS),2026,449228.16,estimated_gap
coconut_mature,Coconut Mature,province,REGION VI (WESTERN VISAYAS),Aklan,Aklan,2010,108969.16,official_psa
coconut_mature,Coconut Mature,province,REGION VI (WESTERN VISAYAS),Aklan,Aklan,2011,110632.24,official_psa
coconut_mature,Coconut Mature,province,REGION VI (WESTERN VISAYAS),Aklan,Aklan,2012,109443.27,official_psa
coconut_mature,Coconut Mature,province,REGION VI (WESTERN VISAYAS),Aklan,Aklan,2013,92318.37,official_psa
coconut_mature,Coconut Mature,province,REGION VI (WESTERN VISAYAS),Aklan,Aklan,2014,40094.58,official_psa
coconut_mature,Coconut Mature,province,REGION VI (WESTERN VISAYAS),Aklan,Aklan,2015,43826.25,official_psa
coconut_mature,Coconut Mature,province,REGION VI (WESTERN VISAYAS),Aklan,Aklan,2016,45806.21,official_psa
coconut_mature,Coconut Mature,province,REGION VI (WESTERN VISAYAS),Aklan,Aklan,2017,47148.19,official_psa
coconut_mature,Coconut Mature,province,REGION VI (WESTERN VISAYAS),Aklan,Aklan,2018,47988.25,official_psa
coconut_mature,Coconut Mature,province,REGION VI (WESTERN VISAYAS),Aklan,Aklan,2019,50030.81,official_psa
coconut_mature,Coconut Mature,province,REGION VI (WESTERN VISAYAS),Aklan,Aklan,2020,47338.39,official_psa
coconut_mature,Coconut Mature,province,REGION VI (WESTERN VISAYAS),Aklan,Aklan,2021,53161.8,official_psa
coconut_mature,Coconut Mature,province,REGION VI (WESTERN VISAYAS),Aklan,Aklan,2022,57839.71,official_psa
coconut_mature,Coconut Mature,province,REGION VI (WESTERN VISAYAS),Aklan,Aklan,2023,54021.7,official_psa
coconut_mature,Coconut Mature,province,REGION VI (WESTERN VISAYAS),Aklan,Aklan,2024,54556.64,official_psa
coconut_mature,Coconut Mature,province,REGION VI (WESTERN VISAYAS),Aklan,Aklan,2025,48244.92,official_psa
coconut_mature,Coconut Mature,province,REGION VI (WESTERN VISAYAS),Aklan,Aklan,2026,66146.92,estimated_gap
coconut_mature,Coconut Mature,province,REGION VI (WESTERN VISAYAS),Antique,Antique,2010,66589.53,official_psa
coconut_mature,Coconut Mature,province,REGION VI (WESTERN VISAYAS),Antique,Antique,2011,66869.07,official_psa
coconut_mature,Coconut Mature,province,REGION VI (WESTERN VISAYAS),Antique,Antique,2012,70402.68,official_psa
coconut_mature,Coconut Mature,province,REGION VI (WESTERN VISAYAS),Antique,Antique,2013,74997.12,official_psa
coconut_mature,Coconut Mature,province,REGION VI (WESTERN VISAYAS),Antique,Antique,2014,71908.74,official_psa
coconut_mature,Coconut Mature,province,REGION VI (WESTERN VISAYAS),Antique,Antique,2015,81814.43,official_psa
coconut_mature,Coconut Mature,province,REGION VI (WESTERN VISAYAS),Antique,Antique,2016,84299.89,official_psa
coconut_mature,Coconut Mature,province,REGION VI (WESTERN VISAYAS),Antique,Antique,2017,106785.73,official_psa
coconut_mature,Coconut Mature,province,REGION VI (WESTERN VISAYAS),Antique,Antique,2018,121825.76,official_psa
coconut_mature,Coconut Mature,province,REGION VI (WESTERN VISAYAS),Antique,Antique,2019,126628.58,official_psa
coconut_mature,Coconut Mature,province,REGION VI (WESTERN VISAYAS),Antique,Antique,2020,136238.87,official_psa
coconut_mature,Coconut Mature,province,REGION VI (WESTERN VISAYAS),Antique,Antique,2021,146337.8,official_psa
coconut_mature,Coconut Mature,province,REGION VI (WESTERN VISAYAS),Antique,Antique,2022,142660.25,official_psa
coconut_mature,Coconut Mature,province,REGION VI (WESTERN VISAYAS),Antique,Antique,2023,137361.47,official_psa
coconut_mature,Coconut Mature,province,REGION VI (WESTERN VISAYAS),Antique,Antique,2024,134543.19,official_psa
coconut_mature,Coconut Mature,province,REGION VI (WESTERN VISAYAS),Antique,Antique,2025,122271.97,official_psa
coconut_mature,Coconut Mature,province,REGION VI (WESTERN VISAYAS),Antique,Antique,2026,148956.5,estimated_gap
coconut_mature,Coconut Mature,province,REGION VI (WESTERN VISAYAS),Capiz,Capiz,2010,86915.99,official_psa
coconut_mature,Coconut Mature,province,REGION VI (WESTERN VISAYAS),Capiz,Capiz,2011,86974.25,official_psa
coconut_mature,Coconut Mature,province,REGION VI (WESTERN VISAYAS),Capiz,Capiz,2012,93930.1,official_psa
coconut_mature,Coconut Mature,province,REGION VI (WESTERN VISAYAS),Capiz,Capiz,2013,87508.26,official_psa
coconut_mature,Coconut Mature,province,REGION VI (WESTERN VISAYAS),Capiz,Capiz,2014,40866.07,official_psa
coconut_mature,Coconut Mature,province,REGION VI (WESTERN VISAYAS),Capiz,Capiz,2015,61953.29,official_psa
coconut_mature,Coconut Mature,province,REGION VI (WESTERN VISAYAS),Capiz,Capiz,2016,72065.04,official_psa
coconut_mature,Coconut Mature,province,REGION VI (WESTERN VISAYAS),Capiz,Capiz,2017,72881.67,official_psa
coconut_mature,Coconut Mature,province,REGION VI (WESTERN VISAYAS),Capiz,Capiz,2018,75869.03,official_psa
coconut_mature,Coconut Mature,province,REGION VI (WESTERN VISAYAS),Capiz,Capiz,2019,84482.67,official_psa
coconut_mature,Coconut Mature,province,REGION VI (WESTERN VISAYAS),Capiz,Capiz,2020,88694.53,official_psa
coconut_mature,Coconut Mature,province,REGION VI (WESTERN VISAYAS),Capiz,Capiz,2021,96470.85,official_psa
coconut_mature,Coconut Mature,province,REGION VI (WESTERN VISAYAS),Capiz,Capiz,2022,106152.47,official_psa
coconut_mature,Coconut Mature,province,REGION VI (WESTERN VISAYAS),Capiz,Capiz,2023,110329.39,official_psa
coconut_mature,Coconut Mature,province,REGION VI (WESTERN VISAYAS),Capiz,Capiz,2024,111311.18,official_psa
coconut_mature,Coconut Mature,province,REGION VI (WESTERN VISAYAS),Capiz,Capiz,2025,116280.19,official_psa
coconut_mature,Coconut Mature,province,REGION VI (WESTERN VISAYAS),Capiz,Capiz,2026,123571.13,estimated_gap
coconut_mature,Coconut Mature,province,REGION VI (WESTERN VISAYAS),Guimaras,Guimaras,2010,24011.41,official_psa
coconut_mature,Coconut Mature,province,REGION VI (WESTERN VISAYAS),Guimaras,Guimaras,2011,23436.66,official_psa
coconut_mature,Coconut Mature,province,REGION VI (WESTERN VISAYAS),Guimaras,Guimaras,2012,26027.24,official_psa
coconut_mature,Coconut Mature,province,REGION VI (WESTERN VISAYAS),Guimaras,Guimaras,2013,26311.5,official_psa
coconut_mature,Coconut Mature,province,REGION VI (WESTERN VISAYAS),Guimaras,Guimaras,2014,27463.95,official_psa
coconut_mature,Coconut Mature,province,REGION VI (WESTERN VISAYAS),Guimaras,Guimaras,2015,29566.35,official_psa
coconut_mature,Coconut Mature,province,REGION VI (WESTERN VISAYAS),Guimaras,Guimaras,2016,29236.46,official_psa
coconut_mature,Coconut Mature,province,REGION VI (WESTERN VISAYAS),Guimaras,Guimaras,2017,30294.19,official_psa
coconut_mature,Coconut Mature,province,REGION VI (WESTERN VISAYAS),Guimaras,Guimaras,2018,33586.54,official_psa
coconut_mature,Coconut Mature,province,REGION VI (WESTERN VISAYAS),Guimaras,Guimaras,2019,36780.94,official_psa
coconut_mature,Coconut Mature,province,REGION VI (WESTERN VISAYAS),Guimaras,Guimaras,2020,38374.25,official_psa
coconut_mature,Coconut Mature,province,REGION VI (WESTERN VISAYAS),Guimaras,Guimaras,2021,40489.74,official_psa
coconut_mature,Coconut Mature,province,REGION VI (WESTERN VISAYAS),Guimaras,Guimaras,2022,42280.05,official_psa
coconut_mature,Coconut Mature,province,REGION VI (WESTERN VISAYAS),Guimaras,Guimaras,2023,43442.21,official_psa
coconut_mature,Coconut Mature,province,REGION VI (WESTERN VISAYAS),Guimaras,Guimaras,2024,43073.36,official_psa
coconut_mature,Coconut Mature,province,REGION VI (WESTERN VISAYAS),Guimaras,Guimaras,2025,36549.95,official_psa
coconut_mature,Coconut Mature,province,REGION VI (WESTERN VISAYAS),Guimaras,Guimaras,2026,40038.47,estimated_gap
coconut_mature,Coconut Mature,province,REGION VI (WESTERN VISAYAS),Iloilo,Iloilo,2010,70677.45,official_psa
coconut_mature,Coconut Mature,province,REGION VI (WESTERN VISAYAS),Iloilo,Iloilo,2011,53758.19,official_psa
coconut_mature,Coconut Mature,province,REGION VI (WESTERN VISAYAS),Iloilo,Iloilo,2012,58111.17,official_psa
coconut_mature,Coconut Mature,province,REGION VI (WESTERN VISAYAS),Iloilo,Iloilo,2013,62104.87,official_psa
coconut_mature,Coconut Mature,province,REGION VI (WESTERN VISAYAS),Iloilo,Iloilo,2014,55450.28,official_psa
coconut_mature,Coconut Mature,province,REGION VI (WESTERN VISAYAS),Iloilo,Iloilo,2015,66198.03,official_psa
coconut_mature,Coconut Mature,province,REGION VI (WESTERN VISAYAS),Iloilo,Iloilo,2016,67985.82,official_psa
coconut_mature,Coconut Mature,province,REGION VI (WESTERN VISAYAS),Iloilo,Iloilo,2017,70247.64,official_psa
coconut_mature,Coconut Mature,province,REGION VI (WESTERN VISAYAS),Iloilo,Iloilo,2018,66000.0,official_psa
coconut_mature,Coconut Mature,province,REGION VI (WESTERN VISAYAS),Iloilo,Iloilo,2019,64940.0,official_psa
coconut_mature,Coconut Mature,province,REGION VI (WESTERN VISAYAS),Iloilo,Iloilo,2020,60090.2,official_psa
coconut_mature,Coconut Mature,province,REGION VI (WESTERN VISAYAS),Iloilo,Iloilo,2021,66075.61,official_psa
coconut_mature,Coconut Mature,province,REGION VI (WESTERN VISAYAS),Iloilo,Iloilo,2022,73072.02,official_psa
coconut_mature,Coconut Mature,province,REGION VI (WESTERN VISAYAS),Iloilo,Iloilo,2023,78707.14,official_psa
coconut_mature,Coconut Mature,province,REGION VI (WESTERN VISAYAS),Iloilo,Iloilo,2024,77485.14,official_psa
coconut_mature,Coconut Mature,province,REGION VI (WESTERN VISAYAS),Iloilo,Iloilo,2025,78771.45,official_psa
coconut_mature,Coconut Mature,province,REGION VI (WESTERN VISAYAS),Iloilo,Iloilo,2026,77558.4,estimated_gap
coconut_mature,Coconut Mature,province,REGION VI (WESTERN VISAYAS),Negros Occidental,Negros Occidental,2010,104017.73,official_psa
coconut_mature,Coconut Mature,province,REGION VI (WESTERN VISAYAS),Negros Occidental,Negros Occidental,2011,105338.67,official_psa
coconut_mature,Coconut Mature,province,REGION VI (WESTERN VISAYAS),Negros Occidental,Negros Occidental,2012,104925.04,official_psa
coconut_mature,Coconut Mature,province,REGION VI (WESTERN VISAYAS),Negros Occidental,Negros Occidental,2013,104971.52,official_psa
coconut_mature,Coconut Mature,province,REGION VI (WESTERN VISAYAS),Negros Occidental,Negros Occidental,2014,109376.0,official_psa
coconut_mature,Coconut Mature,province,REGION VI (WESTERN VISAYAS),Negros Occidental,Negros Occidental,2015,104757.66,official_psa
coconut_mature,Coconut Mature,province,REGION VI (WESTERN VISAYAS),Negros Occidental,Negros Occidental,2016,103574.66,official_psa
coconut_mature,Coconut Mature,province,REGION VI (WESTERN VISAYAS),Negros Occidental,Negros Occidental,2017,102285.98,official_psa
coconut_mature,Coconut Mature,province,REGION VI (WESTERN VISAYAS),Negros Occidental,Negros Occidental,2018,102993.0,official_psa
coconut_mature,Coconut Mature,province,REGION VI (WESTERN VISAYAS),Negros Occidental,Negros Occidental,2019,107338.0,official_psa
coconut_mature,Coconut Mature,province,REGION VI (WESTERN VISAYAS),Negros Occidental,Negros Occidental,2020,107389.0,official_psa
coconut_mature,Coconut Mature,province,REGION VI (WESTERN VISAYAS),Negros Occidental,Negros Occidental,2021,107224.0,official_psa
coconut_mature,Coconut Mature,province,REGION VI (WESTERN VISAYAS),Negros Occidental,Negros Occidental,2022,107262.0,official_psa
coconut_mature,Coconut Mature,province,REGION VI (WESTERN VISAYAS),Negros Occidental,Negros Occidental,2023,108275.82,official_psa
coconut_mature,Coconut Mature,province,REGION VI (WESTERN VISAYAS),Negros Occidental,Negros Occidental,2024,107521.07,estimated_gap
coconut_mature,Coconut Mature,province,REGION VI (WESTERN VISAYAS),Negros Occidental,Negros Occidental,2025,107528.49,estimated_gap
coconut_mature,Coconut Mature,province,REGION VI (WESTERN VISAYAS),Negros Occidental,Negros Occidental,2026,107535.92,estimated_gap
coconut_mature,Coconut Mature,region,NEGROS ISLAND REGION,,NEGROS ISLAND REGION,2010,247262.71,estimated_gap
coconut_mature,Coconut Mature,region,NEGROS ISLAND REGION,,NEGROS ISLAND REGION,2011,247262.71,estimated_gap
coconut_mature,Coconut Mature,region,NEGROS ISLAND REGION,,NEGROS ISLAND REGION,2012,247262.71,estimated_gap
coconut_mature,Coconut Mature,region,NEGROS ISLAND REGION,,NEGROS ISLAND REGION,2013,247262.71,estimated_gap
coconut_mature,Coconut Mature,region,NEGROS ISLAND REGION,,NEGROS ISLAND REGION,2014,247262.71,estimated_gap
coconut_mature,Coconut Mature,region,NEGROS ISLAND REGION,,NEGROS ISLAND REGION,2015,247262.71,estimated_gap
coconut_mature,Coconut Mature,region,NEGROS ISLAND REGION,,NEGROS ISLAND REGION,2016,247262.71,estimated_gap
coconut_mature,Coconut Mature,region,NEGROS ISLAND REGION,,NEGROS ISLAND REGION,2017,247262.71,estimated_gap
coconut_mature,Coconut Mature,region,NEGROS ISLAND REGION,,NEGROS ISLAND REGION,2018,247262.71,estimated_gap
coconut_mature,Coconut Mature,region,NEGROS ISLAND REGION,,NEGROS ISLAND REGION,2019,247262.71,estimated_gap
coconut_mature,Coconut Mature,region,NEGROS ISLAND REGION,,NEGROS ISLAND REGION,2020,247262.71,estimated_gap
coconut_mature,Coconut Mature,region,NEGROS ISLAND REGION,,NEGROS ISLAND REGION,2021,247262.71,estimated_gap
coconut_mature,Coconut Mature,region,NEGROS ISLAND REGION,,NEGROS ISLAND REGION,2022,247262.71,estimated_gap
coconut_mature,Coconut Mature,region,NEGROS ISLAND REGION,,NEGROS ISLAND REGION,2023,247262.71,estimated_gap
coconut_mature,Coconut Mature,region,NEGROS ISLAND REGION,,NEGROS ISLAND REGION,2024,247262.71,official_psa
coconut_mature,Coconut Mature,region,NEGROS ISLAND REGION,,NEGROS ISLAND REGION,2025,225606.35,official_psa
coconut_mature,Coconut Mature,region,NEGROS ISLAND REGION,,NEGROS ISLAND REGION,2026,210399.64,estimated_gap
coconut_mature,Coconut Mature,province,NEGROS ISLAND REGION,Negros Occidental,Negros Occidental,2010,105338.67,estimated_gap
coconut_mature,Coconut Mature,province,NEGROS ISLAND REGION,Negros Occidental,Negros Occidental,2011,105131.85,estimated_gap
coconut_mature,Coconut Mature,province,NEGROS ISLAND REGION,Negros Occidental,Negros Occidental,2012,105051.69,estimated_gap
coconut_mature,Coconut Mature,province,NEGROS ISLAND REGION,Negros Occidental,Negros Occidental,2013,107213.84,estimated_gap
coconut_mature,Coconut Mature,province,NEGROS ISLAND REGION,Negros Occidental,Negros Occidental,2014,105985.75,estimated_gap
coconut_mature,Coconut Mature,province,NEGROS ISLAND REGION,Negros Occidental,Negros Occidental,2015,104780.21,estimated_gap
coconut_mature,Coconut Mature,province,NEGROS ISLAND REGION,Negros Occidental,Negros Occidental,2016,103533.09,estimated_gap
coconut_mature,Coconut Mature,province,NEGROS ISLAND REGION,Negros Occidental,Negros Occidental,2017,103263.05,estimated_gap
coconut_mature,Coconut Mature,province,NEGROS ISLAND REGION,Negros Occidental,Negros Occidental,2018,105300.52,estimated_gap
coconut_mature,Coconut Mature,province,NEGROS ISLAND REGION,Negros Occidental,Negros Occidental,2019,106344.76,estimated_gap
coconut_mature,Coconut Mature,province,NEGROS ISLAND REGION,Negros Occidental,Negros Occidental,2020,106784.38,estimated_gap
coconut_mature,Coconut Mature,province,NEGROS ISLAND REGION,Negros Occidental,Negros Occidental,2021,107023.19,estimated_gap
coconut_mature,Coconut Mature,province,NEGROS ISLAND REGION,Negros Occidental,Negros Occidental,2022,107649.51,estimated_gap
coconut_mature,Coconut Mature,province,NEGROS ISLAND REGION,Negros Occidental,Negros Occidental,2023,107513.64,estimated_gap
coconut_mature,Coconut Mature,province,NEGROS ISLAND REGION,Negros Occidental,Negros Occidental,2024,107377.78,official_psa
coconut_mature,Coconut Mature,province,NEGROS ISLAND REGION,Negros Occidental,Negros Occidental,2025,107528.49,official_psa
coconut_mature,Coconut Mature,province,NEGROS ISLAND REGION,Negros Occidental,Negros Occidental,2026,109862.87,estimated_gap
coconut_mature,Coconut Mature,province,NEGROS ISLAND REGION,Negros Oriental,Negros Oriental,2010,171743.47,estimated_gap
coconut_mature,Coconut Mature,province,NEGROS ISLAND REGION,Negros Oriental,Negros Oriental,2011,167144.15,estimated_gap
coconut_mature,Coconut Mature,province,NEGROS ISLAND REGION,Negros Oriental,Negros Oriental,2012,162455.82,estimated_gap
coconut_mature,Coconut Mature,province,NEGROS ISLAND REGION,Negros Oriental,Negros Oriental,2013,156647.66,estimated_gap
coconut_mature,Coconut Mature,province,NEGROS ISLAND REGION,Negros Oriental,Negros Oriental,2014,153817.88,estimated_gap
coconut_mature,Coconut Mature,province,NEGROS ISLAND REGION,Negros Oriental,Negros Oriental,2015,144855.35,estimated_gap
coconut_mature,Coconut Mature,province,NEGROS ISLAND REGION,Negros Oriental,Negros Oriental,2016,143510.99,estimated_gap
coconut_mature,Coconut Mature,province,NEGROS ISLAND REGION,Negros Oriental,Negros Oriental,2017,144200.82,estimated_gap
coconut_mature,Coconut Mature,province,NEGROS ISLAND REGION,Negros Oriental,Negros Oriental,2018,143281.34,estimated_gap
coconut_mature,Coconut Mature,province,NEGROS ISLAND REGION,Negros Oriental,Negros Oriental,2019,135333.51,estimated_gap
coconut_mature,Coconut Mature,province,NEGROS ISLAND REGION,Negros Oriental,Negros Oriental,2020,141333.09,estimated_gap
coconut_mature,Coconut Mature,province,NEGROS ISLAND REGION,Negros Oriental,Negros Oriental,2021,131711.78,estimated_gap
coconut_mature,Coconut Mature,province,NEGROS ISLAND REGION,Negros Oriental,Negros Oriental,2022,147503.92,estimated_gap
coconut_mature,Coconut Mature,province,NEGROS ISLAND REGION,Negros Oriental,Negros Oriental,2023,139197.4,estimated_gap
coconut_mature,Coconut Mature,province,NEGROS ISLAND REGION,Negros Oriental,Negros Oriental,2024,130890.87,official_psa
coconut_mature,Coconut Mature,province,NEGROS ISLAND REGION,Negros Oriental,Negros Oriental,2025,109370.82,official_psa
coconut_mature,Coconut Mature,province,NEGROS ISLAND REGION,Negros Oriental,Negros Oriental,2026,80757.58,estimated_gap
coconut_mature,Coconut Mature,province,NEGROS ISLAND REGION,Siquijor,Siquijor,2010,10419.75,estimated_gap
coconut_mature,Coconut Mature,province,NEGROS ISLAND REGION,Siquijor,Siquijor,2011,10702.64,estimated_gap
coconut_mature,Coconut Mature,province,NEGROS ISLAND REGION,Siquijor,Siquijor,2012,10418.88,estimated_gap
coconut_mature,Coconut Mature,province,NEGROS ISLAND REGION,Siquijor,Siquijor,2013,10333.86,estimated_gap
coconut_mature,Coconut Mature,province,NEGROS ISLAND REGION,Siquijor,Siquijor,2014,10382.85,estimated_gap
coconut_mature,Coconut Mature,province,NEGROS ISLAND REGION,Siquijor,Siquijor,2015,9551.18,estimated_gap
coconut_mature,Coconut Mature,province,NEGROS ISLAND REGION,Siquijor,Siquijor,2016,9398.68,estimated_gap
coconut_mature,Coconut Mature,province,NEGROS ISLAND REGION,Siquijor,Siquijor,2017,9317.26,estimated_gap
coconut_mature,Coconut Mature,province,NEGROS ISLAND REGION,Siquijor,Siquijor,2018,8952.25,estimated_gap
coconut_mature,Coconut Mature,province,NEGROS ISLAND REGION,Siquijor,Siquijor,2019,8586.3,estimated_gap
coconut_mature,Coconut Mature,province,NEGROS ISLAND REGION,Siquijor,Siquijor,2020,8603.9,estimated_gap
coconut_mature,Coconut Mature,province,NEGROS ISLAND REGION,Siquijor,Siquijor,2021,8347.75,estimated_gap
coconut_mature,Coconut Mature,province,NEGROS ISLAND REGION,Siquijor,Siquijor,2022,8312.18,estimated_gap
coconut_mature,Coconut Mature,province,NEGROS ISLAND REGION,Siquijor,Siquijor,2023,8653.13,estimated_gap
coconut_mature,Coconut Mature,province,NEGROS ISLAND REGION,Siquijor,Siquijor,2024,8994.07,official_psa
coconut_mature,Coconut Mature,province,NEGROS ISLAND REGION,Siquijor,Siquijor,2025,8707.04,official_psa
coconut_mature,Coconut Mature,province,NEGROS ISLAND REGION,Siquijor,Siquijor,2026,8707.07,estimated_gap
coconut_mature,Coconut Mature,province,NEGROS ISLAND REGION,City of Bacolod,City of Bacolod,2010,7301.88,estimated_gap
coconut_mature,Coconut Mature,province,NEGROS ISLAND REGION,City of Bacolod,City of Bacolod,2011,7301.88,estimated_gap
coconut_mature,Coconut Mature,province,NEGROS ISLAND REGION,City of Bacolod,City of Bacolod,2012,7301.88,estimated_gap
coconut_mature,Coconut Mature,province,NEGROS ISLAND REGION,City of Bacolod,City of Bacolod,2013,7301.88,estimated_gap
coconut_mature,Coconut Mature,province,NEGROS ISLAND REGION,City of Bacolod,City of Bacolod,2014,7301.88,estimated_gap
coconut_mature,Coconut Mature,province,NEGROS ISLAND REGION,City of Bacolod,City of Bacolod,2015,7301.88,estimated_gap
coconut_mature,Coconut Mature,province,NEGROS ISLAND REGION,City of Bacolod,City of Bacolod,2016,7301.88,estimated_gap
coconut_mature,Coconut Mature,province,NEGROS ISLAND REGION,City of Bacolod,City of Bacolod,2017,7301.88,estimated_gap
coconut_mature,Coconut Mature,province,NEGROS ISLAND REGION,City of Bacolod,City of Bacolod,2018,7301.88,estimated_gap
coconut_mature,Coconut Mature,province,NEGROS ISLAND REGION,City of Bacolod,City of Bacolod,2019,7301.88,estimated_gap
coconut_mature,Coconut Mature,province,NEGROS ISLAND REGION,City of Bacolod,City of Bacolod,2020,7301.88,estimated_gap
coconut_mature,Coconut Mature,province,NEGROS ISLAND REGION,City of Bacolod,City of Bacolod,2021,7301.88,estimated_gap
coconut_mature,Coconut Mature,province,NEGROS ISLAND REGION,City of Bacolod,City of Bacolod,2022,7301.88,estimated_gap
coconut_mature,Coconut Mature,province,NEGROS ISLAND REGION,City of Bacolod,City of Bacolod,2023,7301.88,estimated_gap
coconut_mature,Coconut Mature,province,NEGROS ISLAND REGION,City of Bacolod,City of Bacolod,2024,7301.88,official_psa
coconut_mature,Coconut Mature,province,NEGROS ISLAND REGION,City of Bacolod,City of Bacolod,2025,7301.88,estimated_gap
coconut_mature,Coconut Mature,province,NEGROS ISLAND REGION,City of Bacolod,City of Bacolod,2026,7301.88,estimated_gap
coconut_mature,Coconut Mature,region,REGION VII (CENTRAL VISAYAS),,REGION VII (CENTRAL VISAYAS),2010,423743.18,official_psa
coconut_mature,Coconut Mature,region,REGION VII (CENTRAL VISAYAS),,REGION VII (CENTRAL VISAYAS),2011,432007.15,official_psa
coconut_mature,Coconut Mature,region,REGION VII (CENTRAL VISAYAS),,REGION VII (CENTRAL VISAYAS),2012,444099.13,official_psa
coconut_mature,Coconut Mature,region,REGION VII (CENTRAL VISAYAS),,REGION VII (CENTRAL VISAYAS),2013,446655.27,official_psa
coconut_mature,Coconut Mature,region,REGION VII (CENTRAL VISAYAS),,REGION VII (CENTRAL VISAYAS),2014,435052.64,official_psa
coconut_mature,Coconut Mature,region,REGION VII (CENTRAL VISAYAS),,REGION VII (CENTRAL VISAYAS),2015,417240.49,official_psa
coconut_mature,Coconut Mature,region,REGION VII (CENTRAL VISAYAS),,REGION VII (CENTRAL VISAYAS),2016,378545.27,official_psa
coconut_mature,Coconut Mature,region,REGION VII (CENTRAL VISAYAS),,REGION VII (CENTRAL VISAYAS),2017,389469.58,official_psa
coconut_mature,Coconut Mature,region,REGION VII (CENTRAL VISAYAS),,REGION VII (CENTRAL VISAYAS),2018,400139.24,official_psa
coconut_mature,Coconut Mature,region,REGION VII (CENTRAL VISAYAS),,REGION VII (CENTRAL VISAYAS),2019,374653.0,official_psa
coconut_mature,Coconut Mature,region,REGION VII (CENTRAL VISAYAS),,REGION VII (CENTRAL VISAYAS),2020,340140.8,official_psa
coconut_mature,Coconut Mature,region,REGION VII (CENTRAL VISAYAS),,REGION VII (CENTRAL VISAYAS),2021,359817.79,official_psa
coconut_mature,Coconut Mature,region,REGION VII (CENTRAL VISAYAS),,REGION VII (CENTRAL VISAYAS),2022,260518.05,official_psa
coconut_mature,Coconut Mature,region,REGION VII (CENTRAL VISAYAS),,REGION VII (CENTRAL VISAYAS),2023,363652.68,official_psa
coconut_mature,Coconut Mature,region,REGION VII (CENTRAL VISAYAS),,REGION VII (CENTRAL VISAYAS),2024,193868.4,official_psa
coconut_mature,Coconut Mature,region,REGION VII (CENTRAL VISAYAS),,REGION VII (CENTRAL VISAYAS),2025,186280.59,official_psa
coconut_mature,Coconut Mature,region,REGION VII (CENTRAL VISAYAS),,REGION VII (CENTRAL VISAYAS),2026,188520.89,estimated_gap
coconut_mature,Coconut Mature,province,REGION VII (CENTRAL VISAYAS),Bohol,Bohol,2010,182138.61,official_psa
coconut_mature,Coconut Mature,province,REGION VII (CENTRAL VISAYAS),Bohol,Bohol,2011,157018.0,official_psa
coconut_mature,Coconut Mature,province,REGION VII (CENTRAL VISAYAS),Bohol,Bohol,2012,164108.18,official_psa
coconut_mature,Coconut Mature,province,REGION VII (CENTRAL VISAYAS),Bohol,Bohol,2013,170895.68,official_psa
coconut_mature,Coconut Mature,province,REGION VII (CENTRAL VISAYAS),Bohol,Bohol,2014,175700.82,official_psa
coconut_mature,Coconut Mature,province,REGION VII (CENTRAL VISAYAS),Bohol,Bohol,2015,154686.98,official_psa
coconut_mature,Coconut Mature,province,REGION VII (CENTRAL VISAYAS),Bohol,Bohol,2016,143035.13,official_psa
coconut_mature,Coconut Mature,province,REGION VII (CENTRAL VISAYAS),Bohol,Bohol,2017,160847.38,official_psa
coconut_mature,Coconut Mature,province,REGION VII (CENTRAL VISAYAS),Bohol,Bohol,2018,167918.11,official_psa
coconut_mature,Coconut Mature,province,REGION VII (CENTRAL VISAYAS),Bohol,Bohol,2019,147974.56,official_psa
coconut_mature,Coconut Mature,province,REGION VII (CENTRAL VISAYAS),Bohol,Bohol,2020,132450.61,official_psa
coconut_mature,Coconut Mature,province,REGION VII (CENTRAL VISAYAS),Bohol,Bohol,2021,129401.62,official_psa
coconut_mature,Coconut Mature,province,REGION VII (CENTRAL VISAYAS),Bohol,Bohol,2022,72675.99,official_psa
coconut_mature,Coconut Mature,province,REGION VII (CENTRAL VISAYAS),Bohol,Bohol,2023,124778.48,official_psa
coconut_mature,Coconut Mature,province,REGION VII (CENTRAL VISAYAS),Bohol,Bohol,2024,137181.34,official_psa
coconut_mature,Coconut Mature,province,REGION VII (CENTRAL VISAYAS),Bohol,Bohol,2025,131295.94,official_psa
coconut_mature,Coconut Mature,province,REGION VII (CENTRAL VISAYAS),Bohol,Bohol,2026,105003.73,estimated_gap
coconut_mature,Coconut Mature,province,REGION VII (CENTRAL VISAYAS),Cebu,Cebu,2010,85441.64,official_psa
coconut_mature,Coconut Mature,province,REGION VII (CENTRAL VISAYAS),Cebu,Cebu,2011,92825.93,official_psa
coconut_mature,Coconut Mature,province,REGION VII (CENTRAL VISAYAS),Cebu,Cebu,2012,106460.59,official_psa
coconut_mature,Coconut Mature,province,REGION VII (CENTRAL VISAYAS),Cebu,Cebu,2013,107856.97,official_psa
coconut_mature,Coconut Mature,province,REGION VII (CENTRAL VISAYAS),Cebu,Cebu,2014,98263.49,official_psa
coconut_mature,Coconut Mature,province,REGION VII (CENTRAL VISAYAS),Cebu,Cebu,2015,101133.57,official_psa
coconut_mature,Coconut Mature,province,REGION VII (CENTRAL VISAYAS),Cebu,Cebu,2016,90897.81,official_psa
coconut_mature,Coconut Mature,province,REGION VII (CENTRAL VISAYAS),Cebu,Cebu,2017,77209.38,official_psa
coconut_mature,Coconut Mature,province,REGION VII (CENTRAL VISAYAS),Cebu,Cebu,2018,78094.65,official_psa
coconut_mature,Coconut Mature,province,REGION VII (CENTRAL VISAYAS),Cebu,Cebu,2019,75729.34,official_psa
coconut_mature,Coconut Mature,province,REGION VII (CENTRAL VISAYAS),Cebu,Cebu,2020,72084.16,official_psa
coconut_mature,Coconut Mature,province,REGION VII (CENTRAL VISAYAS),Cebu,Cebu,2021,74462.0,official_psa
coconut_mature,Coconut Mature,province,REGION VII (CENTRAL VISAYAS),Cebu,Cebu,2022,57660.0,official_psa
coconut_mature,Coconut Mature,province,REGION VII (CENTRAL VISAYAS),Cebu,Cebu,2023,67301.52,official_psa
coconut_mature,Coconut Mature,province,REGION VII (CENTRAL VISAYAS),Cebu,Cebu,2024,56687.06,official_psa
coconut_mature,Coconut Mature,province,REGION VII (CENTRAL VISAYAS),Cebu,Cebu,2025,54984.65,official_psa
coconut_mature,Coconut Mature,province,REGION VII (CENTRAL VISAYAS),Cebu,Cebu,2026,53329.53,estimated_gap
coconut_mature,Coconut Mature,province,REGION VII (CENTRAL VISAYAS),Negros Oriental,Negros Oriental,2010,146132.76,official_psa
coconut_mature,Coconut Mature,province,REGION VII (CENTRAL VISAYAS),Negros Oriental,Negros Oriental,2011,171743.47,official_psa
coconut_mature,Coconut Mature,province,REGION VII (CENTRAL VISAYAS),Negros Oriental,Negros Oriental,2012,162544.84,official_psa
coconut_mature,Coconut Mature,province,REGION VII (CENTRAL VISAYAS),Negros Oriental,Negros Oriental,2013,157767.49,official_psa
coconut_mature,Coconut Mature,province,REGION VII (CENTRAL VISAYAS),Negros Oriental,Negros Oriental,2014,150839.49,official_psa
coconut_mature,Coconut Mature,province,REGION VII (CENTRAL VISAYAS),Negros Oriental,Negros Oriental,2015,150988.11,official_psa
coconut_mature,Coconut Mature,province,REGION VII (CENTRAL VISAYAS),Negros Oriental,Negros Oriental,2016,135892.82,official_psa
coconut_mature,Coconut Mature,province,REGION VII (CENTRAL VISAYAS),Negros Oriental,Negros Oriental,2017,142166.63,official_psa
coconut_mature,Coconut Mature,province,REGION VII (CENTRAL VISAYAS),Negros Oriental,Negros Oriental,2018,144890.65,official_psa
coconut_mature,Coconut Mature,province,REGION VII (CENTRAL VISAYAS),Negros Oriental,Negros Oriental,2019,142361.85,official_psa
coconut_mature,Coconut Mature,province,REGION VII (CENTRAL VISAYAS),Negros Oriental,Negros Oriental,2020,127385.68,official_psa
coconut_mature,Coconut Mature,province,REGION VII (CENTRAL VISAYAS),Negros Oriental,Negros Oriental,2021,147332.67,official_psa
coconut_mature,Coconut Mature,province,REGION VII (CENTRAL VISAYAS),Negros Oriental,Negros Oriental,2022,122090.47,official_psa
coconut_mature,Coconut Mature,province,REGION VII (CENTRAL VISAYAS),Negros Oriental,Negros Oriental,2023,163296.07,official_psa
coconut_mature,Coconut Mature,province,REGION VII (CENTRAL VISAYAS),Negros Oriental,Negros Oriental,2024,124284.11,estimated_gap
coconut_mature,Coconut Mature,province,REGION VII (CENTRAL VISAYAS),Negros Oriental,Negros Oriental,2025,110968.6,estimated_gap
coconut_mature,Coconut Mature,province,REGION VII (CENTRAL VISAYAS),Negros Oriental,Negros Oriental,2026,99079.68,estimated_gap
coconut_mature,Coconut Mature,province,REGION VII (CENTRAL VISAYAS),Siquijor,Siquijor,2010,10030.17,official_psa
coconut_mature,Coconut Mature,province,REGION VII (CENTRAL VISAYAS),Siquijor,Siquijor,2011,10419.75,official_psa
coconut_mature,Coconut Mature,province,REGION VII (CENTRAL VISAYAS),Siquijor,Siquijor,2012,10985.52,official_psa
coconut_mature,Coconut Mature,province,REGION VII (CENTRAL VISAYAS),Siquijor,Siquijor,2013,10135.13,official_psa
coconut_mature,Coconut Mature,province,REGION VII (CENTRAL VISAYAS),Siquijor,Siquijor,2014,10248.84,official_psa
coconut_mature,Coconut Mature,province,REGION VII (CENTRAL VISAYAS),Siquijor,Siquijor,2015,10431.83,official_psa
coconut_mature,Coconut Mature,province,REGION VII (CENTRAL VISAYAS),Siquijor,Siquijor,2016,8719.51,official_psa
coconut_mature,Coconut Mature,province,REGION VII (CENTRAL VISAYAS),Siquijor,Siquijor,2017,9246.19,official_psa
coconut_mature,Coconut Mature,province,REGION VII (CENTRAL VISAYAS),Siquijor,Siquijor,2018,9235.83,official_psa
coconut_mature,Coconut Mature,province,REGION VII (CENTRAL VISAYAS),Siquijor,Siquijor,2019,8587.25,official_psa
coconut_mature,Coconut Mature,province,REGION VII (CENTRAL VISAYAS),Siquijor,Siquijor,2020,8220.35,official_psa
coconut_mature,Coconut Mature,province,REGION VII (CENTRAL VISAYAS),Siquijor,Siquijor,2021,8621.5,official_psa
coconut_mature,Coconut Mature,province,REGION VII (CENTRAL VISAYAS),Siquijor,Siquijor,2022,8091.59,official_psa
coconut_mature,Coconut Mature,province,REGION VII (CENTRAL VISAYAS),Siquijor,Siquijor,2023,8276.62,official_psa
coconut_mature,Coconut Mature,province,REGION VII (CENTRAL VISAYAS),Siquijor,Siquijor,2024,8680.08,estimated_gap
coconut_mature,Coconut Mature,province,REGION VII (CENTRAL VISAYAS),Siquijor,Siquijor,2025,8707.12,estimated_gap
coconut_mature,Coconut Mature,province,REGION VII (CENTRAL VISAYAS),Siquijor,Siquijor,2026,8734.25,estimated_gap
coconut_mature,Coconut Mature,region,REGION VIII (EASTERN VISAYAS),,REGION VIII (EASTERN VISAYAS),2010,1747964.7,official_psa
coconut_mature,Coconut Mature,region,REGION VIII (EASTERN VISAYAS),,REGION VIII (EASTERN VISAYAS),2011,1748929.78,official_psa
coconut_mature,Coconut Mature,region,REGION VIII (EASTERN VISAYAS),,REGION VIII (EASTERN VISAYAS),2012,1750054.61,official_psa
coconut_mature,Coconut Mature,region,REGION VIII (EASTERN VISAYAS),,REGION VIII (EASTERN VISAYAS),2013,1606345.3,official_psa
coconut_mature,Coconut Mature,region,REGION VIII (EASTERN VISAYAS),,REGION VIII (EASTERN VISAYAS),2014,1181896.33,official_psa
coconut_mature,Coconut Mature,region,REGION VIII (EASTERN VISAYAS),,REGION VIII (EASTERN VISAYAS),2015,1155807.2,official_psa
coconut_mature,Coconut Mature,region,REGION VIII (EASTERN VISAYAS),,REGION VIII (EASTERN VISAYAS),2016,1062712.86,official_psa
coconut_mature,Coconut Mature,region,REGION VIII (EASTERN VISAYAS),,REGION VIII (EASTERN VISAYAS),2017,1077245.79,official_psa
coconut_mature,Coconut Mature,region,REGION VIII (EASTERN VISAYAS),,REGION VIII (EASTERN VISAYAS),2018,1085597.4,official_psa
coconut_mature,Coconut Mature,region,REGION VIII (EASTERN VISAYAS),,REGION VIII (EASTERN VISAYAS),2019,1112689.42,official_psa
coconut_mature,Coconut Mature,region,REGION VIII (EASTERN VISAYAS),,REGION VIII (EASTERN VISAYAS),2020,1088736.78,official_psa
coconut_mature,Coconut Mature,region,REGION VIII (EASTERN VISAYAS),,REGION VIII (EASTERN VISAYAS),2021,1104396.46,official_psa
coconut_mature,Coconut Mature,region,REGION VIII (EASTERN VISAYAS),,REGION VIII (EASTERN VISAYAS),2022,1103008.38,official_psa
coconut_mature,Coconut Mature,region,REGION VIII (EASTERN VISAYAS),,REGION VIII (EASTERN VISAYAS),2023,1175676.11,official_psa
coconut_mature,Coconut Mature,region,REGION VIII (EASTERN VISAYAS),,REGION VIII (EASTERN VISAYAS),2024,1176535.94,official_psa
coconut_mature,Coconut Mature,region,REGION VIII (EASTERN VISAYAS),,REGION VIII (EASTERN VISAYAS),2025,1148532.01,official_psa
coconut_mature,Coconut Mature,region,REGION VIII (EASTERN VISAYAS),,REGION VIII (EASTERN VISAYAS),2026,1077394.26,estimated_gap
coconut_mature,Coconut Mature,province,REGION VIII (EASTERN VISAYAS),Biliran,Biliran,2010,56776.66,official_psa
coconut_mature,Coconut Mature,province,REGION VIII (EASTERN VISAYAS),Biliran,Biliran,2011,57868.25,official_psa
coconut_mature,Coconut Mature,province,REGION VIII (EASTERN VISAYAS),Biliran,Biliran,2012,58399.75,official_psa
coconut_mature,Coconut Mature,province,REGION VIII (EASTERN VISAYAS),Biliran,Biliran,2013,60930.75,official_psa
coconut_mature,Coconut Mature,province,REGION VIII (EASTERN VISAYAS),Biliran,Biliran,2014,50595.0,official_psa
coconut_mature,Coconut Mature,province,REGION VIII (EASTERN VISAYAS),Biliran,Biliran,2015,50646.0,official_psa
coconut_mature,Coconut Mature,province,REGION VIII (EASTERN VISAYAS),Biliran,Biliran,2016,50755.0,official_psa
coconut_mature,Coconut Mature,province,REGION VIII (EASTERN VISAYAS),Biliran,Biliran,2017,51870.0,official_psa
coconut_mature,Coconut Mature,province,REGION VIII (EASTERN VISAYAS),Biliran,Biliran,2018,48930.0,official_psa
coconut_mature,Coconut Mature,province,REGION VIII (EASTERN VISAYAS),Biliran,Biliran,2019,48278.0,official_psa
coconut_mature,Coconut Mature,province,REGION VIII (EASTERN VISAYAS),Biliran,Biliran,2020,48380.0,official_psa
coconut_mature,Coconut Mature,province,REGION VIII (EASTERN VISAYAS),Biliran,Biliran,2021,51370.0,official_psa
coconut_mature,Coconut Mature,province,REGION VIII (EASTERN VISAYAS),Biliran,Biliran,2022,51700.0,official_psa
coconut_mature,Coconut Mature,province,REGION VIII (EASTERN VISAYAS),Biliran,Biliran,2023,54117.05,official_psa
coconut_mature,Coconut Mature,province,REGION VIII (EASTERN VISAYAS),Biliran,Biliran,2024,49754.1,official_psa
coconut_mature,Coconut Mature,province,REGION VIII (EASTERN VISAYAS),Biliran,Biliran,2025,46354.77,official_psa
coconut_mature,Coconut Mature,province,REGION VIII (EASTERN VISAYAS),Biliran,Biliran,2026,49950.9,estimated_gap
coconut_mature,Coconut Mature,province,REGION VIII (EASTERN VISAYAS),Eastern Samar,Eastern Samar,2010,272483.7,official_psa
coconut_mature,Coconut Mature,province,REGION VIII (EASTERN VISAYAS),Eastern Samar,Eastern Samar,2011,272721.2,official_psa
coconut_mature,Coconut Mature,province,REGION VIII (EASTERN VISAYAS),Eastern Samar,Eastern Samar,2012,272731.51,official_psa
coconut_mature,Coconut Mature,province,REGION VIII (EASTERN VISAYAS),Eastern Samar,Eastern Samar,2013,263867.49,official_psa
coconut_mature,Coconut Mature,province,REGION VIII (EASTERN VISAYAS),Eastern Samar,Eastern Samar,2014,188226.7,official_psa
coconut_mature,Coconut Mature,province,REGION VIII (EASTERN VISAYAS),Eastern Samar,Eastern Samar,2015,156955.76,official_psa
coconut_mature,Coconut Mature,province,REGION VIII (EASTERN VISAYAS),Eastern Samar,Eastern Samar,2016,155548.25,official_psa
coconut_mature,Coconut Mature,province,REGION VIII (EASTERN VISAYAS),Eastern Samar,Eastern Samar,2017,165664.68,official_psa
coconut_mature,Coconut Mature,province,REGION VIII (EASTERN VISAYAS),Eastern Samar,Eastern Samar,2018,167523.1,official_psa
coconut_mature,Coconut Mature,province,REGION VIII (EASTERN VISAYAS),Eastern Samar,Eastern Samar,2019,173137.5,official_psa
coconut_mature,Coconut Mature,province,REGION VIII (EASTERN VISAYAS),Eastern Samar,Eastern Samar,2020,156006.8,official_psa
coconut_mature,Coconut Mature,province,REGION VIII (EASTERN VISAYAS),Eastern Samar,Eastern Samar,2021,150177.17,official_psa
coconut_mature,Coconut Mature,province,REGION VIII (EASTERN VISAYAS),Eastern Samar,Eastern Samar,2022,154807.16,official_psa
coconut_mature,Coconut Mature,province,REGION VIII (EASTERN VISAYAS),Eastern Samar,Eastern Samar,2023,192652.93,official_psa
coconut_mature,Coconut Mature,province,REGION VIII (EASTERN VISAYAS),Eastern Samar,Eastern Samar,2024,202085.85,official_psa
coconut_mature,Coconut Mature,province,REGION VIII (EASTERN VISAYAS),Eastern Samar,Eastern Samar,2025,198291.03,official_psa
coconut_mature,Coconut Mature,province,REGION VIII (EASTERN VISAYAS),Eastern Samar,Eastern Samar,2026,203529.6,estimated_gap
coconut_mature,Coconut Mature,province,REGION VIII (EASTERN VISAYAS),Leyte,Leyte,2010,674388.19,official_psa
coconut_mature,Coconut Mature,province,REGION VIII (EASTERN VISAYAS),Leyte,Leyte,2011,665747.4,official_psa
coconut_mature,Coconut Mature,province,REGION VIII (EASTERN VISAYAS),Leyte,Leyte,2012,661318.45,official_psa
coconut_mature,Coconut Mature,province,REGION VIII (EASTERN VISAYAS),Leyte,Leyte,2013,515999.24,official_psa
coconut_mature,Coconut Mature,province,REGION VIII (EASTERN VISAYAS),Leyte,Leyte,2014,189920.5,official_psa
coconut_mature,Coconut Mature,province,REGION VIII (EASTERN VISAYAS),Leyte,Leyte,2015,196867.12,official_psa
coconut_mature,Coconut Mature,province,REGION VIII (EASTERN VISAYAS),Leyte,Leyte,2016,202329.87,official_psa
coconut_mature,Coconut Mature,province,REGION VIII (EASTERN VISAYAS),Leyte,Leyte,2017,201020.7,official_psa
coconut_mature,Coconut Mature,province,REGION VIII (EASTERN VISAYAS),Leyte,Leyte,2018,202897.59,official_psa
coconut_mature,Coconut Mature,province,REGION VIII (EASTERN VISAYAS),Leyte,Leyte,2019,221743.34,official_psa
coconut_mature,Coconut Mature,province,REGION VIII (EASTERN VISAYAS),Leyte,Leyte,2020,212081.0,official_psa
coconut_mature,Coconut Mature,province,REGION VIII (EASTERN VISAYAS),Leyte,Leyte,2021,217898.57,official_psa
coconut_mature,Coconut Mature,province,REGION VIII (EASTERN VISAYAS),Leyte,Leyte,2022,230048.27,official_psa
coconut_mature,Coconut Mature,province,REGION VIII (EASTERN VISAYAS),Leyte,Leyte,2023,234923.84,official_psa
coconut_mature,Coconut Mature,province,REGION VIII (EASTERN VISAYAS),Leyte,Leyte,2024,234327.88,official_psa
coconut_mature,Coconut Mature,province,REGION VIII (EASTERN VISAYAS),Leyte,Leyte,2025,234730.0,official_psa
coconut_mature,Coconut Mature,province,REGION VIII (EASTERN VISAYAS),Leyte,Leyte,2026,163259.42,estimated_gap
coconut_mature,Coconut Mature,province,REGION VIII (EASTERN VISAYAS),Northern Samar,Northern Samar,2010,325936.15,official_psa
coconut_mature,Coconut Mature,province,REGION VIII (EASTERN VISAYAS),Northern Samar,Northern Samar,2011,335670.93,official_psa
coconut_mature,Coconut Mature,province,REGION VIII (EASTERN VISAYAS),Northern Samar,Northern Samar,2012,343139.2,official_psa
coconut_mature,Coconut Mature,province,REGION VIII (EASTERN VISAYAS),Northern Samar,Northern Samar,2013,353570.96,official_psa
coconut_mature,Coconut Mature,province,REGION VIII (EASTERN VISAYAS),Northern Samar,Northern Samar,2014,364195.09,official_psa
coconut_mature,Coconut Mature,province,REGION VIII (EASTERN VISAYAS),Northern Samar,Northern Samar,2015,360332.7,official_psa
coconut_mature,Coconut Mature,province,REGION VIII (EASTERN VISAYAS),Northern Samar,Northern Samar,2016,268120.6,official_psa
coconut_mature,Coconut Mature,province,REGION VIII (EASTERN VISAYAS),Northern Samar,Northern Samar,2017,266893.4,official_psa
coconut_mature,Coconut Mature,province,REGION VIII (EASTERN VISAYAS),Northern Samar,Northern Samar,2018,268016.7,official_psa
coconut_mature,Coconut Mature,province,REGION VIII (EASTERN VISAYAS),Northern Samar,Northern Samar,2019,270640.25,official_psa
coconut_mature,Coconut Mature,province,REGION VIII (EASTERN VISAYAS),Northern Samar,Northern Samar,2020,259715.0,official_psa
coconut_mature,Coconut Mature,province,REGION VIII (EASTERN VISAYAS),Northern Samar,Northern Samar,2021,259700.0,official_psa
coconut_mature,Coconut Mature,province,REGION VIII (EASTERN VISAYAS),Northern Samar,Northern Samar,2022,260150.0,official_psa
coconut_mature,Coconut Mature,province,REGION VIII (EASTERN VISAYAS),Northern Samar,Northern Samar,2023,262757.0,official_psa
coconut_mature,Coconut Mature,province,REGION VIII (EASTERN VISAYAS),Northern Samar,Northern Samar,2024,263320.0,official_psa
coconut_mature,Coconut Mature,province,REGION VIII (EASTERN VISAYAS),Northern Samar,Northern Samar,2025,263807.0,official_psa
coconut_mature,Coconut Mature,province,REGION VIII (EASTERN VISAYAS),Northern Samar,Northern Samar,2026,233865.96,estimated_gap
coconut_mature,Coconut Mature,province,REGION VIII (EASTERN VISAYAS),Samar,Samar,2010,293305.0,official_psa
coconut_mature,Coconut Mature,province,REGION VIII (EASTERN VISAYAS),Samar,Samar,2011,291030.0,official_psa
coconut_mature,Coconut Mature,province,REGION VIII (EASTERN VISAYAS),Samar,Samar,2012,291075.0,official_psa
coconut_mature,Coconut Mature,province,REGION VIII (EASTERN VISAYAS),Samar,Samar,2013,284530.0,official_psa
coconut_mature,Coconut Mature,province,REGION VIII (EASTERN VISAYAS),Samar,Samar,2014,261540.0,official_psa
coconut_mature,Coconut Mature,province,REGION VIII (EASTERN VISAYAS),Samar,Samar,2015,264945.0,official_psa
coconut_mature,Coconut Mature,province,REGION VIII (EASTERN VISAYAS),Samar,Samar,2016,258915.0,official_psa
coconut_mature,Coconut Mature,province,REGION VIII (EASTERN VISAYAS),Samar,Samar,2017,264650.0,official_psa
coconut_mature,Coconut Mature,province,REGION VIII (EASTERN VISAYAS),Samar,Samar,2018,270882.48,official_psa
coconut_mature,Coconut Mature,province,REGION VIII (EASTERN VISAYAS),Samar,Samar,2019,271459.0,official_psa
coconut_mature,Coconut Mature,province,REGION VIII (EASTERN VISAYAS),Samar,Samar,2020,284359.86,official_psa
coconut_mature,Coconut Mature,province,REGION VIII (EASTERN VISAYAS),Samar,Samar,2021,295933.72,official_psa
coconut_mature,Coconut Mature,province,REGION VIII (EASTERN VISAYAS),Samar,Samar,2022,316608.75,official_psa
coconut_mature,Coconut Mature,province,REGION VIII (EASTERN VISAYAS),Samar,Samar,2023,336966.29,official_psa
coconut_mature,Coconut Mature,province,REGION VIII (EASTERN VISAYAS),Samar,Samar,2024,332966.24,official_psa
coconut_mature,Coconut Mature,province,REGION VIII (EASTERN VISAYAS),Samar,Samar,2025,327417.86,official_psa
coconut_mature,Coconut Mature,province,REGION VIII (EASTERN VISAYAS),Samar,Samar,2026,326764.79,estimated_gap
coconut_mature,Coconut Mature,province,REGION VIII (EASTERN VISAYAS),Southern Leyte,Southern Leyte,2010,125075.0,official_psa
coconut_mature,Coconut Mature,province,REGION VIII (EASTERN VISAYAS),Southern Leyte,Southern Leyte,2011,125892.0,official_psa
coconut_mature,Coconut Mature,province,REGION VIII (EASTERN VISAYAS),Southern Leyte,Southern Leyte,2012,123390.7,official_psa
coconut_mature,Coconut Mature,province,REGION VIII (EASTERN VISAYAS),Southern Leyte,Southern Leyte,2013,127446.86,official_psa
coconut_mature,Coconut Mature,province,REGION VIII (EASTERN VISAYAS),Southern Leyte,Southern Leyte,2014,127419.04,official_psa
coconut_mature,Coconut Mature,province,REGION VIII (EASTERN VISAYAS),Southern Leyte,Southern Leyte,2015,126060.62,official_psa
coconut_mature,Coconut Mature,province,REGION VIII (EASTERN VISAYAS),Southern Leyte,Southern Leyte,2016,127044.14,official_psa
coconut_mature,Coconut Mature,province,REGION VIII (EASTERN VISAYAS),Southern Leyte,Southern Leyte,2017,127147.01,official_psa
coconut_mature,Coconut Mature,province,REGION VIII (EASTERN VISAYAS),Southern Leyte,Southern Leyte,2018,127347.53,official_psa
coconut_mature,Coconut Mature,province,REGION VIII (EASTERN VISAYAS),Southern Leyte,Southern Leyte,2019,127431.33,official_psa
coconut_mature,Coconut Mature,province,REGION VIII (EASTERN VISAYAS),Southern Leyte,Southern Leyte,2020,128194.12,official_psa
coconut_mature,Coconut Mature,province,REGION VIII (EASTERN VISAYAS),Southern Leyte,Southern Leyte,2021,129316.99,official_psa
coconut_mature,Coconut Mature,province,REGION VIII (EASTERN VISAYAS),Southern Leyte,Southern Leyte,2022,89694.2,official_psa
coconut_mature,Coconut Mature,province,REGION VIII (EASTERN VISAYAS),Southern Leyte,Southern Leyte,2023,94259.0,official_psa
coconut_mature,Coconut Mature,province,REGION VIII (EASTERN VISAYAS),Southern Leyte,Southern Leyte,2024,94081.87,official_psa
coconut_mature,Coconut Mature,province,REGION VIII (EASTERN VISAYAS),Southern Leyte,Southern Leyte,2025,77931.35,official_psa
coconut_mature,Coconut Mature,province,REGION VIII (EASTERN VISAYAS),Southern Leyte,Southern Leyte,2026,79116.16,estimated_gap
coconut_mature,Coconut Mature,region,REGION IX (ZAMBOANGA PENINSULA),,REGION IX (ZAMBOANGA PENINSULA),2010,1638058.47,official_psa
coconut_mature,Coconut Mature,region,REGION IX (ZAMBOANGA PENINSULA),,REGION IX (ZAMBOANGA PENINSULA),2011,1487188.26,official_psa
coconut_mature,Coconut Mature,region,REGION IX (ZAMBOANGA PENINSULA),,REGION IX (ZAMBOANGA PENINSULA),2012,1647529.7,official_psa
coconut_mature,Coconut Mature,region,REGION IX (ZAMBOANGA PENINSULA),,REGION IX (ZAMBOANGA PENINSULA),2013,1658934.82,official_psa
coconut_mature,Coconut Mature,region,REGION IX (ZAMBOANGA PENINSULA),,REGION IX (ZAMBOANGA PENINSULA),2014,1576676.22,official_psa
coconut_mature,Coconut Mature,region,REGION IX (ZAMBOANGA PENINSULA),,REGION IX (ZAMBOANGA PENINSULA),2015,1602520.49,official_psa
coconut_mature,Coconut Mature,region,REGION IX (ZAMBOANGA PENINSULA),,REGION IX (ZAMBOANGA PENINSULA),2016,1454629.3,official_psa
coconut_mature,Coconut Mature,region,REGION IX (ZAMBOANGA PENINSULA),,REGION IX (ZAMBOANGA PENINSULA),2017,1630698.92,official_psa
coconut_mature,Coconut Mature,region,REGION IX (ZAMBOANGA PENINSULA),,REGION IX (ZAMBOANGA PENINSULA),2018,1702566.96,official_psa
coconut_mature,Coconut Mature,region,REGION IX (ZAMBOANGA PENINSULA),,REGION IX (ZAMBOANGA PENINSULA),2019,1677360.02,official_psa
coconut_mature,Coconut Mature,region,REGION IX (ZAMBOANGA PENINSULA),,REGION IX (ZAMBOANGA PENINSULA),2020,1675318.15,official_psa
coconut_mature,Coconut Mature,region,REGION IX (ZAMBOANGA PENINSULA),,REGION IX (ZAMBOANGA PENINSULA),2021,1729829.25,official_psa
coconut_mature,Coconut Mature,region,REGION IX (ZAMBOANGA PENINSULA),,REGION IX (ZAMBOANGA PENINSULA),2022,1771093.08,official_psa
coconut_mature,Coconut Mature,region,REGION IX (ZAMBOANGA PENINSULA),,REGION IX (ZAMBOANGA PENINSULA),2023,1765942.16,official_psa
coconut_mature,Coconut Mature,region,REGION IX (ZAMBOANGA PENINSULA),,REGION IX (ZAMBOANGA PENINSULA),2024,1741410.99,official_psa
coconut_mature,Coconut Mature,region,REGION IX (ZAMBOANGA PENINSULA),,REGION IX (ZAMBOANGA PENINSULA),2025,1718082.87,official_psa
coconut_mature,Coconut Mature,region,REGION IX (ZAMBOANGA PENINSULA),,REGION IX (ZAMBOANGA PENINSULA),2026,1762555.95,estimated_gap
coconut_mature,Coconut Mature,province,REGION IX (ZAMBOANGA PENINSULA),Sulu,Sulu,2010,200363.0,estimated_gap
coconut_mature,Coconut Mature,province,REGION IX (ZAMBOANGA PENINSULA),Sulu,Sulu,2011,203563.0,estimated_gap
coconut_mature,Coconut Mature,province,REGION IX (ZAMBOANGA PENINSULA),Sulu,Sulu,2012,205641.5,estimated_gap
coconut_mature,Coconut Mature,province,REGION IX (ZAMBOANGA PENINSULA),Sulu,Sulu,2013,207855.25,estimated_gap
coconut_mature,Coconut Mature,province,REGION IX (ZAMBOANGA PENINSULA),Sulu,Sulu,2014,211581.62,estimated_gap
coconut_mature,Coconut Mature,province,REGION IX (ZAMBOANGA PENINSULA),Sulu,Sulu,2015,210805.81,estimated_gap
coconut_mature,Coconut Mature,province,REGION IX (ZAMBOANGA PENINSULA),Sulu,Sulu,2016,212439.45,estimated_gap
coconut_mature,Coconut Mature,province,REGION IX (ZAMBOANGA PENINSULA),Sulu,Sulu,2017,214782.23,estimated_gap
coconut_mature,Coconut Mature,province,REGION IX (ZAMBOANGA PENINSULA),Sulu,Sulu,2018,215856.11,estimated_gap
coconut_mature,Coconut Mature,province,REGION IX (ZAMBOANGA PENINSULA),Sulu,Sulu,2019,215708.06,estimated_gap
coconut_mature,Coconut Mature,province,REGION IX (ZAMBOANGA PENINSULA),Sulu,Sulu,2020,215954.03,estimated_gap
coconut_mature,Coconut Mature,province,REGION IX (ZAMBOANGA PENINSULA),Sulu,Sulu,2021,216157.51,estimated_gap
coconut_mature,Coconut Mature,province,REGION IX (ZAMBOANGA PENINSULA),Sulu,Sulu,2022,216258.76,estimated_gap
coconut_mature,Coconut Mature,province,REGION IX (ZAMBOANGA PENINSULA),Sulu,Sulu,2023,216004.38,estimated_gap
coconut_mature,Coconut Mature,province,REGION IX (ZAMBOANGA PENINSULA),Sulu,Sulu,2024,639400.06,official_psa
coconut_mature,Coconut Mature,province,REGION IX (ZAMBOANGA PENINSULA),Sulu,Sulu,2025,215495.92,estimated_gap
coconut_mature,Coconut Mature,province,REGION IX (ZAMBOANGA PENINSULA),Sulu,Sulu,2026,231387.72,estimated_gap
coconut_mature,Coconut Mature,province,REGION IX (ZAMBOANGA PENINSULA),Zamboanga del Norte,Zamboanga del Norte,2010,710960.49,official_psa
coconut_mature,Coconut Mature,province,REGION IX (ZAMBOANGA PENINSULA),Zamboanga del Norte,Zamboanga del Norte,2011,597350.65,official_psa
coconut_mature,Coconut Mature,province,REGION IX (ZAMBOANGA PENINSULA),Zamboanga del Norte,Zamboanga del Norte,2012,752252.29,official_psa
coconut_mature,Coconut Mature,province,REGION IX (ZAMBOANGA PENINSULA),Zamboanga del Norte,Zamboanga del Norte,2013,764177.19,official_psa
coconut_mature,Coconut Mature,province,REGION IX (ZAMBOANGA PENINSULA),Zamboanga del Norte,Zamboanga del Norte,2014,733890.67,official_psa
coconut_mature,Coconut Mature,province,REGION IX (ZAMBOANGA PENINSULA),Zamboanga del Norte,Zamboanga del Norte,2015,781587.67,official_psa
coconut_mature,Coconut Mature,province,REGION IX (ZAMBOANGA PENINSULA),Zamboanga del Norte,Zamboanga del Norte,2016,663426.65,official_psa
coconut_mature,Coconut Mature,province,REGION IX (ZAMBOANGA PENINSULA),Zamboanga del Norte,Zamboanga del Norte,2017,778540.95,official_psa
coconut_mature,Coconut Mature,province,REGION IX (ZAMBOANGA PENINSULA),Zamboanga del Norte,Zamboanga del Norte,2018,847587.3,official_psa
coconut_mature,Coconut Mature,province,REGION IX (ZAMBOANGA PENINSULA),Zamboanga del Norte,Zamboanga del Norte,2019,836697.58,official_psa
coconut_mature,Coconut Mature,province,REGION IX (ZAMBOANGA PENINSULA),Zamboanga del Norte,Zamboanga del Norte,2020,840101.88,official_psa
coconut_mature,Coconut Mature,province,REGION IX (ZAMBOANGA PENINSULA),Zamboanga del Norte,Zamboanga del Norte,2021,858650.91,official_psa
coconut_mature,Coconut Mature,province,REGION IX (ZAMBOANGA PENINSULA),Zamboanga del Norte,Zamboanga del Norte,2022,843193.41,official_psa
coconut_mature,Coconut Mature,province,REGION IX (ZAMBOANGA PENINSULA),Zamboanga del Norte,Zamboanga del Norte,2023,852399.52,official_psa
coconut_mature,Coconut Mature,province,REGION IX (ZAMBOANGA PENINSULA),Zamboanga del Norte,Zamboanga del Norte,2024,843182.03,official_psa
coconut_mature,Coconut Mature,province,REGION IX (ZAMBOANGA PENINSULA),Zamboanga del Norte,Zamboanga del Norte,2025,850607.07,official_psa
coconut_mature,Coconut Mature,province,REGION IX (ZAMBOANGA PENINSULA),Zamboanga del Norte,Zamboanga del Norte,2026,837988.88,estimated_gap
coconut_mature,Coconut Mature,province,REGION IX (ZAMBOANGA PENINSULA),Zamboanga del Sur,Zamboanga del Sur,2010,563829.46,official_psa
coconut_mature,Coconut Mature,province,REGION IX (ZAMBOANGA PENINSULA),Zamboanga del Sur,Zamboanga del Sur,2011,538844.99,official_psa
coconut_mature,Coconut Mature,province,REGION IX (ZAMBOANGA PENINSULA),Zamboanga del Sur,Zamboanga del Sur,2012,550961.05,official_psa
coconut_mature,Coconut Mature,province,REGION IX (ZAMBOANGA PENINSULA),Zamboanga del Sur,Zamboanga del Sur,2013,547884.99,official_psa
coconut_mature,Coconut Mature,province,REGION IX (ZAMBOANGA PENINSULA),Zamboanga del Sur,Zamboanga del Sur,2014,496169.39,official_psa
coconut_mature,Coconut Mature,province,REGION IX (ZAMBOANGA PENINSULA),Zamboanga del Sur,Zamboanga del Sur,2015,473364.65,official_psa
coconut_mature,Coconut Mature,province,REGION IX (ZAMBOANGA PENINSULA),Zamboanga del Sur,Zamboanga del Sur,2016,454644.23,official_psa
coconut_mature,Coconut Mature,province,REGION IX (ZAMBOANGA PENINSULA),Zamboanga del Sur,Zamboanga del Sur,2017,494429.97,official_psa
coconut_mature,Coconut Mature,province,REGION IX (ZAMBOANGA PENINSULA),Zamboanga del Sur,Zamboanga del Sur,2018,506437.36,official_psa
coconut_mature,Coconut Mature,province,REGION IX (ZAMBOANGA PENINSULA),Zamboanga del Sur,Zamboanga del Sur,2019,481891.12,official_psa
coconut_mature,Coconut Mature,province,REGION IX (ZAMBOANGA PENINSULA),Zamboanga del Sur,Zamboanga del Sur,2020,473866.07,official_psa
coconut_mature,Coconut Mature,province,REGION IX (ZAMBOANGA PENINSULA),Zamboanga del Sur,Zamboanga del Sur,2021,497806.31,official_psa
coconut_mature,Coconut Mature,province,REGION IX (ZAMBOANGA PENINSULA),Zamboanga del Sur,Zamboanga del Sur,2022,528425.76,official_psa
coconut_mature,Coconut Mature,province,REGION IX (ZAMBOANGA PENINSULA),Zamboanga del Sur,Zamboanga del Sur,2023,648209.32,official_psa
coconut_mature,Coconut Mature,province,REGION IX (ZAMBOANGA PENINSULA),Zamboanga del Sur,Zamboanga del Sur,2024,645427.06,official_psa
coconut_mature,Coconut Mature,province,REGION IX (ZAMBOANGA PENINSULA),Zamboanga del Sur,Zamboanga del Sur,2025,503515.1,official_psa
coconut_mature,Coconut Mature,province,REGION IX (ZAMBOANGA PENINSULA),Zamboanga del Sur,Zamboanga del Sur,2026,400492.45,estimated_gap
coconut_mature,Coconut Mature,province,REGION IX (ZAMBOANGA PENINSULA),Zamboanga Sibugay,Zamboanga Sibugay,2010,189877.07,official_psa
coconut_mature,Coconut Mature,province,REGION IX (ZAMBOANGA PENINSULA),Zamboanga Sibugay,Zamboanga Sibugay,2011,186174.44,official_psa
coconut_mature,Coconut Mature,province,REGION IX (ZAMBOANGA PENINSULA),Zamboanga Sibugay,Zamboanga Sibugay,2012,191489.95,official_psa
coconut_mature,Coconut Mature,province,REGION IX (ZAMBOANGA PENINSULA),Zamboanga Sibugay,Zamboanga Sibugay,2013,192626.1,official_psa
coconut_mature,Coconut Mature,province,REGION IX (ZAMBOANGA PENINSULA),Zamboanga Sibugay,Zamboanga Sibugay,2014,190917.7,official_psa
coconut_mature,Coconut Mature,province,REGION IX (ZAMBOANGA PENINSULA),Zamboanga Sibugay,Zamboanga Sibugay,2015,190742.04,official_psa
coconut_mature,Coconut Mature,province,REGION IX (ZAMBOANGA PENINSULA),Zamboanga Sibugay,Zamboanga Sibugay,2016,191346.97,official_psa
coconut_mature,Coconut Mature,province,REGION IX (ZAMBOANGA PENINSULA),Zamboanga Sibugay,Zamboanga Sibugay,2017,221836.22,official_psa
coconut_mature,Coconut Mature,province,REGION IX (ZAMBOANGA PENINSULA),Zamboanga Sibugay,Zamboanga Sibugay,2018,213480.46,official_psa
coconut_mature,Coconut Mature,province,REGION IX (ZAMBOANGA PENINSULA),Zamboanga Sibugay,Zamboanga Sibugay,2019,221497.06,official_psa
coconut_mature,Coconut Mature,province,REGION IX (ZAMBOANGA PENINSULA),Zamboanga Sibugay,Zamboanga Sibugay,2020,225248.62,official_psa
coconut_mature,Coconut Mature,province,REGION IX (ZAMBOANGA PENINSULA),Zamboanga Sibugay,Zamboanga Sibugay,2021,238082.12,official_psa
coconut_mature,Coconut Mature,province,REGION IX (ZAMBOANGA PENINSULA),Zamboanga Sibugay,Zamboanga Sibugay,2022,262191.42,official_psa
coconut_mature,Coconut Mature,province,REGION IX (ZAMBOANGA PENINSULA),Zamboanga Sibugay,Zamboanga Sibugay,2023,265333.32,official_psa
coconut_mature,Coconut Mature,province,REGION IX (ZAMBOANGA PENINSULA),Zamboanga Sibugay,Zamboanga Sibugay,2024,252801.9,official_psa
coconut_mature,Coconut Mature,province,REGION IX (ZAMBOANGA PENINSULA),Zamboanga Sibugay,Zamboanga Sibugay,2025,252537.08,official_psa
coconut_mature,Coconut Mature,province,REGION IX (ZAMBOANGA PENINSULA),Zamboanga Sibugay,Zamboanga Sibugay,2026,244733.75,estimated_gap
coconut_mature,Coconut Mature,province,REGION IX (ZAMBOANGA PENINSULA),City of Zamboanga,City of Zamboanga,2010,173391.45,official_psa
coconut_mature,Coconut Mature,province,REGION IX (ZAMBOANGA PENINSULA),City of Zamboanga,City of Zamboanga,2011,164818.19,official_psa
coconut_mature,Coconut Mature,province,REGION IX (ZAMBOANGA PENINSULA),City of Zamboanga,City of Zamboanga,2012,152826.4,official_psa
coconut_mature,Coconut Mature,province,REGION IX (ZAMBOANGA PENINSULA),City of Zamboanga,City of Zamboanga,2013,154246.55,official_psa
coconut_mature,Coconut Mature,province,REGION IX (ZAMBOANGA PENINSULA),City of Zamboanga,City of Zamboanga,2014,155698.46,official_psa
coconut_mature,Coconut Mature,province,REGION IX (ZAMBOANGA PENINSULA),City of Zamboanga,City of Zamboanga,2015,156826.14,official_psa
coconut_mature,Coconut Mature,province,REGION IX (ZAMBOANGA PENINSULA),City of Zamboanga,City of Zamboanga,2016,145211.45,official_psa
coconut_mature,Coconut Mature,province,REGION IX (ZAMBOANGA PENINSULA),City of Zamboanga,City of Zamboanga,2017,135891.78,official_psa
coconut_mature,Coconut Mature,province,REGION IX (ZAMBOANGA PENINSULA),City of Zamboanga,City of Zamboanga,2018,135061.84,official_psa
coconut_mature,Coconut Mature,province,REGION IX (ZAMBOANGA PENINSULA),City of Zamboanga,City of Zamboanga,2019,137274.26,official_psa
coconut_mature,Coconut Mature,province,REGION IX (ZAMBOANGA PENINSULA),City of Zamboanga,City of Zamboanga,2020,136101.58,official_psa
coconut_mature,Coconut Mature,province,REGION IX (ZAMBOANGA PENINSULA),City of Zamboanga,City of Zamboanga,2021,135289.91,official_psa
coconut_mature,Coconut Mature,province,REGION IX (ZAMBOANGA PENINSULA),City of Zamboanga,City of Zamboanga,2022,137282.49,official_psa
coconut_mature,Coconut Mature,province,REGION IX (ZAMBOANGA PENINSULA),City of Zamboanga,City of Zamboanga,2023,128662.86,estimated_gap
coconut_mature,Coconut Mature,province,REGION IX (ZAMBOANGA PENINSULA),City of Zamboanga,City of Zamboanga,2024,120043.24,estimated_gap
coconut_mature,Coconut Mature,province,REGION IX (ZAMBOANGA PENINSULA),City of Zamboanga,City of Zamboanga,2025,111423.61,official_psa
coconut_mature,Coconut Mature,province,REGION IX (ZAMBOANGA PENINSULA),City of Zamboanga,City of Zamboanga,2026,126956.0,estimated_gap
coconut_mature,Coconut Mature,region,REGION X (NORTHERN MINDANAO),,REGION X (NORTHERN MINDANAO),2010,1748692.11,official_psa
coconut_mature,Coconut Mature,region,REGION X (NORTHERN MINDANAO),,REGION X (NORTHERN MINDANAO),2011,1737392.82,official_psa
coconut_mature,Coconut Mature,region,REGION X (NORTHERN MINDANAO),,REGION X (NORTHERN MINDANAO),2012,1807490.65,official_psa
coconut_mature,Coconut Mature,region,REGION X (NORTHERN MINDANAO),,REGION X (NORTHERN MINDANAO),2013,1809063.65,official_psa
coconut_mature,Coconut Mature,region,REGION X (NORTHERN MINDANAO),,REGION X (NORTHERN MINDANAO),2014,1830495.09,official_psa
coconut_mature,Coconut Mature,region,REGION X (NORTHERN MINDANAO),,REGION X (NORTHERN MINDANAO),2015,1843707.09,official_psa
coconut_mature,Coconut Mature,region,REGION X (NORTHERN MINDANAO),,REGION X (NORTHERN MINDANAO),2016,1794718.9,official_psa
coconut_mature,Coconut Mature,region,REGION X (NORTHERN MINDANAO),,REGION X (NORTHERN MINDANAO),2017,1799019.31,official_psa
coconut_mature,Coconut Mature,region,REGION X (NORTHERN MINDANAO),,REGION X (NORTHERN MINDANAO),2018,1831567.51,official_psa
coconut_mature,Coconut Mature,region,REGION X (NORTHERN MINDANAO),,REGION X (NORTHERN MINDANAO),2019,1828819.31,official_psa
coconut_mature,Coconut Mature,region,REGION X (NORTHERN MINDANAO),,REGION X (NORTHERN MINDANAO),2020,1851497.99,official_psa
coconut_mature,Coconut Mature,region,REGION X (NORTHERN MINDANAO),,REGION X (NORTHERN MINDANAO),2021,1857436.74,official_psa
coconut_mature,Coconut Mature,region,REGION X (NORTHERN MINDANAO),,REGION X (NORTHERN MINDANAO),2022,1864396.24,official_psa
coconut_mature,Coconut Mature,region,REGION X (NORTHERN MINDANAO),,REGION X (NORTHERN MINDANAO),2023,1880562.32,official_psa
coconut_mature,Coconut Mature,region,REGION X (NORTHERN MINDANAO),,REGION X (NORTHERN MINDANAO),2024,1800795.31,official_psa
coconut_mature,Coconut Mature,region,REGION X (NORTHERN MINDANAO),,REGION X (NORTHERN MINDANAO),2025,1822655.56,official_psa
coconut_mature,Coconut Mature,region,REGION X (NORTHERN MINDANAO),,REGION X (NORTHERN MINDANAO),2026,1832833.62,estimated_gap
coconut_mature,Coconut Mature,province,REGION X (NORTHERN MINDANAO),Bukidnon,Bukidnon,2010,48681.23,official_psa
coconut_mature,Coconut Mature,province,REGION X (NORTHERN MINDANAO),Bukidnon,Bukidnon,2011,44096.79,official_psa
coconut_mature,Coconut Mature,province,REGION X (NORTHERN MINDANAO),Bukidnon,Bukidnon,2012,53228.34,official_psa
coconut_mature,Coconut Mature,province,REGION X (NORTHERN MINDANAO),Bukidnon,Bukidnon,2013,52723.87,official_psa
coconut_mature,Coconut Mature,province,REGION X (NORTHERN MINDANAO),Bukidnon,Bukidnon,2014,53998.46,official_psa
coconut_mature,Coconut Mature,province,REGION X (NORTHERN MINDANAO),Bukidnon,Bukidnon,2015,52751.71,official_psa
coconut_mature,Coconut Mature,province,REGION X (NORTHERN MINDANAO),Bukidnon,Bukidnon,2016,39707.92,official_psa
coconut_mature,Coconut Mature,province,REGION X (NORTHERN MINDANAO),Bukidnon,Bukidnon,2017,38761.91,official_psa
coconut_mature,Coconut Mature,province,REGION X (NORTHERN MINDANAO),Bukidnon,Bukidnon,2018,48347.19,official_psa
coconut_mature,Coconut Mature,province,REGION X (NORTHERN MINDANAO),Bukidnon,Bukidnon,2019,50509.04,official_psa
coconut_mature,Coconut Mature,province,REGION X (NORTHERN MINDANAO),Bukidnon,Bukidnon,2020,47955.4,official_psa
coconut_mature,Coconut Mature,province,REGION X (NORTHERN MINDANAO),Bukidnon,Bukidnon,2021,49088.43,official_psa
coconut_mature,Coconut Mature,province,REGION X (NORTHERN MINDANAO),Bukidnon,Bukidnon,2022,51246.03,official_psa
coconut_mature,Coconut Mature,province,REGION X (NORTHERN MINDANAO),Bukidnon,Bukidnon,2023,52132.46,official_psa
coconut_mature,Coconut Mature,province,REGION X (NORTHERN MINDANAO),Bukidnon,Bukidnon,2024,48642.86,official_psa
coconut_mature,Coconut Mature,province,REGION X (NORTHERN MINDANAO),Bukidnon,Bukidnon,2025,44582.14,official_psa
coconut_mature,Coconut Mature,province,REGION X (NORTHERN MINDANAO),Bukidnon,Bukidnon,2026,49462.35,estimated_gap
coconut_mature,Coconut Mature,province,REGION X (NORTHERN MINDANAO),Camiguin,Camiguin,2010,103420.88,official_psa
coconut_mature,Coconut Mature,province,REGION X (NORTHERN MINDANAO),Camiguin,Camiguin,2011,102997.84,official_psa
coconut_mature,Coconut Mature,province,REGION X (NORTHERN MINDANAO),Camiguin,Camiguin,2012,107790.74,official_psa
coconut_mature,Coconut Mature,province,REGION X (NORTHERN MINDANAO),Camiguin,Camiguin,2013,106426.1,official_psa
coconut_mature,Coconut Mature,province,REGION X (NORTHERN MINDANAO),Camiguin,Camiguin,2014,104074.63,official_psa
coconut_mature,Coconut Mature,province,REGION X (NORTHERN MINDANAO),Camiguin,Camiguin,2015,102205.01,official_psa
coconut_mature,Coconut Mature,province,REGION X (NORTHERN MINDANAO),Camiguin,Camiguin,2016,100255.39,official_psa
coconut_mature,Coconut Mature,province,REGION X (NORTHERN MINDANAO),Camiguin,Camiguin,2017,96766.5,official_psa
coconut_mature,Coconut Mature,province,REGION X (NORTHERN MINDANAO),Camiguin,Camiguin,2018,98318.32,official_psa
coconut_mature,Coconut Mature,province,REGION X (NORTHERN MINDANAO),Camiguin,Camiguin,2019,96936.69,official_psa
coconut_mature,Coconut Mature,province,REGION X (NORTHERN MINDANAO),Camiguin,Camiguin,2020,96152.61,official_psa
coconut_mature,Coconut Mature,province,REGION X (NORTHERN MINDANAO),Camiguin,Camiguin,2021,100247.69,official_psa
coconut_mature,Coconut Mature,province,REGION X (NORTHERN MINDANAO),Camiguin,Camiguin,2022,95623.22,official_psa
coconut_mature,Coconut Mature,province,REGION X (NORTHERN MINDANAO),Camiguin,Camiguin,2023,98143.03,official_psa
coconut_mature,Coconut Mature,province,REGION X (NORTHERN MINDANAO),Camiguin,Camiguin,2024,93616.25,official_psa
coconut_mature,Coconut Mature,province,REGION X (NORTHERN MINDANAO),Camiguin,Camiguin,2025,89545.19,official_psa
coconut_mature,Coconut Mature,province,REGION X (NORTHERN MINDANAO),Camiguin,Camiguin,2026,96964.06,estimated_gap
coconut_mature,Coconut Mature,province,REGION X (NORTHERN MINDANAO),Lanao del Norte,Lanao del Norte,2010,564757.8,official_psa
coconut_mature,Coconut Mature,province,REGION X (NORTHERN MINDANAO),Lanao del Norte,Lanao del Norte,2011,560513.0,official_psa
coconut_mature,Coconut Mature,province,REGION X (NORTHERN MINDANAO),Lanao del Norte,Lanao del Norte,2012,571538.0,official_psa
coconut_mature,Coconut Mature,province,REGION X (NORTHERN MINDANAO),Lanao del Norte,Lanao del Norte,2013,574595.68,official_psa
coconut_mature,Coconut Mature,province,REGION X (NORTHERN MINDANAO),Lanao del Norte,Lanao del Norte,2014,581650.0,official_psa
coconut_mature,Coconut Mature,province,REGION X (NORTHERN MINDANAO),Lanao del Norte,Lanao del Norte,2015,584474.59,official_psa
coconut_mature,Coconut Mature,province,REGION X (NORTHERN MINDANAO),Lanao del Norte,Lanao del Norte,2016,575512.59,official_psa
coconut_mature,Coconut Mature,province,REGION X (NORTHERN MINDANAO),Lanao del Norte,Lanao del Norte,2017,574587.0,official_psa
coconut_mature,Coconut Mature,province,REGION X (NORTHERN MINDANAO),Lanao del Norte,Lanao del Norte,2018,575845.0,official_psa
coconut_mature,Coconut Mature,province,REGION X (NORTHERN MINDANAO),Lanao del Norte,Lanao del Norte,2019,577084.47,official_psa
coconut_mature,Coconut Mature,province,REGION X (NORTHERN MINDANAO),Lanao del Norte,Lanao del Norte,2020,577711.0,official_psa
coconut_mature,Coconut Mature,province,REGION X (NORTHERN MINDANAO),Lanao del Norte,Lanao del Norte,2021,577681.0,official_psa
coconut_mature,Coconut Mature,province,REGION X (NORTHERN MINDANAO),Lanao del Norte,Lanao del Norte,2022,577955.0,official_psa
coconut_mature,Coconut Mature,province,REGION X (NORTHERN MINDANAO),Lanao del Norte,Lanao del Norte,2023,579563.0,official_psa
coconut_mature,Coconut Mature,province,REGION X (NORTHERN MINDANAO),Lanao del Norte,Lanao del Norte,2024,580356.0,official_psa
coconut_mature,Coconut Mature,province,REGION X (NORTHERN MINDANAO),Lanao del Norte,Lanao del Norte,2025,581367.0,official_psa
coconut_mature,Coconut Mature,province,REGION X (NORTHERN MINDANAO),Lanao del Norte,Lanao del Norte,2026,579746.9,estimated_gap
coconut_mature,Coconut Mature,province,REGION X (NORTHERN MINDANAO),Misamis Occidental,Misamis Occidental,2010,540353.54,official_psa
coconut_mature,Coconut Mature,province,REGION X (NORTHERN MINDANAO),Misamis Occidental,Misamis Occidental,2011,545998.95,official_psa
coconut_mature,Coconut Mature,province,REGION X (NORTHERN MINDANAO),Misamis Occidental,Misamis Occidental,2012,557959.0,official_psa
coconut_mature,Coconut Mature,province,REGION X (NORTHERN MINDANAO),Misamis Occidental,Misamis Occidental,2013,561638.0,official_psa
coconut_mature,Coconut Mature,province,REGION X (NORTHERN MINDANAO),Misamis Occidental,Misamis Occidental,2014,572101.0,official_psa
coconut_mature,Coconut Mature,province,REGION X (NORTHERN MINDANAO),Misamis Occidental,Misamis Occidental,2015,581632.0,official_psa
coconut_mature,Coconut Mature,province,REGION X (NORTHERN MINDANAO),Misamis Occidental,Misamis Occidental,2016,569559.0,official_psa
coconut_mature,Coconut Mature,province,REGION X (NORTHERN MINDANAO),Misamis Occidental,Misamis Occidental,2017,569380.9,official_psa
coconut_mature,Coconut Mature,province,REGION X (NORTHERN MINDANAO),Misamis Occidental,Misamis Occidental,2018,571225.0,official_psa
coconut_mature,Coconut Mature,province,REGION X (NORTHERN MINDANAO),Misamis Occidental,Misamis Occidental,2019,564534.56,official_psa
coconut_mature,Coconut Mature,province,REGION X (NORTHERN MINDANAO),Misamis Occidental,Misamis Occidental,2020,563508.26,official_psa
coconut_mature,Coconut Mature,province,REGION X (NORTHERN MINDANAO),Misamis Occidental,Misamis Occidental,2021,564103.61,official_psa
coconut_mature,Coconut Mature,province,REGION X (NORTHERN MINDANAO),Misamis Occidental,Misamis Occidental,2022,563982.49,official_psa
coconut_mature,Coconut Mature,province,REGION X (NORTHERN MINDANAO),Misamis Occidental,Misamis Occidental,2023,568083.23,official_psa
coconut_mature,Coconut Mature,province,REGION X (NORTHERN MINDANAO),Misamis Occidental,Misamis Occidental,2024,566807.13,official_psa
coconut_mature,Coconut Mature,province,REGION X (NORTHERN MINDANAO),Misamis Occidental,Misamis Occidental,2025,586532.32,official_psa
coconut_mature,Coconut Mature,province,REGION X (NORTHERN MINDANAO),Misamis Occidental,Misamis Occidental,2026,581266.24,estimated_gap
coconut_mature,Coconut Mature,province,REGION X (NORTHERN MINDANAO),Misamis Oriental,Misamis Oriental,2010,491478.66,official_psa
coconut_mature,Coconut Mature,province,REGION X (NORTHERN MINDANAO),Misamis Oriental,Misamis Oriental,2011,483786.25,official_psa
coconut_mature,Coconut Mature,province,REGION X (NORTHERN MINDANAO),Misamis Oriental,Misamis Oriental,2012,516974.57,official_psa
coconut_mature,Coconut Mature,province,REGION X (NORTHERN MINDANAO),Misamis Oriental,Misamis Oriental,2013,513680.0,official_psa
coconut_mature,Coconut Mature,province,REGION X (NORTHERN MINDANAO),Misamis Oriental,Misamis Oriental,2014,518671.0,official_psa
coconut_mature,Coconut Mature,province,REGION X (NORTHERN MINDANAO),Misamis Oriental,Misamis Oriental,2015,522643.78,official_psa
coconut_mature,Coconut Mature,province,REGION X (NORTHERN MINDANAO),Misamis Oriental,Misamis Oriental,2016,509684.0,official_psa
coconut_mature,Coconut Mature,province,REGION X (NORTHERN MINDANAO),Misamis Oriental,Misamis Oriental,2017,519523.0,official_psa
coconut_mature,Coconut Mature,province,REGION X (NORTHERN MINDANAO),Misamis Oriental,Misamis Oriental,2018,537832.0,official_psa
coconut_mature,Coconut Mature,province,REGION X (NORTHERN MINDANAO),Misamis Oriental,Misamis Oriental,2019,539754.56,official_psa
coconut_mature,Coconut Mature,province,REGION X (NORTHERN MINDANAO),Misamis Oriental,Misamis Oriental,2020,566170.71,official_psa
coconut_mature,Coconut Mature,province,REGION X (NORTHERN MINDANAO),Misamis Oriental,Misamis Oriental,2021,566316.0,official_psa
coconut_mature,Coconut Mature,province,REGION X (NORTHERN MINDANAO),Misamis Oriental,Misamis Oriental,2022,575589.5,official_psa
coconut_mature,Coconut Mature,province,REGION X (NORTHERN MINDANAO),Misamis Oriental,Misamis Oriental,2023,582640.6,official_psa
coconut_mature,Coconut Mature,province,REGION X (NORTHERN MINDANAO),Misamis Oriental,Misamis Oriental,2024,511373.07,official_psa
coconut_mature,Coconut Mature,province,REGION X (NORTHERN MINDANAO),Misamis Oriental,Misamis Oriental,2025,520628.91,official_psa
coconut_mature,Coconut Mature,province,REGION X (NORTHERN MINDANAO),Misamis Oriental,Misamis Oriental,2026,524349.46,estimated_gap
coconut_mature,Coconut Mature,region,REGION XI (DAVAO REGION),,REGION XI (DAVAO REGION),2010,2631470.64,official_psa
coconut_mature,Coconut Mature,region,REGION XI (DAVAO REGION),,REGION XI (DAVAO REGION),2011,2622163.48,official_psa
coconut_mature,Coconut Mature,region,REGION XI (DAVAO REGION),,REGION XI (DAVAO REGION),2012,2715218.51,official_psa
coconut_mature,Coconut Mature,region,REGION XI (DAVAO REGION),,REGION XI (DAVAO REGION),2013,2270879.6,official_psa
coconut_mature,Coconut Mature,region,REGION XI (DAVAO REGION),,REGION XI (DAVAO REGION),2014,2327049.81,official_psa
coconut_mature,Coconut Mature,region,REGION XI (DAVAO REGION),,REGION XI (DAVAO REGION),2015,2238889.58,official_psa
coconut_mature,Coconut Mature,region,REGION XI (DAVAO REGION),,REGION XI (DAVAO REGION),2016,1886931.67,official_psa
coconut_mature,Coconut Mature,region,REGION XI (DAVAO REGION),,REGION XI (DAVAO REGION),2017,1880281.58,official_psa
coconut_mature,Coconut Mature,region,REGION XI (DAVAO REGION),,REGION XI (DAVAO REGION),2018,1925650.07,official_psa
coconut_mature,Coconut Mature,region,REGION XI (DAVAO REGION),,REGION XI (DAVAO REGION),2019,1924840.08,official_psa
coconut_mature,Coconut Mature,region,REGION XI (DAVAO REGION),,REGION XI (DAVAO REGION),2020,1955488.96,official_psa
coconut_mature,Coconut Mature,region,REGION XI (DAVAO REGION),,REGION XI (DAVAO REGION),2021,1975891.05,official_psa
coconut_mature,Coconut Mature,region,REGION XI (DAVAO REGION),,REGION XI (DAVAO REGION),2022,2005133.14,official_psa
coconut_mature,Coconut Mature,region,REGION XI (DAVAO REGION),,REGION XI (DAVAO REGION),2023,1968856.39,official_psa
coconut_mature,Coconut Mature,region,REGION XI (DAVAO REGION),,REGION XI (DAVAO REGION),2024,1950251.44,official_psa
coconut_mature,Coconut Mature,region,REGION XI (DAVAO REGION),,REGION XI (DAVAO REGION),2025,1978670.75,official_psa
coconut_mature,Coconut Mature,region,REGION XI (DAVAO REGION),,REGION XI (DAVAO REGION),2026,2014755.84,estimated_gap
coconut_mature,Coconut Mature,province,REGION XI (DAVAO REGION),Davao de Oro,Davao de Oro,2010,264817.78,official_psa
coconut_mature,Coconut Mature,province,REGION XI (DAVAO REGION),Davao de Oro,Davao de Oro,2011,250436.93,official_psa
coconut_mature,Coconut Mature,province,REGION XI (DAVAO REGION),Davao de Oro,Davao de Oro,2012,252845.65,official_psa
coconut_mature,Coconut Mature,province,REGION XI (DAVAO REGION),Davao de Oro,Davao de Oro,2013,176421.2,official_psa
coconut_mature,Coconut Mature,province,REGION XI (DAVAO REGION),Davao de Oro,Davao de Oro,2014,179289.73,official_psa
coconut_mature,Coconut Mature,province,REGION XI (DAVAO REGION),Davao de Oro,Davao de Oro,2015,185095.59,official_psa
coconut_mature,Coconut Mature,province,REGION XI (DAVAO REGION),Davao de Oro,Davao de Oro,2016,181737.3,official_psa
coconut_mature,Coconut Mature,province,REGION XI (DAVAO REGION),Davao de Oro,Davao de Oro,2017,182106.58,official_psa
coconut_mature,Coconut Mature,province,REGION XI (DAVAO REGION),Davao de Oro,Davao de Oro,2018,182173.31,official_psa
coconut_mature,Coconut Mature,province,REGION XI (DAVAO REGION),Davao de Oro,Davao de Oro,2019,181832.58,official_psa
coconut_mature,Coconut Mature,province,REGION XI (DAVAO REGION),Davao de Oro,Davao de Oro,2020,183124.24,official_psa
coconut_mature,Coconut Mature,province,REGION XI (DAVAO REGION),Davao de Oro,Davao de Oro,2021,182846.08,official_psa
coconut_mature,Coconut Mature,province,REGION XI (DAVAO REGION),Davao de Oro,Davao de Oro,2022,183293.82,official_psa
coconut_mature,Coconut Mature,province,REGION XI (DAVAO REGION),Davao de Oro,Davao de Oro,2023,180956.22,official_psa
coconut_mature,Coconut Mature,province,REGION XI (DAVAO REGION),Davao de Oro,Davao de Oro,2024,180851.64,official_psa
coconut_mature,Coconut Mature,province,REGION XI (DAVAO REGION),Davao de Oro,Davao de Oro,2025,182791.79,official_psa
coconut_mature,Coconut Mature,province,REGION XI (DAVAO REGION),Davao de Oro,Davao de Oro,2026,182294.36,estimated_gap
coconut_mature,Coconut Mature,province,REGION XI (DAVAO REGION),Davao del Norte,Davao del Norte,2010,240365.29,official_psa
coconut_mature,Coconut Mature,province,REGION XI (DAVAO REGION),Davao del Norte,Davao del Norte,2011,238989.09,official_psa
coconut_mature,Coconut Mature,province,REGION XI (DAVAO REGION),Davao del Norte,Davao del Norte,2012,239292.02,official_psa
coconut_mature,Coconut Mature,province,REGION XI (DAVAO REGION),Davao del Norte,Davao del Norte,2013,227728.84,official_psa
coconut_mature,Coconut Mature,province,REGION XI (DAVAO REGION),Davao del Norte,Davao del Norte,2014,233536.95,official_psa
coconut_mature,Coconut Mature,province,REGION XI (DAVAO REGION),Davao del Norte,Davao del Norte,2015,228481.48,official_psa
coconut_mature,Coconut Mature,province,REGION XI (DAVAO REGION),Davao del Norte,Davao del Norte,2016,218932.58,official_psa
coconut_mature,Coconut Mature,province,REGION XI (DAVAO REGION),Davao del Norte,Davao del Norte,2017,216270.2,official_psa
coconut_mature,Coconut Mature,province,REGION XI (DAVAO REGION),Davao del Norte,Davao del Norte,2018,220533.16,official_psa
coconut_mature,Coconut Mature,province,REGION XI (DAVAO REGION),Davao del Norte,Davao del Norte,2019,211351.92,official_psa
coconut_mature,Coconut Mature,province,REGION XI (DAVAO REGION),Davao del Norte,Davao del Norte,2020,215979.34,official_psa
coconut_mature,Coconut Mature,province,REGION XI (DAVAO REGION),Davao del Norte,Davao del Norte,2021,210187.58,official_psa
coconut_mature,Coconut Mature,province,REGION XI (DAVAO REGION),Davao del Norte,Davao del Norte,2022,212940.23,official_psa
coconut_mature,Coconut Mature,province,REGION XI (DAVAO REGION),Davao del Norte,Davao del Norte,2023,211073.17,official_psa
coconut_mature,Coconut Mature,province,REGION XI (DAVAO REGION),Davao del Norte,Davao del Norte,2024,211075.29,official_psa
coconut_mature,Coconut Mature,province,REGION XI (DAVAO REGION),Davao del Norte,Davao del Norte,2025,219583.96,official_psa
coconut_mature,Coconut Mature,province,REGION XI (DAVAO REGION),Davao del Norte,Davao del Norte,2026,213605.07,estimated_gap
coconut_mature,Coconut Mature,province,REGION XI (DAVAO REGION),Davao del Sur,Davao del Sur,2010,840981.48,official_psa
coconut_mature,Coconut Mature,province,REGION XI (DAVAO REGION),Davao del Sur,Davao del Sur,2011,836274.32,official_psa
coconut_mature,Coconut Mature,province,REGION XI (DAVAO REGION),Davao del Sur,Davao del Sur,2012,893084.73,official_psa
coconut_mature,Coconut Mature,province,REGION XI (DAVAO REGION),Davao del Sur,Davao del Sur,2013,910570.38,official_psa
coconut_mature,Coconut Mature,province,REGION XI (DAVAO REGION),Davao del Sur,Davao del Sur,2014,937068.45,official_psa
coconut_mature,Coconut Mature,province,REGION XI (DAVAO REGION),Davao del Sur,Davao del Sur,2015,869307.08,official_psa
coconut_mature,Coconut Mature,province,REGION XI (DAVAO REGION),Davao del Sur,Davao del Sur,2016,582523.53,official_psa
coconut_mature,Coconut Mature,province,REGION XI (DAVAO REGION),Davao del Sur,Davao del Sur,2017,563159.76,official_psa
coconut_mature,Coconut Mature,province,REGION XI (DAVAO REGION),Davao del Sur,Davao del Sur,2018,612389.72,official_psa
coconut_mature,Coconut Mature,province,REGION XI (DAVAO REGION),Davao del Sur,Davao del Sur,2019,217204.0,official_psa
coconut_mature,Coconut Mature,province,REGION XI (DAVAO REGION),Davao del Sur,Davao del Sur,2020,229843.5,official_psa
coconut_mature,Coconut Mature,province,REGION XI (DAVAO REGION),Davao del Sur,Davao del Sur,2021,230233.93,official_psa
coconut_mature,Coconut Mature,province,REGION XI (DAVAO REGION),Davao del Sur,Davao del Sur,2022,238557.44,official_psa
coconut_mature,Coconut Mature,province,REGION XI (DAVAO REGION),Davao del Sur,Davao del Sur,2023,524466.07,official_psa
coconut_mature,Coconut Mature,province,REGION XI (DAVAO REGION),Davao del Sur,Davao del Sur,2024,517694.73,official_psa
coconut_mature,Coconut Mature,province,REGION XI (DAVAO REGION),Davao del Sur,Davao del Sur,2025,330465.54,official_psa
coconut_mature,Coconut Mature,province,REGION XI (DAVAO REGION),Davao del Sur,Davao del Sur,2026,300625.32,estimated_gap
coconut_mature,Coconut Mature,province,REGION XI (DAVAO REGION),Davao Occidental,Davao Occidental,2010,404414.43,estimated_gap
coconut_mature,Coconut Mature,province,REGION XI (DAVAO REGION),Davao Occidental,Davao Occidental,2011,404414.43,estimated_gap
coconut_mature,Coconut Mature,province,REGION XI (DAVAO REGION),Davao Occidental,Davao Occidental,2012,404414.43,estimated_gap
coconut_mature,Coconut Mature,province,REGION XI (DAVAO REGION),Davao Occidental,Davao Occidental,2013,404414.43,estimated_gap
coconut_mature,Coconut Mature,province,REGION XI (DAVAO REGION),Davao Occidental,Davao Occidental,2014,404414.43,estimated_gap
coconut_mature,Coconut Mature,province,REGION XI (DAVAO REGION),Davao Occidental,Davao Occidental,2015,404414.43,estimated_gap
coconut_mature,Coconut Mature,province,REGION XI (DAVAO REGION),Davao Occidental,Davao Occidental,2016,404414.43,estimated_gap
coconut_mature,Coconut Mature,province,REGION XI (DAVAO REGION),Davao Occidental,Davao Occidental,2017,404414.43,estimated_gap
coconut_mature,Coconut Mature,province,REGION XI (DAVAO REGION),Davao Occidental,Davao Occidental,2018,404414.43,estimated_gap
coconut_mature,Coconut Mature,province,REGION XI (DAVAO REGION),Davao Occidental,Davao Occidental,2019,404414.43,official_psa
coconut_mature,Coconut Mature,province,REGION XI (DAVAO REGION),Davao Occidental,Davao Occidental,2020,403180.59,official_psa
coconut_mature,Coconut Mature,province,REGION XI (DAVAO REGION),Davao Occidental,Davao Occidental,2021,410449.57,official_psa
coconut_mature,Coconut Mature,province,REGION XI (DAVAO REGION),Davao Occidental,Davao Occidental,2022,415699.1,official_psa
coconut_mature,Coconut Mature,province,REGION XI (DAVAO REGION),Davao Occidental,Davao Occidental,2023,413447.67,official_psa
coconut_mature,Coconut Mature,province,REGION XI (DAVAO REGION),Davao Occidental,Davao Occidental,2024,414401.14,official_psa
coconut_mature,Coconut Mature,province,REGION XI (DAVAO REGION),Davao Occidental,Davao Occidental,2025,431099.35,official_psa
coconut_mature,Coconut Mature,province,REGION XI (DAVAO REGION),Davao Occidental,Davao Occidental,2026,415455.02,estimated_gap
coconut_mature,Coconut Mature,province,REGION XI (DAVAO REGION),Davao Oriental,Davao Oriental,2010,1039784.81,official_psa
coconut_mature,Coconut Mature,province,REGION XI (DAVAO REGION),Davao Oriental,Davao Oriental,2011,1044838.17,official_psa
coconut_mature,Coconut Mature,province,REGION XI (DAVAO REGION),Davao Oriental,Davao Oriental,2012,1070232.71,official_psa
coconut_mature,Coconut Mature,province,REGION XI (DAVAO REGION),Davao Oriental,Davao Oriental,2013,692133.37,official_psa
coconut_mature,Coconut Mature,province,REGION XI (DAVAO REGION),Davao Oriental,Davao Oriental,2014,723465.29,official_psa
coconut_mature,Coconut Mature,province,REGION XI (DAVAO REGION),Davao Oriental,Davao Oriental,2015,702382.65,official_psa
coconut_mature,Coconut Mature,province,REGION XI (DAVAO REGION),Davao Oriental,Davao Oriental,2016,652729.65,official_psa
coconut_mature,Coconut Mature,province,REGION XI (DAVAO REGION),Davao Oriental,Davao Oriental,2017,664868.64,official_psa
coconut_mature,Coconut Mature,province,REGION XI (DAVAO REGION),Davao Oriental,Davao Oriental,2018,655984.67,official_psa
coconut_mature,Coconut Mature,province,REGION XI (DAVAO REGION),Davao Oriental,Davao Oriental,2019,656117.31,official_psa
coconut_mature,Coconut Mature,province,REGION XI (DAVAO REGION),Davao Oriental,Davao Oriental,2020,659451.9,official_psa
coconut_mature,Coconut Mature,province,REGION XI (DAVAO REGION),Davao Oriental,Davao Oriental,2021,659067.85,official_psa
coconut_mature,Coconut Mature,province,REGION XI (DAVAO REGION),Davao Oriental,Davao Oriental,2022,656814.71,official_psa
coconut_mature,Coconut Mature,province,REGION XI (DAVAO REGION),Davao Oriental,Davao Oriental,2023,638913.26,official_psa
coconut_mature,Coconut Mature,province,REGION XI (DAVAO REGION),Davao Oriental,Davao Oriental,2024,626228.64,official_psa
coconut_mature,Coconut Mature,province,REGION XI (DAVAO REGION),Davao Oriental,Davao Oriental,2025,636584.7,official_psa
coconut_mature,Coconut Mature,province,REGION XI (DAVAO REGION),Davao Oriental,Davao Oriental,2026,630406.66,estimated_gap
coconut_mature,Coconut Mature,province,REGION XI (DAVAO REGION),City of Davao,City of Davao,2010,245521.29,official_psa
coconut_mature,Coconut Mature,province,REGION XI (DAVAO REGION),City of Davao,City of Davao,2011,251624.96,official_psa
coconut_mature,Coconut Mature,province,REGION XI (DAVAO REGION),City of Davao,City of Davao,2012,259763.41,official_psa
coconut_mature,Coconut Mature,province,REGION XI (DAVAO REGION),City of Davao,City of Davao,2013,264025.81,official_psa
coconut_mature,Coconut Mature,province,REGION XI (DAVAO REGION),City of Davao,City of Davao,2014,253689.4,official_psa
coconut_mature,Coconut Mature,province,REGION XI (DAVAO REGION),City of Davao,City of Davao,2015,253622.78,official_psa
coconut_mature,Coconut Mature,province,REGION XI (DAVAO REGION),City of Davao,City of Davao,2016,251008.61,official_psa
coconut_mature,Coconut Mature,province,REGION XI (DAVAO REGION),City of Davao,City of Davao,2017,253876.4,official_psa
coconut_mature,Coconut Mature,province,REGION XI (DAVAO REGION),City of Davao,City of Davao,2018,254569.21,official_psa
coconut_mature,Coconut Mature,province,REGION XI (DAVAO REGION),City of Davao,City of Davao,2019,253919.84,official_psa
coconut_mature,Coconut Mature,province,REGION XI (DAVAO REGION),City of Davao,City of Davao,2020,263909.39,official_psa
coconut_mature,Coconut Mature,province,REGION XI (DAVAO REGION),City of Davao,City of Davao,2021,283106.04,official_psa
coconut_mature,Coconut Mature,province,REGION XI (DAVAO REGION),City of Davao,City of Davao,2022,297827.85,official_psa
coconut_mature,Coconut Mature,province,REGION XI (DAVAO REGION),City of Davao,City of Davao,2023,257933.7,estimated_gap
coconut_mature,Coconut Mature,province,REGION XI (DAVAO REGION),City of Davao,City of Davao,2024,218039.56,estimated_gap
coconut_mature,Coconut Mature,province,REGION XI (DAVAO REGION),City of Davao,City of Davao,2025,178145.41,official_psa
coconut_mature,Coconut Mature,province,REGION XI (DAVAO REGION),City of Davao,City of Davao,2026,284355.95,estimated_gap
coconut_mature,Coconut Mature,region,REGION XII (SOCCSKSARGEN),,REGION XII (SOCCSKSARGEN),2010,859155.77,official_psa
coconut_mature,Coconut Mature,region,REGION XII (SOCCSKSARGEN),,REGION XII (SOCCSKSARGEN),2011,874781.29,official_psa
coconut_mature,Coconut Mature,region,REGION XII (SOCCSKSARGEN),,REGION XII (SOCCSKSARGEN),2012,978919.34,official_psa
coconut_mature,Coconut Mature,region,REGION XII (SOCCSKSARGEN),,REGION XII (SOCCSKSARGEN),2013,1033447.23,official_psa
coconut_mature,Coconut Mature,region,REGION XII (SOCCSKSARGEN),,REGION XII (SOCCSKSARGEN),2014,1063780.02,official_psa
coconut_mature,Coconut Mature,region,REGION XII (SOCCSKSARGEN),,REGION XII (SOCCSKSARGEN),2015,1151685.43,official_psa
coconut_mature,Coconut Mature,region,REGION XII (SOCCSKSARGEN),,REGION XII (SOCCSKSARGEN),2016,951243.05,official_psa
coconut_mature,Coconut Mature,region,REGION XII (SOCCSKSARGEN),,REGION XII (SOCCSKSARGEN),2017,930402.22,official_psa
coconut_mature,Coconut Mature,region,REGION XII (SOCCSKSARGEN),,REGION XII (SOCCSKSARGEN),2018,1128169.35,official_psa
coconut_mature,Coconut Mature,region,REGION XII (SOCCSKSARGEN),,REGION XII (SOCCSKSARGEN),2019,1152734.9,official_psa
coconut_mature,Coconut Mature,region,REGION XII (SOCCSKSARGEN),,REGION XII (SOCCSKSARGEN),2020,1154621.48,official_psa
coconut_mature,Coconut Mature,region,REGION XII (SOCCSKSARGEN),,REGION XII (SOCCSKSARGEN),2021,1205080.89,official_psa
coconut_mature,Coconut Mature,region,REGION XII (SOCCSKSARGEN),,REGION XII (SOCCSKSARGEN),2022,1221433.46,official_psa
coconut_mature,Coconut Mature,region,REGION XII (SOCCSKSARGEN),,REGION XII (SOCCSKSARGEN),2023,1214757.95,official_psa
coconut_mature,Coconut Mature,region,REGION XII (SOCCSKSARGEN),,REGION XII (SOCCSKSARGEN),2024,1153718.09,official_psa
coconut_mature,Coconut Mature,region,REGION XII (SOCCSKSARGEN),,REGION XII (SOCCSKSARGEN),2025,1164048.53,official_psa
coconut_mature,Coconut Mature,region,REGION XII (SOCCSKSARGEN),,REGION XII (SOCCSKSARGEN),2026,1209210.73,estimated_gap
coconut_mature,Coconut Mature,province,REGION XII (SOCCSKSARGEN),Cotabato,Cotabato,2010,180546.65,official_psa
coconut_mature,Coconut Mature,province,REGION XII (SOCCSKSARGEN),Cotabato,Cotabato,2011,186876.61,official_psa
coconut_mature,Coconut Mature,province,REGION XII (SOCCSKSARGEN),Cotabato,Cotabato,2012,188547.8,official_psa
coconut_mature,Coconut Mature,province,REGION XII (SOCCSKSARGEN),Cotabato,Cotabato,2013,193543.0,official_psa
coconut_mature,Coconut Mature,province,REGION XII (SOCCSKSARGEN),Cotabato,Cotabato,2014,195792.51,official_psa
coconut_mature,Coconut Mature,province,REGION XII (SOCCSKSARGEN),Cotabato,Cotabato,2015,195256.59,official_psa
coconut_mature,Coconut Mature,province,REGION XII (SOCCSKSARGEN),Cotabato,Cotabato,2016,173887.97,official_psa
coconut_mature,Coconut Mature,province,REGION XII (SOCCSKSARGEN),Cotabato,Cotabato,2017,167564.67,official_psa
coconut_mature,Coconut Mature,province,REGION XII (SOCCSKSARGEN),Cotabato,Cotabato,2018,178424.88,official_psa
coconut_mature,Coconut Mature,province,REGION XII (SOCCSKSARGEN),Cotabato,Cotabato,2019,187737.91,official_psa
coconut_mature,Coconut Mature,province,REGION XII (SOCCSKSARGEN),Cotabato,Cotabato,2020,185655.78,official_psa
coconut_mature,Coconut Mature,province,REGION XII (SOCCSKSARGEN),Cotabato,Cotabato,2021,192100.41,official_psa
coconut_mature,Coconut Mature,province,REGION XII (SOCCSKSARGEN),Cotabato,Cotabato,2022,198597.02,official_psa
coconut_mature,Coconut Mature,province,REGION XII (SOCCSKSARGEN),Cotabato,Cotabato,2023,202719.6,official_psa
coconut_mature,Coconut Mature,province,REGION XII (SOCCSKSARGEN),Cotabato,Cotabato,2024,186896.14,official_psa
coconut_mature,Coconut Mature,province,REGION XII (SOCCSKSARGEN),Cotabato,Cotabato,2025,174002.98,official_psa
coconut_mature,Coconut Mature,province,REGION XII (SOCCSKSARGEN),Cotabato,Cotabato,2026,161777.15,estimated_gap
coconut_mature,Coconut Mature,province,REGION XII (SOCCSKSARGEN),Sarangani,Sarangani,2010,363588.9,official_psa
coconut_mature,Coconut Mature,province,REGION XII (SOCCSKSARGEN),Sarangani,Sarangani,2011,364674.71,official_psa
coconut_mature,Coconut Mature,province,REGION XII (SOCCSKSARGEN),Sarangani,Sarangani,2012,441136.48,official_psa
coconut_mature,Coconut Mature,province,REGION XII (SOCCSKSARGEN),Sarangani,Sarangani,2013,449759.5,official_psa
coconut_mature,Coconut Mature,province,REGION XII (SOCCSKSARGEN),Sarangani,Sarangani,2014,452365.73,official_psa
coconut_mature,Coconut Mature,province,REGION XII (SOCCSKSARGEN),Sarangani,Sarangani,2015,502190.34,official_psa
coconut_mature,Coconut Mature,province,REGION XII (SOCCSKSARGEN),Sarangani,Sarangani,2016,391212.5,official_psa
coconut_mature,Coconut Mature,province,REGION XII (SOCCSKSARGEN),Sarangani,Sarangani,2017,387049.09,official_psa
coconut_mature,Coconut Mature,province,REGION XII (SOCCSKSARGEN),Sarangani,Sarangani,2018,532921.23,official_psa
coconut_mature,Coconut Mature,province,REGION XII (SOCCSKSARGEN),Sarangani,Sarangani,2019,558267.4,official_psa
coconut_mature,Coconut Mature,province,REGION XII (SOCCSKSARGEN),Sarangani,Sarangani,2020,571931.52,official_psa
coconut_mature,Coconut Mature,province,REGION XII (SOCCSKSARGEN),Sarangani,Sarangani,2021,599480.17,official_psa
coconut_mature,Coconut Mature,province,REGION XII (SOCCSKSARGEN),Sarangani,Sarangani,2022,596261.64,official_psa
coconut_mature,Coconut Mature,province,REGION XII (SOCCSKSARGEN),Sarangani,Sarangani,2023,592949.18,official_psa
coconut_mature,Coconut Mature,province,REGION XII (SOCCSKSARGEN),Sarangani,Sarangani,2024,575737.67,official_psa
coconut_mature,Coconut Mature,province,REGION XII (SOCCSKSARGEN),Sarangani,Sarangani,2025,575236.59,official_psa
coconut_mature,Coconut Mature,province,REGION XII (SOCCSKSARGEN),Sarangani,Sarangani,2026,604270.41,estimated_gap
coconut_mature,Coconut Mature,province,REGION XII (SOCCSKSARGEN),Sultan Kudarat,Sultan Kudarat,2010,155949.52,official_psa
coconut_mature,Coconut Mature,province,REGION XII (SOCCSKSARGEN),Sultan Kudarat,Sultan Kudarat,2011,160577.96,official_psa
coconut_mature,Coconut Mature,province,REGION XII (SOCCSKSARGEN),Sultan Kudarat,Sultan Kudarat,2012,177644.27,official_psa
coconut_mature,Coconut Mature,province,REGION XII (SOCCSKSARGEN),Sultan Kudarat,Sultan Kudarat,2013,213639.76,official_psa
coconut_mature,Coconut Mature,province,REGION XII (SOCCSKSARGEN),Sultan Kudarat,Sultan Kudarat,2014,236731.28,official_psa
coconut_mature,Coconut Mature,province,REGION XII (SOCCSKSARGEN),Sultan Kudarat,Sultan Kudarat,2015,274752.37,official_psa
coconut_mature,Coconut Mature,province,REGION XII (SOCCSKSARGEN),Sultan Kudarat,Sultan Kudarat,2016,232193.14,official_psa
coconut_mature,Coconut Mature,province,REGION XII (SOCCSKSARGEN),Sultan Kudarat,Sultan Kudarat,2017,226786.79,official_psa
coconut_mature,Coconut Mature,province,REGION XII (SOCCSKSARGEN),Sultan Kudarat,Sultan Kudarat,2018,232545.53,official_psa
coconut_mature,Coconut Mature,province,REGION XII (SOCCSKSARGEN),Sultan Kudarat,Sultan Kudarat,2019,233450.2,official_psa
coconut_mature,Coconut Mature,province,REGION XII (SOCCSKSARGEN),Sultan Kudarat,Sultan Kudarat,2020,225239.57,official_psa
coconut_mature,Coconut Mature,province,REGION XII (SOCCSKSARGEN),Sultan Kudarat,Sultan Kudarat,2021,228915.5,official_psa
coconut_mature,Coconut Mature,province,REGION XII (SOCCSKSARGEN),Sultan Kudarat,Sultan Kudarat,2022,237422.06,official_psa
coconut_mature,Coconut Mature,province,REGION XII (SOCCSKSARGEN),Sultan Kudarat,Sultan Kudarat,2023,220571.67,official_psa
coconut_mature,Coconut Mature,province,REGION XII (SOCCSKSARGEN),Sultan Kudarat,Sultan Kudarat,2024,199716.88,official_psa
coconut_mature,Coconut Mature,province,REGION XII (SOCCSKSARGEN),Sultan Kudarat,Sultan Kudarat,2025,206588.49,official_psa
coconut_mature,Coconut Mature,province,REGION XII (SOCCSKSARGEN),Sultan Kudarat,Sultan Kudarat,2026,242992.42,estimated_gap
coconut_mature,Coconut Mature,province,REGION XII (SOCCSKSARGEN),South Cotabato,South Cotabato,2010,159070.7,official_psa
coconut_mature,Coconut Mature,province,REGION XII (SOCCSKSARGEN),South Cotabato,South Cotabato,2011,162652.0,official_psa
coconut_mature,Coconut Mature,province,REGION XII (SOCCSKSARGEN),South Cotabato,South Cotabato,2012,171590.79,official_psa
coconut_mature,Coconut Mature,province,REGION XII (SOCCSKSARGEN),South Cotabato,South Cotabato,2013,176504.97,official_psa
coconut_mature,Coconut Mature,province,REGION XII (SOCCSKSARGEN),South Cotabato,South Cotabato,2014,178890.5,official_psa
coconut_mature,Coconut Mature,province,REGION XII (SOCCSKSARGEN),South Cotabato,South Cotabato,2015,179486.13,official_psa
coconut_mature,Coconut Mature,province,REGION XII (SOCCSKSARGEN),South Cotabato,South Cotabato,2016,153949.44,official_psa
coconut_mature,Coconut Mature,province,REGION XII (SOCCSKSARGEN),South Cotabato,South Cotabato,2017,149001.67,official_psa
coconut_mature,Coconut Mature,province,REGION XII (SOCCSKSARGEN),South Cotabato,South Cotabato,2018,184277.71,official_psa
coconut_mature,Coconut Mature,province,REGION XII (SOCCSKSARGEN),South Cotabato,South Cotabato,2019,173279.39,official_psa
coconut_mature,Coconut Mature,province,REGION XII (SOCCSKSARGEN),South Cotabato,South Cotabato,2020,171794.61,official_psa
coconut_mature,Coconut Mature,province,REGION XII (SOCCSKSARGEN),South Cotabato,South Cotabato,2021,184584.81,official_psa
coconut_mature,Coconut Mature,province,REGION XII (SOCCSKSARGEN),South Cotabato,South Cotabato,2022,189152.74,official_psa
coconut_mature,Coconut Mature,province,REGION XII (SOCCSKSARGEN),South Cotabato,South Cotabato,2023,198517.5,official_psa
coconut_mature,Coconut Mature,province,REGION XII (SOCCSKSARGEN),South Cotabato,South Cotabato,2024,191367.4,official_psa
coconut_mature,Coconut Mature,province,REGION XII (SOCCSKSARGEN),South Cotabato,South Cotabato,2025,208220.47,official_psa
coconut_mature,Coconut Mature,province,REGION XII (SOCCSKSARGEN),South Cotabato,South Cotabato,2026,196005.61,estimated_gap
coconut_mature,Coconut Mature,region,REGION XIII (CARAGA),,REGION XIII (CARAGA),2010,971997.01,official_psa
coconut_mature,Coconut Mature,region,REGION XIII (CARAGA),,REGION XIII (CARAGA),2011,877572.32,official_psa
coconut_mature,Coconut Mature,region,REGION XIII (CARAGA),,REGION XIII (CARAGA),2012,879004.36,official_psa
coconut_mature,Coconut Mature,region,REGION XIII (CARAGA),,REGION XIII (CARAGA),2013,833035.17,official_psa
coconut_mature,Coconut Mature,region,REGION XIII (CARAGA),,REGION XIII (CARAGA),2014,819546.02,official_psa
coconut_mature,Coconut Mature,region,REGION XIII (CARAGA),,REGION XIII (CARAGA),2015,802612.36,official_psa
coconut_mature,Coconut Mature,region,REGION XIII (CARAGA),,REGION XIII (CARAGA),2016,773209.14,official_psa
coconut_mature,Coconut Mature,region,REGION XIII (CARAGA),,REGION XIII (CARAGA),2017,779053.0,official_psa
coconut_mature,Coconut Mature,region,REGION XIII (CARAGA),,REGION XIII (CARAGA),2018,791881.41,official_psa
coconut_mature,Coconut Mature,region,REGION XIII (CARAGA),,REGION XIII (CARAGA),2019,778976.05,official_psa
coconut_mature,Coconut Mature,region,REGION XIII (CARAGA),,REGION XIII (CARAGA),2020,760953.7,official_psa
coconut_mature,Coconut Mature,region,REGION XIII (CARAGA),,REGION XIII (CARAGA),2021,753802.48,official_psa
coconut_mature,Coconut Mature,region,REGION XIII (CARAGA),,REGION XIII (CARAGA),2022,673936.64,official_psa
coconut_mature,Coconut Mature,region,REGION XIII (CARAGA),,REGION XIII (CARAGA),2023,639756.48,official_psa
coconut_mature,Coconut Mature,region,REGION XIII (CARAGA),,REGION XIII (CARAGA),2024,654213.34,official_psa
coconut_mature,Coconut Mature,region,REGION XIII (CARAGA),,REGION XIII (CARAGA),2025,688054.88,official_psa
coconut_mature,Coconut Mature,region,REGION XIII (CARAGA),,REGION XIII (CARAGA),2026,719675.29,estimated_gap
coconut_mature,Coconut Mature,province,REGION XIII (CARAGA),Agusan del Norte,Agusan del Norte,2010,161286.67,official_psa
coconut_mature,Coconut Mature,province,REGION XIII (CARAGA),Agusan del Norte,Agusan del Norte,2011,152222.86,official_psa
coconut_mature,Coconut Mature,province,REGION XIII (CARAGA),Agusan del Norte,Agusan del Norte,2012,153961.86,official_psa
coconut_mature,Coconut Mature,province,REGION XIII (CARAGA),Agusan del Norte,Agusan del Norte,2013,158676.83,official_psa
coconut_mature,Coconut Mature,province,REGION XIII (CARAGA),Agusan del Norte,Agusan del Norte,2014,155918.87,official_psa
coconut_mature,Coconut Mature,province,REGION XIII (CARAGA),Agusan del Norte,Agusan del Norte,2015,157462.72,official_psa
coconut_mature,Coconut Mature,province,REGION XIII (CARAGA),Agusan del Norte,Agusan del Norte,2016,168276.81,official_psa
coconut_mature,Coconut Mature,province,REGION XIII (CARAGA),Agusan del Norte,Agusan del Norte,2017,169724.44,official_psa
coconut_mature,Coconut Mature,province,REGION XIII (CARAGA),Agusan del Norte,Agusan del Norte,2018,170969.7,official_psa
coconut_mature,Coconut Mature,province,REGION XIII (CARAGA),Agusan del Norte,Agusan del Norte,2019,170522.03,official_psa
coconut_mature,Coconut Mature,province,REGION XIII (CARAGA),Agusan del Norte,Agusan del Norte,2020,159930.0,official_psa
coconut_mature,Coconut Mature,province,REGION XIII (CARAGA),Agusan del Norte,Agusan del Norte,2021,167305.24,official_psa
coconut_mature,Coconut Mature,province,REGION XIII (CARAGA),Agusan del Norte,Agusan del Norte,2022,153992.61,official_psa
coconut_mature,Coconut Mature,province,REGION XIII (CARAGA),Agusan del Norte,Agusan del Norte,2023,162361.19,official_psa
coconut_mature,Coconut Mature,province,REGION XIII (CARAGA),Agusan del Norte,Agusan del Norte,2024,162757.75,official_psa
coconut_mature,Coconut Mature,province,REGION XIII (CARAGA),Agusan del Norte,Agusan del Norte,2025,167189.0,official_psa
coconut_mature,Coconut Mature,province,REGION XIII (CARAGA),Agusan del Norte,Agusan del Norte,2026,116896.89,estimated_gap
coconut_mature,Coconut Mature,province,REGION XIII (CARAGA),Agusan del Sur,Agusan del Sur,2010,41763.49,official_psa
coconut_mature,Coconut Mature,province,REGION XIII (CARAGA),Agusan del Sur,Agusan del Sur,2011,40731.71,official_psa
coconut_mature,Coconut Mature,province,REGION XIII (CARAGA),Agusan del Sur,Agusan del Sur,2012,43136.86,official_psa
coconut_mature,Coconut Mature,province,REGION XIII (CARAGA),Agusan del Sur,Agusan del Sur,2013,37359.21,official_psa
coconut_mature,Coconut Mature,province,REGION XIII (CARAGA),Agusan del Sur,Agusan del Sur,2014,42027.8,official_psa
coconut_mature,Coconut Mature,province,REGION XIII (CARAGA),Agusan del Sur,Agusan del Sur,2015,37866.35,official_psa
coconut_mature,Coconut Mature,province,REGION XIII (CARAGA),Agusan del Sur,Agusan del Sur,2016,49456.34,official_psa
coconut_mature,Coconut Mature,province,REGION XIII (CARAGA),Agusan del Sur,Agusan del Sur,2017,47207.78,official_psa
coconut_mature,Coconut Mature,province,REGION XIII (CARAGA),Agusan del Sur,Agusan del Sur,2018,47469.36,official_psa
coconut_mature,Coconut Mature,province,REGION XIII (CARAGA),Agusan del Sur,Agusan del Sur,2019,48291.89,official_psa
coconut_mature,Coconut Mature,province,REGION XIII (CARAGA),Agusan del Sur,Agusan del Sur,2020,46645.84,official_psa
coconut_mature,Coconut Mature,province,REGION XIII (CARAGA),Agusan del Sur,Agusan del Sur,2021,44052.55,official_psa
coconut_mature,Coconut Mature,province,REGION XIII (CARAGA),Agusan del Sur,Agusan del Sur,2022,44194.88,official_psa
coconut_mature,Coconut Mature,province,REGION XIII (CARAGA),Agusan del Sur,Agusan del Sur,2023,44561.93,official_psa
coconut_mature,Coconut Mature,province,REGION XIII (CARAGA),Agusan del Sur,Agusan del Sur,2024,43531.21,official_psa
coconut_mature,Coconut Mature,province,REGION XIII (CARAGA),Agusan del Sur,Agusan del Sur,2025,49762.24,official_psa
coconut_mature,Coconut Mature,province,REGION XIII (CARAGA),Agusan del Sur,Agusan del Sur,2026,119944.44,estimated_gap
coconut_mature,Coconut Mature,province,REGION XIII (CARAGA),Dinagat Islands,Dinagat Islands,2010,12404.71,estimated_gap
coconut_mature,Coconut Mature,province,REGION XIII (CARAGA),Dinagat Islands,Dinagat Islands,2011,12404.71,estimated_gap
coconut_mature,Coconut Mature,province,REGION XIII (CARAGA),Dinagat Islands,Dinagat Islands,2012,12404.71,estimated_gap
coconut_mature,Coconut Mature,province,REGION XIII (CARAGA),Dinagat Islands,Dinagat Islands,2013,12404.71,official_psa
coconut_mature,Coconut Mature,province,REGION XIII (CARAGA),Dinagat Islands,Dinagat Islands,2014,10769.97,official_psa
coconut_mature,Coconut Mature,province,REGION XIII (CARAGA),Dinagat Islands,Dinagat Islands,2015,11154.55,official_psa
coconut_mature,Coconut Mature,province,REGION XIII (CARAGA),Dinagat Islands,Dinagat Islands,2016,10381.88,official_psa
coconut_mature,Coconut Mature,province,REGION XIII (CARAGA),Dinagat Islands,Dinagat Islands,2017,10883.5,official_psa
coconut_mature,Coconut Mature,province,REGION XIII (CARAGA),Dinagat Islands,Dinagat Islands,2018,10633.74,official_psa
coconut_mature,Coconut Mature,province,REGION XIII (CARAGA),Dinagat Islands,Dinagat Islands,2019,8897.34,official_psa
coconut_mature,Coconut Mature,province,REGION XIII (CARAGA),Dinagat Islands,Dinagat Islands,2020,8960.25,official_psa
coconut_mature,Coconut Mature,province,REGION XIII (CARAGA),Dinagat Islands,Dinagat Islands,2021,8602.16,official_psa
coconut_mature,Coconut Mature,province,REGION XIII (CARAGA),Dinagat Islands,Dinagat Islands,2022,3059.17,official_psa
coconut_mature,Coconut Mature,province,REGION XIII (CARAGA),Dinagat Islands,Dinagat Islands,2023,3797.09,official_psa
coconut_mature,Coconut Mature,province,REGION XIII (CARAGA),Dinagat Islands,Dinagat Islands,2024,5966.28,official_psa
coconut_mature,Coconut Mature,province,REGION XIII (CARAGA),Dinagat Islands,Dinagat Islands,2025,6618.59,official_psa
coconut_mature,Coconut Mature,province,REGION XIII (CARAGA),Dinagat Islands,Dinagat Islands,2026,11430.34,estimated_gap
coconut_mature,Coconut Mature,province,REGION XIII (CARAGA),Surigao del Norte,Surigao del Norte,2010,316968.85,official_psa
coconut_mature,Coconut Mature,province,REGION XIII (CARAGA),Surigao del Norte,Surigao del Norte,2011,264951.8,official_psa
coconut_mature,Coconut Mature,province,REGION XIII (CARAGA),Surigao del Norte,Surigao del Norte,2012,265375.64,official_psa
coconut_mature,Coconut Mature,province,REGION XIII (CARAGA),Surigao del Norte,Surigao del Norte,2013,222489.42,official_psa
coconut_mature,Coconut Mature,province,REGION XIII (CARAGA),Surigao del Norte,Surigao del Norte,2014,207704.38,official_psa
coconut_mature,Coconut Mature,province,REGION XIII (CARAGA),Surigao del Norte,Surigao del Norte,2015,199413.93,official_psa
coconut_mature,Coconut Mature,province,REGION XIII (CARAGA),Surigao del Norte,Surigao del Norte,2016,167958.03,official_psa
coconut_mature,Coconut Mature,province,REGION XIII (CARAGA),Surigao del Norte,Surigao del Norte,2017,164981.14,official_psa
coconut_mature,Coconut Mature,province,REGION XIII (CARAGA),Surigao del Norte,Surigao del Norte,2018,152354.49,official_psa
coconut_mature,Coconut Mature,province,REGION XIII (CARAGA),Surigao del Norte,Surigao del Norte,2019,136297.83,official_psa
coconut_mature,Coconut Mature,province,REGION XIII (CARAGA),Surigao del Norte,Surigao del Norte,2020,138741.53,official_psa
coconut_mature,Coconut Mature,province,REGION XIII (CARAGA),Surigao del Norte,Surigao del Norte,2021,131270.1,official_psa
coconut_mature,Coconut Mature,province,REGION XIII (CARAGA),Surigao del Norte,Surigao del Norte,2022,57194.94,official_psa
coconut_mature,Coconut Mature,province,REGION XIII (CARAGA),Surigao del Norte,Surigao del Norte,2023,52280.99,official_psa
coconut_mature,Coconut Mature,province,REGION XIII (CARAGA),Surigao del Norte,Surigao del Norte,2024,65563.52,official_psa
coconut_mature,Coconut Mature,province,REGION XIII (CARAGA),Surigao del Norte,Surigao del Norte,2025,89376.08,official_psa
coconut_mature,Coconut Mature,province,REGION XIII (CARAGA),Surigao del Norte,Surigao del Norte,2026,74315.0,estimated_gap
coconut_mature,Coconut Mature,province,REGION XIII (CARAGA),Surigao del Sur,Surigao del Sur,2010,451978.0,official_psa
coconut_mature,Coconut Mature,province,REGION XIII (CARAGA),Surigao del Sur,Surigao del Sur,2011,419665.95,official_psa
coconut_mature,Coconut Mature,province,REGION XIII (CARAGA),Surigao del Sur,Surigao del Sur,2012,416530.0,official_psa
coconut_mature,Coconut Mature,province,REGION XIII (CARAGA),Surigao del Sur,Surigao del Sur,2013,402105.0,official_psa
coconut_mature,Coconut Mature,province,REGION XIII (CARAGA),Surigao del Sur,Surigao del Sur,2014,403125.0,official_psa
coconut_mature,Coconut Mature,province,REGION XIII (CARAGA),Surigao del Sur,Surigao del Sur,2015,396714.81,official_psa
coconut_mature,Coconut Mature,province,REGION XIII (CARAGA),Surigao del Sur,Surigao del Sur,2016,377136.08,official_psa
coconut_mature,Coconut Mature,province,REGION XIII (CARAGA),Surigao del Sur,Surigao del Sur,2017,386256.15,official_psa
coconut_mature,Coconut Mature,province,REGION XIII (CARAGA),Surigao del Sur,Surigao del Sur,2018,410454.13,official_psa
coconut_mature,Coconut Mature,province,REGION XIII (CARAGA),Surigao del Sur,Surigao del Sur,2019,414966.96,official_psa
coconut_mature,Coconut Mature,province,REGION XIII (CARAGA),Surigao del Sur,Surigao del Sur,2020,406676.08,official_psa
coconut_mature,Coconut Mature,province,REGION XIII (CARAGA),Surigao del Sur,Surigao del Sur,2021,402572.43,official_psa
coconut_mature,Coconut Mature,province,REGION XIII (CARAGA),Surigao del Sur,Surigao del Sur,2022,415495.04,official_psa
coconut_mature,Coconut Mature,province,REGION XIII (CARAGA),Surigao del Sur,Surigao del Sur,2023,376755.28,official_psa
coconut_mature,Coconut Mature,province,REGION XIII (CARAGA),Surigao del Sur,Surigao del Sur,2024,376394.58,official_psa
coconut_mature,Coconut Mature,province,REGION XIII (CARAGA),Surigao del Sur,Surigao del Sur,2025,375108.98,official_psa
coconut_mature,Coconut Mature,province,REGION XIII (CARAGA),Surigao del Sur,Surigao del Sur,2026,380109.29,estimated_gap
coconut_mature,Coconut Mature,province,REGION XIII (CARAGA),City of Butuan,City of Butuan,2010,283218.84,estimated_gap
coconut_mature,Coconut Mature,province,REGION XIII (CARAGA),City of Butuan,City of Butuan,2011,283218.84,estimated_gap
coconut_mature,Coconut Mature,province,REGION XIII (CARAGA),City of Butuan,City of Butuan,2012,283218.84,estimated_gap
coconut_mature,Coconut Mature,province,REGION XIII (CARAGA),City of Butuan,City of Butuan,2013,283218.84,estimated_gap
coconut_mature,Coconut Mature,province,REGION XIII (CARAGA),City of Butuan,City of Butuan,2014,283218.84,estimated_gap
coconut_mature,Coconut Mature,province,REGION XIII (CARAGA),City of Butuan,City of Butuan,2015,283218.84,estimated_gap
coconut_mature,Coconut Mature,province,REGION XIII (CARAGA),City of Butuan,City of Butuan,2016,283218.84,estimated_gap
coconut_mature,Coconut Mature,province,REGION XIII (CARAGA),City of Butuan,City of Butuan,2017,283218.84,estimated_gap
coconut_mature,Coconut Mature,province,REGION XIII (CARAGA),City of Butuan,City of Butuan,2018,283218.84,estimated_gap
coconut_mature,Coconut Mature,province,REGION XIII (CARAGA),City of Butuan,City of Butuan,2019,283218.84,estimated_gap
coconut_mature,Coconut Mature,province,REGION XIII (CARAGA),City of Butuan,City of Butuan,2020,283218.84,estimated_gap
coconut_mature,Coconut Mature,province,REGION XIII (CARAGA),City of Butuan,City of Butuan,2021,283218.84,estimated_gap
coconut_mature,Coconut Mature,province,REGION XIII (CARAGA),City of Butuan,City of Butuan,2022,283218.84,estimated_gap
coconut_mature,Coconut Mature,province,REGION XIII (CARAGA),City of Butuan,City of Butuan,2023,283218.84,estimated_gap
coconut_mature,Coconut Mature,province,REGION XIII (CARAGA),City of Butuan,City of Butuan,2024,283218.84,official_psa
coconut_mature,Coconut Mature,province,REGION XIII (CARAGA),City of Butuan,City of Butuan,2025,283218.84,estimated_gap
coconut_mature,Coconut Mature,province,REGION XIII (CARAGA),City of Butuan,City of Butuan,2026,79890.5,estimated_gap
coconut_mature,Coconut Mature,region,BANGSAMORO AUTONOMOUS REGION IN MUSLIM MINDANAO (BARMM),,BANGSAMORO AUTONOMOUS REGION IN MUSLIM MINDANAO (BARMM),2010,1245386.28,official_psa
coconut_mature,Coconut Mature,region,BANGSAMORO AUTONOMOUS REGION IN MUSLIM MINDANAO (BARMM),,BANGSAMORO AUTONOMOUS REGION IN MUSLIM MINDANAO (BARMM),2011,1260221.35,official_psa
coconut_mature,Coconut Mature,region,BANGSAMORO AUTONOMOUS REGION IN MUSLIM MINDANAO (BARMM),,BANGSAMORO AUTONOMOUS REGION IN MUSLIM MINDANAO (BARMM),2012,1302492.32,official_psa
coconut_mature,Coconut Mature,region,BANGSAMORO AUTONOMOUS REGION IN MUSLIM MINDANAO (BARMM),,BANGSAMORO AUTONOMOUS REGION IN MUSLIM MINDANAO (BARMM),2013,1318284.18,official_psa
coconut_mature,Coconut Mature,region,BANGSAMORO AUTONOMOUS REGION IN MUSLIM MINDANAO (BARMM),,BANGSAMORO AUTONOMOUS REGION IN MUSLIM MINDANAO (BARMM),2014,1347276.19,official_psa
coconut_mature,Coconut Mature,region,BANGSAMORO AUTONOMOUS REGION IN MUSLIM MINDANAO (BARMM),,BANGSAMORO AUTONOMOUS REGION IN MUSLIM MINDANAO (BARMM),2015,1382044.45,official_psa
coconut_mature,Coconut Mature,region,BANGSAMORO AUTONOMOUS REGION IN MUSLIM MINDANAO (BARMM),,BANGSAMORO AUTONOMOUS REGION IN MUSLIM MINDANAO (BARMM),2016,1365688.42,official_psa
coconut_mature,Coconut Mature,region,BANGSAMORO AUTONOMOUS REGION IN MUSLIM MINDANAO (BARMM),,BANGSAMORO AUTONOMOUS REGION IN MUSLIM MINDANAO (BARMM),2017,1313942.07,official_psa
coconut_mature,Coconut Mature,region,BANGSAMORO AUTONOMOUS REGION IN MUSLIM MINDANAO (BARMM),,BANGSAMORO AUTONOMOUS REGION IN MUSLIM MINDANAO (BARMM),2018,1328322.03,official_psa
coconut_mature,Coconut Mature,region,BANGSAMORO AUTONOMOUS REGION IN MUSLIM MINDANAO (BARMM),,BANGSAMORO AUTONOMOUS REGION IN MUSLIM MINDANAO (BARMM),2019,1321311.37,official_psa
coconut_mature,Coconut Mature,region,BANGSAMORO AUTONOMOUS REGION IN MUSLIM MINDANAO (BARMM),,BANGSAMORO AUTONOMOUS REGION IN MUSLIM MINDANAO (BARMM),2020,1336795.16,official_psa
coconut_mature,Coconut Mature,region,BANGSAMORO AUTONOMOUS REGION IN MUSLIM MINDANAO (BARMM),,BANGSAMORO AUTONOMOUS REGION IN MUSLIM MINDANAO (BARMM),2021,1350937.06,official_psa
coconut_mature,Coconut Mature,region,BANGSAMORO AUTONOMOUS REGION IN MUSLIM MINDANAO (BARMM),,BANGSAMORO AUTONOMOUS REGION IN MUSLIM MINDANAO (BARMM),2022,1361430.63,official_psa
coconut_mature,Coconut Mature,region,BANGSAMORO AUTONOMOUS REGION IN MUSLIM MINDANAO (BARMM),,BANGSAMORO AUTONOMOUS REGION IN MUSLIM MINDANAO (BARMM),2023,1353194.1,official_psa
coconut_mature,Coconut Mature,region,BANGSAMORO AUTONOMOUS REGION IN MUSLIM MINDANAO (BARMM),,BANGSAMORO AUTONOMOUS REGION IN MUSLIM MINDANAO (BARMM),2024,1256569.59,official_psa
coconut_mature,Coconut Mature,region,BANGSAMORO AUTONOMOUS REGION IN MUSLIM MINDANAO (BARMM),,BANGSAMORO AUTONOMOUS REGION IN MUSLIM MINDANAO (BARMM),2025,1378925.08,official_psa
coconut_mature,Coconut Mature,region,BANGSAMORO AUTONOMOUS REGION IN MUSLIM MINDANAO (BARMM),,BANGSAMORO AUTONOMOUS REGION IN MUSLIM MINDANAO (BARMM),2026,1092990.37,estimated_gap
coconut_mature,Coconut Mature,province,BANGSAMORO AUTONOMOUS REGION IN MUSLIM MINDANAO (BARMM),Basilan,Basilan,2010,208257.07,official_psa
coconut_mature,Coconut Mature,province,BANGSAMORO AUTONOMOUS REGION IN MUSLIM MINDANAO (BARMM),Basilan,Basilan,2011,192067.07,official_psa
coconut_mature,Coconut Mature,province,BANGSAMORO AUTONOMOUS REGION IN MUSLIM MINDANAO (BARMM),Basilan,Basilan,2012,199808.02,official_psa
coconut_mature,Coconut Mature,province,BANGSAMORO AUTONOMOUS REGION IN MUSLIM MINDANAO (BARMM),Basilan,Basilan,2013,188835.0,official_psa
coconut_mature,Coconut Mature,province,BANGSAMORO AUTONOMOUS REGION IN MUSLIM MINDANAO (BARMM),Basilan,Basilan,2014,177938.5,official_psa
coconut_mature,Coconut Mature,province,BANGSAMORO AUTONOMOUS REGION IN MUSLIM MINDANAO (BARMM),Basilan,Basilan,2015,159183.75,official_psa
coconut_mature,Coconut Mature,province,BANGSAMORO AUTONOMOUS REGION IN MUSLIM MINDANAO (BARMM),Basilan,Basilan,2016,120127.0,official_psa
coconut_mature,Coconut Mature,province,BANGSAMORO AUTONOMOUS REGION IN MUSLIM MINDANAO (BARMM),Basilan,Basilan,2017,62570.4,official_psa
coconut_mature,Coconut Mature,province,BANGSAMORO AUTONOMOUS REGION IN MUSLIM MINDANAO (BARMM),Basilan,Basilan,2018,47775.55,official_psa
coconut_mature,Coconut Mature,province,BANGSAMORO AUTONOMOUS REGION IN MUSLIM MINDANAO (BARMM),Basilan,Basilan,2019,36472.35,official_psa
coconut_mature,Coconut Mature,province,BANGSAMORO AUTONOMOUS REGION IN MUSLIM MINDANAO (BARMM),Basilan,Basilan,2020,36078.8,official_psa
coconut_mature,Coconut Mature,province,BANGSAMORO AUTONOMOUS REGION IN MUSLIM MINDANAO (BARMM),Basilan,Basilan,2021,36475.28,official_psa
coconut_mature,Coconut Mature,province,BANGSAMORO AUTONOMOUS REGION IN MUSLIM MINDANAO (BARMM),Basilan,Basilan,2022,36802.55,official_psa
coconut_mature,Coconut Mature,province,BANGSAMORO AUTONOMOUS REGION IN MUSLIM MINDANAO (BARMM),Basilan,Basilan,2023,36907.76,official_psa
coconut_mature,Coconut Mature,province,BANGSAMORO AUTONOMOUS REGION IN MUSLIM MINDANAO (BARMM),Basilan,Basilan,2024,33795.78,official_psa
coconut_mature,Coconut Mature,province,BANGSAMORO AUTONOMOUS REGION IN MUSLIM MINDANAO (BARMM),Basilan,Basilan,2025,36897.02,official_psa
coconut_mature,Coconut Mature,province,BANGSAMORO AUTONOMOUS REGION IN MUSLIM MINDANAO (BARMM),Basilan,Basilan,2026,27635.16,estimated_gap
coconut_mature,Coconut Mature,province,BANGSAMORO AUTONOMOUS REGION IN MUSLIM MINDANAO (BARMM),Lanao del Sur,Lanao del Sur,2010,173640.0,official_psa
coconut_mature,Coconut Mature,province,BANGSAMORO AUTONOMOUS REGION IN MUSLIM MINDANAO (BARMM),Lanao del Sur,Lanao del Sur,2011,174664.38,official_psa
coconut_mature,Coconut Mature,province,BANGSAMORO AUTONOMOUS REGION IN MUSLIM MINDANAO (BARMM),Lanao del Sur,Lanao del Sur,2012,173853.55,official_psa
coconut_mature,Coconut Mature,province,BANGSAMORO AUTONOMOUS REGION IN MUSLIM MINDANAO (BARMM),Lanao del Sur,Lanao del Sur,2013,170383.68,official_psa
coconut_mature,Coconut Mature,province,BANGSAMORO AUTONOMOUS REGION IN MUSLIM MINDANAO (BARMM),Lanao del Sur,Lanao del Sur,2014,176331.6,official_psa
coconut_mature,Coconut Mature,province,BANGSAMORO AUTONOMOUS REGION IN MUSLIM MINDANAO (BARMM),Lanao del Sur,Lanao del Sur,2015,181433.75,official_psa
coconut_mature,Coconut Mature,province,BANGSAMORO AUTONOMOUS REGION IN MUSLIM MINDANAO (BARMM),Lanao del Sur,Lanao del Sur,2016,181813.54,official_psa
coconut_mature,Coconut Mature,province,BANGSAMORO AUTONOMOUS REGION IN MUSLIM MINDANAO (BARMM),Lanao del Sur,Lanao del Sur,2017,183159.63,official_psa
coconut_mature,Coconut Mature,province,BANGSAMORO AUTONOMOUS REGION IN MUSLIM MINDANAO (BARMM),Lanao del Sur,Lanao del Sur,2018,183546.2,official_psa
coconut_mature,Coconut Mature,province,BANGSAMORO AUTONOMOUS REGION IN MUSLIM MINDANAO (BARMM),Lanao del Sur,Lanao del Sur,2019,183810.1,official_psa
coconut_mature,Coconut Mature,province,BANGSAMORO AUTONOMOUS REGION IN MUSLIM MINDANAO (BARMM),Lanao del Sur,Lanao del Sur,2020,185088.0,official_psa
coconut_mature,Coconut Mature,province,BANGSAMORO AUTONOMOUS REGION IN MUSLIM MINDANAO (BARMM),Lanao del Sur,Lanao del Sur,2021,185095.78,official_psa
coconut_mature,Coconut Mature,province,BANGSAMORO AUTONOMOUS REGION IN MUSLIM MINDANAO (BARMM),Lanao del Sur,Lanao del Sur,2022,185088.63,official_psa
coconut_mature,Coconut Mature,province,BANGSAMORO AUTONOMOUS REGION IN MUSLIM MINDANAO (BARMM),Lanao del Sur,Lanao del Sur,2023,180272.97,official_psa
coconut_mature,Coconut Mature,province,BANGSAMORO AUTONOMOUS REGION IN MUSLIM MINDANAO (BARMM),Lanao del Sur,Lanao del Sur,2024,179086.3,official_psa
coconut_mature,Coconut Mature,province,BANGSAMORO AUTONOMOUS REGION IN MUSLIM MINDANAO (BARMM),Lanao del Sur,Lanao del Sur,2025,179272.46,official_psa
coconut_mature,Coconut Mature,province,BANGSAMORO AUTONOMOUS REGION IN MUSLIM MINDANAO (BARMM),Lanao del Sur,Lanao del Sur,2026,185653.62,estimated_gap
coconut_mature,Coconut Mature,province,BANGSAMORO AUTONOMOUS REGION IN MUSLIM MINDANAO (BARMM),Maguindanao,Maguindanao,2010,509432.46,official_psa
coconut_mature,Coconut Mature,province,BANGSAMORO AUTONOMOUS REGION IN MUSLIM MINDANAO (BARMM),Maguindanao,Maguindanao,2011,540643.9,official_psa
coconut_mature,Coconut Mature,province,BANGSAMORO AUTONOMOUS REGION IN MUSLIM MINDANAO (BARMM),Maguindanao,Maguindanao,2012,562992.0,official_psa
coconut_mature,Coconut Mature,province,BANGSAMORO AUTONOMOUS REGION IN MUSLIM MINDANAO (BARMM),Maguindanao,Maguindanao,2013,589832.5,official_psa
coconut_mature,Coconut Mature,province,BANGSAMORO AUTONOMOUS REGION IN MUSLIM MINDANAO (BARMM),Maguindanao,Maguindanao,2014,620758.09,official_psa
coconut_mature,Coconut Mature,province,BANGSAMORO AUTONOMOUS REGION IN MUSLIM MINDANAO (BARMM),Maguindanao,Maguindanao,2015,663725.95,official_psa
coconut_mature,Coconut Mature,province,BANGSAMORO AUTONOMOUS REGION IN MUSLIM MINDANAO (BARMM),Maguindanao,Maguindanao,2016,706558.88,official_psa
coconut_mature,Coconut Mature,province,BANGSAMORO AUTONOMOUS REGION IN MUSLIM MINDANAO (BARMM),Maguindanao,Maguindanao,2017,716396.94,official_psa
coconut_mature,Coconut Mature,province,BANGSAMORO AUTONOMOUS REGION IN MUSLIM MINDANAO (BARMM),Maguindanao,Maguindanao,2018,743004.28,official_psa
coconut_mature,Coconut Mature,province,BANGSAMORO AUTONOMOUS REGION IN MUSLIM MINDANAO (BARMM),Maguindanao,Maguindanao,2019,752238.92,official_psa
coconut_mature,Coconut Mature,province,BANGSAMORO AUTONOMOUS REGION IN MUSLIM MINDANAO (BARMM),Maguindanao,Maguindanao,2020,771255.36,official_psa
coconut_mature,Coconut Mature,province,BANGSAMORO AUTONOMOUS REGION IN MUSLIM MINDANAO (BARMM),Maguindanao,Maguindanao,2021,785636.0,official_psa
coconut_mature,Coconut Mature,province,BANGSAMORO AUTONOMOUS REGION IN MUSLIM MINDANAO (BARMM),Maguindanao,Maguindanao,2022,795313.45,official_psa
coconut_mature,Coconut Mature,province,BANGSAMORO AUTONOMOUS REGION IN MUSLIM MINDANAO (BARMM),Maguindanao,Maguindanao,2023,792810.37,official_psa
coconut_mature,Coconut Mature,province,BANGSAMORO AUTONOMOUS REGION IN MUSLIM MINDANAO (BARMM),Maguindanao,Maguindanao,2024,673426.53,official_psa
coconut_mature,Coconut Mature,province,BANGSAMORO AUTONOMOUS REGION IN MUSLIM MINDANAO (BARMM),Maguindanao,Maguindanao,2025,572412.55,estimated_gap
coconut_mature,Coconut Mature,province,BANGSAMORO AUTONOMOUS REGION IN MUSLIM MINDANAO (BARMM),Maguindanao,Maguindanao,2026,486550.67,estimated_gap
coconut_mature,Coconut Mature,province,BANGSAMORO AUTONOMOUS REGION IN MUSLIM MINDANAO (BARMM),Maguindanao del Norte,Maguindanao del Norte,2010,220110.06,estimated_gap
coconut_mature,Coconut Mature,province,BANGSAMORO AUTONOMOUS REGION IN MUSLIM MINDANAO (BARMM),Maguindanao del Norte,Maguindanao del Norte,2011,220110.06,estimated_gap
coconut_mature,Coconut Mature,province,BANGSAMORO AUTONOMOUS REGION IN MUSLIM MINDANAO (BARMM),Maguindanao del Norte,Maguindanao del Norte,2012,220110.06,estimated_gap
coconut_mature,Coconut Mature,province,BANGSAMORO AUTONOMOUS REGION IN MUSLIM MINDANAO (BARMM),Maguindanao del Norte,Maguindanao del Norte,2013,220110.06,estimated_gap
coconut_mature,Coconut Mature,province,BANGSAMORO AUTONOMOUS REGION IN MUSLIM MINDANAO (BARMM),Maguindanao del Norte,Maguindanao del Norte,2014,220110.06,estimated_gap
coconut_mature,Coconut Mature,province,BANGSAMORO AUTONOMOUS REGION IN MUSLIM MINDANAO (BARMM),Maguindanao del Norte,Maguindanao del Norte,2015,220110.06,estimated_gap
coconut_mature,Coconut Mature,province,BANGSAMORO AUTONOMOUS REGION IN MUSLIM MINDANAO (BARMM),Maguindanao del Norte,Maguindanao del Norte,2016,220110.06,estimated_gap
coconut_mature,Coconut Mature,province,BANGSAMORO AUTONOMOUS REGION IN MUSLIM MINDANAO (BARMM),Maguindanao del Norte,Maguindanao del Norte,2017,220110.06,estimated_gap
coconut_mature,Coconut Mature,province,BANGSAMORO AUTONOMOUS REGION IN MUSLIM MINDANAO (BARMM),Maguindanao del Norte,Maguindanao del Norte,2018,220110.06,estimated_gap
coconut_mature,Coconut Mature,province,BANGSAMORO AUTONOMOUS REGION IN MUSLIM MINDANAO (BARMM),Maguindanao del Norte,Maguindanao del Norte,2019,220110.06,estimated_gap
coconut_mature,Coconut Mature,province,BANGSAMORO AUTONOMOUS REGION IN MUSLIM MINDANAO (BARMM),Maguindanao del Norte,Maguindanao del Norte,2020,220110.06,estimated_gap
coconut_mature,Coconut Mature,province,BANGSAMORO AUTONOMOUS REGION IN MUSLIM MINDANAO (BARMM),Maguindanao del Norte,Maguindanao del Norte,2021,220110.06,estimated_gap
coconut_mature,Coconut Mature,province,BANGSAMORO AUTONOMOUS REGION IN MUSLIM MINDANAO (BARMM),Maguindanao del Norte,Maguindanao del Norte,2022,220110.06,estimated_gap
coconut_mature,Coconut Mature,province,BANGSAMORO AUTONOMOUS REGION IN MUSLIM MINDANAO (BARMM),Maguindanao del Norte,Maguindanao del Norte,2023,220110.06,estimated_gap
coconut_mature,Coconut Mature,province,BANGSAMORO AUTONOMOUS REGION IN MUSLIM MINDANAO (BARMM),Maguindanao del Norte,Maguindanao del Norte,2024,220110.06,estimated_gap
coconut_mature,Coconut Mature,province,BANGSAMORO AUTONOMOUS REGION IN MUSLIM MINDANAO (BARMM),Maguindanao del Norte,Maguindanao del Norte,2025,220110.06,official_psa
coconut_mature,Coconut Mature,province,BANGSAMORO AUTONOMOUS REGION IN MUSLIM MINDANAO (BARMM),Maguindanao del Norte,Maguindanao del Norte,2026,217149.85,estimated_gap
coconut_mature,Coconut Mature,province,BANGSAMORO AUTONOMOUS REGION IN MUSLIM MINDANAO (BARMM),Maguindanao del Sur,Maguindanao del Sur,2010,562079.49,estimated_gap
coconut_mature,Coconut Mature,province,BANGSAMORO AUTONOMOUS REGION IN MUSLIM MINDANAO (BARMM),Maguindanao del Sur,Maguindanao del Sur,2011,562079.49,estimated_gap
coconut_mature,Coconut Mature,province,BANGSAMORO AUTONOMOUS REGION IN MUSLIM MINDANAO (BARMM),Maguindanao del Sur,Maguindanao del Sur,2012,562079.49,estimated_gap
coconut_mature,Coconut Mature,province,BANGSAMORO AUTONOMOUS REGION IN MUSLIM MINDANAO (BARMM),Maguindanao del Sur,Maguindanao del Sur,2013,562079.49,estimated_gap
coconut_mature,Coconut Mature,province,BANGSAMORO AUTONOMOUS REGION IN MUSLIM MINDANAO (BARMM),Maguindanao del Sur,Maguindanao del Sur,2014,562079.49,estimated_gap
coconut_mature,Coconut Mature,province,BANGSAMORO AUTONOMOUS REGION IN MUSLIM MINDANAO (BARMM),Maguindanao del Sur,Maguindanao del Sur,2015,562079.49,estimated_gap
coconut_mature,Coconut Mature,province,BANGSAMORO AUTONOMOUS REGION IN MUSLIM MINDANAO (BARMM),Maguindanao del Sur,Maguindanao del Sur,2016,562079.49,estimated_gap
coconut_mature,Coconut Mature,province,BANGSAMORO AUTONOMOUS REGION IN MUSLIM MINDANAO (BARMM),Maguindanao del Sur,Maguindanao del Sur,2017,562079.49,estimated_gap
coconut_mature,Coconut Mature,province,BANGSAMORO AUTONOMOUS REGION IN MUSLIM MINDANAO (BARMM),Maguindanao del Sur,Maguindanao del Sur,2018,562079.49,estimated_gap
coconut_mature,Coconut Mature,province,BANGSAMORO AUTONOMOUS REGION IN MUSLIM MINDANAO (BARMM),Maguindanao del Sur,Maguindanao del Sur,2019,562079.49,estimated_gap
coconut_mature,Coconut Mature,province,BANGSAMORO AUTONOMOUS REGION IN MUSLIM MINDANAO (BARMM),Maguindanao del Sur,Maguindanao del Sur,2020,562079.49,estimated_gap
coconut_mature,Coconut Mature,province,BANGSAMORO AUTONOMOUS REGION IN MUSLIM MINDANAO (BARMM),Maguindanao del Sur,Maguindanao del Sur,2021,562079.49,estimated_gap
coconut_mature,Coconut Mature,province,BANGSAMORO AUTONOMOUS REGION IN MUSLIM MINDANAO (BARMM),Maguindanao del Sur,Maguindanao del Sur,2022,562079.49,estimated_gap
coconut_mature,Coconut Mature,province,BANGSAMORO AUTONOMOUS REGION IN MUSLIM MINDANAO (BARMM),Maguindanao del Sur,Maguindanao del Sur,2023,562079.49,estimated_gap
coconut_mature,Coconut Mature,province,BANGSAMORO AUTONOMOUS REGION IN MUSLIM MINDANAO (BARMM),Maguindanao del Sur,Maguindanao del Sur,2024,562079.49,estimated_gap
coconut_mature,Coconut Mature,province,BANGSAMORO AUTONOMOUS REGION IN MUSLIM MINDANAO (BARMM),Maguindanao del Sur,Maguindanao del Sur,2025,562079.49,official_psa
coconut_mature,Coconut Mature,province,BANGSAMORO AUTONOMOUS REGION IN MUSLIM MINDANAO (BARMM),Maguindanao del Sur,Maguindanao del Sur,2026,468344.56,estimated_gap
coconut_mature,Coconut Mature,province,BANGSAMORO AUTONOMOUS REGION IN MUSLIM MINDANAO (BARMM),Sulu,Sulu,2010,206658.0,official_psa
coconut_mature,Coconut Mature,province,BANGSAMORO AUTONOMOUS REGION IN MUSLIM MINDANAO (BARMM),Sulu,Sulu,2011,200363.0,official_psa
coconut_mature,Coconut Mature,province,BANGSAMORO AUTONOMOUS REGION IN MUSLIM MINDANAO (BARMM),Sulu,Sulu,2012,206763.0,official_psa
coconut_mature,Coconut Mature,province,BANGSAMORO AUTONOMOUS REGION IN MUSLIM MINDANAO (BARMM),Sulu,Sulu,2013,207720.0,official_psa
coconut_mature,Coconut Mature,province,BANGSAMORO AUTONOMOUS REGION IN MUSLIM MINDANAO (BARMM),Sulu,Sulu,2014,210069.0,official_psa
coconut_mature,Coconut Mature,province,BANGSAMORO AUTONOMOUS REGION IN MUSLIM MINDANAO (BARMM),Sulu,Sulu,2015,215308.0,official_psa
coconut_mature,Coconut Mature,province,BANGSAMORO AUTONOMOUS REGION IN MUSLIM MINDANAO (BARMM),Sulu,Sulu,2016,210030.0,official_psa
coconut_mature,Coconut Mature,province,BANGSAMORO AUTONOMOUS REGION IN MUSLIM MINDANAO (BARMM),Sulu,Sulu,2017,214073.09,official_psa
coconut_mature,Coconut Mature,province,BANGSAMORO AUTONOMOUS REGION IN MUSLIM MINDANAO (BARMM),Sulu,Sulu,2018,217125.0,official_psa
coconut_mature,Coconut Mature,province,BANGSAMORO AUTONOMOUS REGION IN MUSLIM MINDANAO (BARMM),Sulu,Sulu,2019,216930.0,official_psa
coconut_mature,Coconut Mature,province,BANGSAMORO AUTONOMOUS REGION IN MUSLIM MINDANAO (BARMM),Sulu,Sulu,2020,215560.0,official_psa
coconut_mature,Coconut Mature,province,BANGSAMORO AUTONOMOUS REGION IN MUSLIM MINDANAO (BARMM),Sulu,Sulu,2021,216200.0,official_psa
coconut_mature,Coconut Mature,province,BANGSAMORO AUTONOMOUS REGION IN MUSLIM MINDANAO (BARMM),Sulu,Sulu,2022,216361.0,official_psa
coconut_mature,Coconut Mature,province,BANGSAMORO AUTONOMOUS REGION IN MUSLIM MINDANAO (BARMM),Sulu,Sulu,2023,216360.0,official_psa
coconut_mature,Coconut Mature,province,BANGSAMORO AUTONOMOUS REGION IN MUSLIM MINDANAO (BARMM),Sulu,Sulu,2024,215750.0,official_psa
coconut_mature,Coconut Mature,province,BANGSAMORO AUTONOMOUS REGION IN MUSLIM MINDANAO (BARMM),Sulu,Sulu,2025,214558.85,official_psa
coconut_mature,Coconut Mature,province,BANGSAMORO AUTONOMOUS REGION IN MUSLIM MINDANAO (BARMM),Sulu,Sulu,2026,215242.14,estimated_gap
coconut_mature,Coconut Mature,province,BANGSAMORO AUTONOMOUS REGION IN MUSLIM MINDANAO (BARMM),Tawi-tawi,Tawi-tawi,2010,147398.75,official_psa
coconut_mature,Coconut Mature,province,BANGSAMORO AUTONOMOUS REGION IN MUSLIM MINDANAO (BARMM),Tawi-tawi,Tawi-tawi,2011,152483.0,official_psa
coconut_mature,Coconut Mature,province,BANGSAMORO AUTONOMOUS REGION IN MUSLIM MINDANAO (BARMM),Tawi-tawi,Tawi-tawi,2012,159075.75,official_psa
coconut_mature,Coconut Mature,province,BANGSAMORO AUTONOMOUS REGION IN MUSLIM MINDANAO (BARMM),Tawi-tawi,Tawi-tawi,2013,161513.0,official_psa
coconut_mature,Coconut Mature,province,BANGSAMORO AUTONOMOUS REGION IN MUSLIM MINDANAO (BARMM),Tawi-tawi,Tawi-tawi,2014,162179.0,official_psa
coconut_mature,Coconut Mature,province,BANGSAMORO AUTONOMOUS REGION IN MUSLIM MINDANAO (BARMM),Tawi-tawi,Tawi-tawi,2015,162393.0,official_psa
coconut_mature,Coconut Mature,province,BANGSAMORO AUTONOMOUS REGION IN MUSLIM MINDANAO (BARMM),Tawi-tawi,Tawi-tawi,2016,147159.0,official_psa
coconut_mature,Coconut Mature,province,BANGSAMORO AUTONOMOUS REGION IN MUSLIM MINDANAO (BARMM),Tawi-tawi,Tawi-tawi,2017,137742.0,official_psa
coconut_mature,Coconut Mature,province,BANGSAMORO AUTONOMOUS REGION IN MUSLIM MINDANAO (BARMM),Tawi-tawi,Tawi-tawi,2018,136871.0,official_psa
coconut_mature,Coconut Mature,province,BANGSAMORO AUTONOMOUS REGION IN MUSLIM MINDANAO (BARMM),Tawi-tawi,Tawi-tawi,2019,131860.0,official_psa
coconut_mature,Coconut Mature,province,BANGSAMORO AUTONOMOUS REGION IN MUSLIM MINDANAO (BARMM),Tawi-tawi,Tawi-tawi,2020,128813.0,official_psa
coconut_mature,Coconut Mature,province,BANGSAMORO AUTONOMOUS REGION IN MUSLIM MINDANAO (BARMM),Tawi-tawi,Tawi-tawi,2021,127530.0,official_psa
coconut_mature,Coconut Mature,province,BANGSAMORO AUTONOMOUS REGION IN MUSLIM MINDANAO (BARMM),Tawi-tawi,Tawi-tawi,2022,127865.0,official_psa
coconut_mature,Coconut Mature,province,BANGSAMORO AUTONOMOUS REGION IN MUSLIM MINDANAO (BARMM),Tawi-tawi,Tawi-tawi,2023,126843.0,official_psa
coconut_mature,Coconut Mature,province,BANGSAMORO AUTONOMOUS REGION IN MUSLIM MINDANAO (BARMM),Tawi-tawi,Tawi-tawi,2024,126166.0,official_psa
coconut_mature,Coconut Mature,province,BANGSAMORO AUTONOMOUS REGION IN MUSLIM MINDANAO (BARMM),Tawi-tawi,Tawi-tawi,2025,123930.0,official_psa
coconut_mature,Coconut Mature,province,BANGSAMORO AUTONOMOUS REGION IN MUSLIM MINDANAO (BARMM),Tawi-tawi,Tawi-tawi,2026,143106.84,estimated_gap
coconut_young,Coconut Young,national,,,PHILIPPINES,2010,317320.74,official_psa
coconut_young,Coconut Young,national,,,PHILIPPINES,2011,311267.6,official_psa
coconut_young,Coconut Young,national,,,PHILIPPINES,2012,334981.9,official_psa
coconut_young,Coconut Young,national,,,PHILIPPINES,2013,337047.99,official_psa
coconut_young,Coconut Young,national,,,PHILIPPINES,2014,327704.63,official_psa
coconut_young,Coconut Young,national,,,PHILIPPINES,2015,334108.12,official_psa
coconut_young,Coconut Young,national,,,PHILIPPINES,2016,339566.39,official_psa
coconut_young,Coconut Young,national,,,PHILIPPINES,2017,362495.27,official_psa
coconut_young,Coconut Young,national,,,PHILIPPINES,2018,373824.81,official_psa
coconut_young,Coconut Young,national,,,PHILIPPINES,2019,390221.46,official_psa
coconut_young,Coconut Young,national,,,PHILIPPINES,2020,394148.72,official_psa
coconut_young,Coconut Young,national,,,PHILIPPINES,2021,396092.08,official_psa
coconut_young,Coconut Young,national,,,PHILIPPINES,2022,398640.51,official_psa
coconut_young,Coconut Young,national,,,PHILIPPINES,2023,426242.87,official_psa
coconut_young,Coconut Young,national,,,PHILIPPINES,2024,425289.43,official_psa
coconut_young,Coconut Young,national,,,PHILIPPINES,2025,430355.75,official_psa
coconut_young,Coconut Young,national,,,PHILIPPINES,2026,365360.65,estimated_gap
coconut_young,Coconut Young,region,CORDILLERA ADMINISTRATIVE REGION (CAR),,CORDILLERA ADMINISTRATIVE REGION (CAR),2010,179.16,official_psa
coconut_young,Coconut Young,region,CORDILLERA ADMINISTRATIVE REGION (CAR),,CORDILLERA ADMINISTRATIVE REGION (CAR),2011,216.1,official_psa
coconut_young,Coconut Young,region,CORDILLERA ADMINISTRATIVE REGION (CAR),,CORDILLERA ADMINISTRATIVE REGION (CAR),2012,245.59,official_psa
coconut_young,Coconut Young,region,CORDILLERA ADMINISTRATIVE REGION (CAR),,CORDILLERA ADMINISTRATIVE REGION (CAR),2013,335.37,official_psa
coconut_young,Coconut Young,region,CORDILLERA ADMINISTRATIVE REGION (CAR),,CORDILLERA ADMINISTRATIVE REGION (CAR),2014,387.49,official_psa
coconut_young,Coconut Young,region,CORDILLERA ADMINISTRATIVE REGION (CAR),,CORDILLERA ADMINISTRATIVE REGION (CAR),2015,408.58,official_psa
coconut_young,Coconut Young,region,CORDILLERA ADMINISTRATIVE REGION (CAR),,CORDILLERA ADMINISTRATIVE REGION (CAR),2016,392.99,official_psa
coconut_young,Coconut Young,region,CORDILLERA ADMINISTRATIVE REGION (CAR),,CORDILLERA ADMINISTRATIVE REGION (CAR),2017,367.06,official_psa
coconut_young,Coconut Young,region,CORDILLERA ADMINISTRATIVE REGION (CAR),,CORDILLERA ADMINISTRATIVE REGION (CAR),2018,381.84,official_psa
coconut_young,Coconut Young,region,CORDILLERA ADMINISTRATIVE REGION (CAR),,CORDILLERA ADMINISTRATIVE REGION (CAR),2019,359.93,official_psa
coconut_young,Coconut Young,region,CORDILLERA ADMINISTRATIVE REGION (CAR),,CORDILLERA ADMINISTRATIVE REGION (CAR),2020,419.32,official_psa
coconut_young,Coconut Young,region,CORDILLERA ADMINISTRATIVE REGION (CAR),,CORDILLERA ADMINISTRATIVE REGION (CAR),2021,451.43,official_psa
coconut_young,Coconut Young,region,CORDILLERA ADMINISTRATIVE REGION (CAR),,CORDILLERA ADMINISTRATIVE REGION (CAR),2022,531.47,official_psa
coconut_young,Coconut Young,region,CORDILLERA ADMINISTRATIVE REGION (CAR),,CORDILLERA ADMINISTRATIVE REGION (CAR),2023,565.67,official_psa
coconut_young,Coconut Young,region,CORDILLERA ADMINISTRATIVE REGION (CAR),,CORDILLERA ADMINISTRATIVE REGION (CAR),2024,520.55,official_psa
coconut_young,Coconut Young,region,CORDILLERA ADMINISTRATIVE REGION (CAR),,CORDILLERA ADMINISTRATIVE REGION (CAR),2025,568.24,official_psa
coconut_young,Coconut Young,region,CORDILLERA ADMINISTRATIVE REGION (CAR),,CORDILLERA ADMINISTRATIVE REGION (CAR),2026,466.53,estimated_gap
coconut_young,Coconut Young,province,CORDILLERA ADMINISTRATIVE REGION (CAR),Abra,Abra,2010,10.0,estimated_gap
coconut_young,Coconut Young,province,CORDILLERA ADMINISTRATIVE REGION (CAR),Abra,Abra,2011,10.0,estimated_gap
coconut_young,Coconut Young,province,CORDILLERA ADMINISTRATIVE REGION (CAR),Abra,Abra,2012,10.0,official_psa
coconut_young,Coconut Young,province,CORDILLERA ADMINISTRATIVE REGION (CAR),Abra,Abra,2013,19.36,official_psa
coconut_young,Coconut Young,province,CORDILLERA ADMINISTRATIVE REGION (CAR),Abra,Abra,2014,20.21,official_psa
coconut_young,Coconut Young,province,CORDILLERA ADMINISTRATIVE REGION (CAR),Abra,Abra,2015,21.66,official_psa
coconut_young,Coconut Young,province,CORDILLERA ADMINISTRATIVE REGION (CAR),Abra,Abra,2016,25.0,official_psa
coconut_young,Coconut Young,province,CORDILLERA ADMINISTRATIVE REGION (CAR),Abra,Abra,2017,23.98,official_psa
coconut_young,Coconut Young,province,CORDILLERA ADMINISTRATIVE REGION (CAR),Abra,Abra,2018,25.89,official_psa
coconut_young,Coconut Young,province,CORDILLERA ADMINISTRATIVE REGION (CAR),Abra,Abra,2019,25.54,official_psa
coconut_young,Coconut Young,province,CORDILLERA ADMINISTRATIVE REGION (CAR),Abra,Abra,2020,26.75,official_psa
coconut_young,Coconut Young,province,CORDILLERA ADMINISTRATIVE REGION (CAR),Abra,Abra,2021,18.09,official_psa
coconut_young,Coconut Young,province,CORDILLERA ADMINISTRATIVE REGION (CAR),Abra,Abra,2022,27.37,official_psa
coconut_young,Coconut Young,province,CORDILLERA ADMINISTRATIVE REGION (CAR),Abra,Abra,2023,63.4,official_psa
coconut_young,Coconut Young,province,CORDILLERA ADMINISTRATIVE REGION (CAR),Abra,Abra,2024,57.74,official_psa
coconut_young,Coconut Young,province,CORDILLERA ADMINISTRATIVE REGION (CAR),Abra,Abra,2025,122.46,official_psa
coconut_young,Coconut Young,province,CORDILLERA ADMINISTRATIVE REGION (CAR),Abra,Abra,2026,43.86,estimated_gap
coconut_young,Coconut Young,province,CORDILLERA ADMINISTRATIVE REGION (CAR),Apayao,Apayao,2010,126.75,official_psa
coconut_young,Coconut Young,province,CORDILLERA ADMINISTRATIVE REGION (CAR),Apayao,Apayao,2011,124.8,official_psa
coconut_young,Coconut Young,province,CORDILLERA ADMINISTRATIVE REGION (CAR),Apayao,Apayao,2012,131.15,official_psa
coconut_young,Coconut Young,province,CORDILLERA ADMINISTRATIVE REGION (CAR),Apayao,Apayao,2013,167.75,official_psa
coconut_young,Coconut Young,province,CORDILLERA ADMINISTRATIVE REGION (CAR),Apayao,Apayao,2014,177.38,official_psa
coconut_young,Coconut Young,province,CORDILLERA ADMINISTRATIVE REGION (CAR),Apayao,Apayao,2015,188.09,official_psa
coconut_young,Coconut Young,province,CORDILLERA ADMINISTRATIVE REGION (CAR),Apayao,Apayao,2016,167.06,official_psa
coconut_young,Coconut Young,province,CORDILLERA ADMINISTRATIVE REGION (CAR),Apayao,Apayao,2017,150.81,official_psa
coconut_young,Coconut Young,province,CORDILLERA ADMINISTRATIVE REGION (CAR),Apayao,Apayao,2018,149.85,official_psa
coconut_young,Coconut Young,province,CORDILLERA ADMINISTRATIVE REGION (CAR),Apayao,Apayao,2019,140.18,official_psa
coconut_young,Coconut Young,province,CORDILLERA ADMINISTRATIVE REGION (CAR),Apayao,Apayao,2020,164.89,official_psa
coconut_young,Coconut Young,province,CORDILLERA ADMINISTRATIVE REGION (CAR),Apayao,Apayao,2021,172.98,official_psa
coconut_young,Coconut Young,province,CORDILLERA ADMINISTRATIVE REGION (CAR),Apayao,Apayao,2022,179.31,official_psa
coconut_young,Coconut Young,province,CORDILLERA ADMINISTRATIVE REGION (CAR),Apayao,Apayao,2023,164.08,official_psa
coconut_young,Coconut Young,province,CORDILLERA ADMINISTRATIVE REGION (CAR),Apayao,Apayao,2024,161.0,official_psa
coconut_young,Coconut Young,province,CORDILLERA ADMINISTRATIVE REGION (CAR),Apayao,Apayao,2025,158.57,official_psa
coconut_young,Coconut Young,province,CORDILLERA ADMINISTRATIVE REGION (CAR),Apayao,Apayao,2026,191.67,estimated_gap
coconut_young,Coconut Young,province,CORDILLERA ADMINISTRATIVE REGION (CAR),Benguet,Benguet,2010,7.88,official_psa
coconut_young,Coconut Young,province,CORDILLERA ADMINISTRATIVE REGION (CAR),Benguet,Benguet,2011,8.33,official_psa
coconut_young,Coconut Young,province,CORDILLERA ADMINISTRATIVE REGION (CAR),Benguet,Benguet,2012,8.25,official_psa
coconut_young,Coconut Young,province,CORDILLERA ADMINISTRATIVE REGION (CAR),Benguet,Benguet,2013,8.38,official_psa
coconut_young,Coconut Young,province,CORDILLERA ADMINISTRATIVE REGION (CAR),Benguet,Benguet,2014,8.59,official_psa
coconut_young,Coconut Young,province,CORDILLERA ADMINISTRATIVE REGION (CAR),Benguet,Benguet,2015,8.54,official_psa
coconut_young,Coconut Young,province,CORDILLERA ADMINISTRATIVE REGION (CAR),Benguet,Benguet,2016,8.41,official_psa
coconut_young,Coconut Young,province,CORDILLERA ADMINISTRATIVE REGION (CAR),Benguet,Benguet,2017,8.63,official_psa
coconut_young,Coconut Young,province,CORDILLERA ADMINISTRATIVE REGION (CAR),Benguet,Benguet,2018,8.6,official_psa
coconut_young,Coconut Young,province,CORDILLERA ADMINISTRATIVE REGION (CAR),Benguet,Benguet,2019,8.92,official_psa
coconut_young,Coconut Young,province,CORDILLERA ADMINISTRATIVE REGION (CAR),Benguet,Benguet,2020,9.33,official_psa
coconut_young,Coconut Young,province,CORDILLERA ADMINISTRATIVE REGION (CAR),Benguet,Benguet,2021,10.18,official_psa
coconut_young,Coconut Young,province,CORDILLERA ADMINISTRATIVE REGION (CAR),Benguet,Benguet,2022,12.06,official_psa
coconut_young,Coconut Young,province,CORDILLERA ADMINISTRATIVE REGION (CAR),Benguet,Benguet,2023,12.64,official_psa
coconut_young,Coconut Young,province,CORDILLERA ADMINISTRATIVE REGION (CAR),Benguet,Benguet,2024,12.0,official_psa
coconut_young,Coconut Young,province,CORDILLERA ADMINISTRATIVE REGION (CAR),Benguet,Benguet,2025,12.2,official_psa
coconut_young,Coconut Young,province,CORDILLERA ADMINISTRATIVE REGION (CAR),Benguet,Benguet,2026,18.44,estimated_gap
coconut_young,Coconut Young,province,CORDILLERA ADMINISTRATIVE REGION (CAR),Ifugao,Ifugao,2010,36.49,estimated_gap
coconut_young,Coconut Young,province,CORDILLERA ADMINISTRATIVE REGION (CAR),Ifugao,Ifugao,2011,36.49,official_psa
coconut_young,Coconut Young,province,CORDILLERA ADMINISTRATIVE REGION (CAR),Ifugao,Ifugao,2012,38.3,official_psa
coconut_young,Coconut Young,province,CORDILLERA ADMINISTRATIVE REGION (CAR),Ifugao,Ifugao,2013,42.6,official_psa
coconut_young,Coconut Young,province,CORDILLERA ADMINISTRATIVE REGION (CAR),Ifugao,Ifugao,2014,58.85,official_psa
coconut_young,Coconut Young,province,CORDILLERA ADMINISTRATIVE REGION (CAR),Ifugao,Ifugao,2015,72.85,official_psa
coconut_young,Coconut Young,province,CORDILLERA ADMINISTRATIVE REGION (CAR),Ifugao,Ifugao,2016,85.08,official_psa
coconut_young,Coconut Young,province,CORDILLERA ADMINISTRATIVE REGION (CAR),Ifugao,Ifugao,2017,94.22,official_psa
coconut_young,Coconut Young,province,CORDILLERA ADMINISTRATIVE REGION (CAR),Ifugao,Ifugao,2018,103.56,official_psa
coconut_young,Coconut Young,province,CORDILLERA ADMINISTRATIVE REGION (CAR),Ifugao,Ifugao,2019,116.34,official_psa
coconut_young,Coconut Young,province,CORDILLERA ADMINISTRATIVE REGION (CAR),Ifugao,Ifugao,2020,129.51,official_psa
coconut_young,Coconut Young,province,CORDILLERA ADMINISTRATIVE REGION (CAR),Ifugao,Ifugao,2021,152.43,official_psa
coconut_young,Coconut Young,province,CORDILLERA ADMINISTRATIVE REGION (CAR),Ifugao,Ifugao,2022,196.6,official_psa
coconut_young,Coconut Young,province,CORDILLERA ADMINISTRATIVE REGION (CAR),Ifugao,Ifugao,2023,200.23,official_psa
coconut_young,Coconut Young,province,CORDILLERA ADMINISTRATIVE REGION (CAR),Ifugao,Ifugao,2024,174.12,official_psa
coconut_young,Coconut Young,province,CORDILLERA ADMINISTRATIVE REGION (CAR),Ifugao,Ifugao,2025,159.8,official_psa
coconut_young,Coconut Young,province,CORDILLERA ADMINISTRATIVE REGION (CAR),Ifugao,Ifugao,2026,99.0,estimated_gap
coconut_young,Coconut Young,province,CORDILLERA ADMINISTRATIVE REGION (CAR),Kalinga,Kalinga,2010,26.97,official_psa
coconut_young,Coconut Young,province,CORDILLERA ADMINISTRATIVE REGION (CAR),Kalinga,Kalinga,2011,27.35,official_psa
coconut_young,Coconut Young,province,CORDILLERA ADMINISTRATIVE REGION (CAR),Kalinga,Kalinga,2012,38.25,official_psa
coconut_young,Coconut Young,province,CORDILLERA ADMINISTRATIVE REGION (CAR),Kalinga,Kalinga,2013,76.0,official_psa
coconut_young,Coconut Young,province,CORDILLERA ADMINISTRATIVE REGION (CAR),Kalinga,Kalinga,2014,102.0,official_psa
coconut_young,Coconut Young,province,CORDILLERA ADMINISTRATIVE REGION (CAR),Kalinga,Kalinga,2015,96.24,official_psa
coconut_young,Coconut Young,province,CORDILLERA ADMINISTRATIVE REGION (CAR),Kalinga,Kalinga,2016,85.15,official_psa
coconut_young,Coconut Young,province,CORDILLERA ADMINISTRATIVE REGION (CAR),Kalinga,Kalinga,2017,67.62,official_psa
coconut_young,Coconut Young,province,CORDILLERA ADMINISTRATIVE REGION (CAR),Kalinga,Kalinga,2018,70.43,official_psa
coconut_young,Coconut Young,province,CORDILLERA ADMINISTRATIVE REGION (CAR),Kalinga,Kalinga,2019,48.24,official_psa
coconut_young,Coconut Young,province,CORDILLERA ADMINISTRATIVE REGION (CAR),Kalinga,Kalinga,2020,65.49,official_psa
coconut_young,Coconut Young,province,CORDILLERA ADMINISTRATIVE REGION (CAR),Kalinga,Kalinga,2021,72.85,official_psa
coconut_young,Coconut Young,province,CORDILLERA ADMINISTRATIVE REGION (CAR),Kalinga,Kalinga,2022,86.33,official_psa
coconut_young,Coconut Young,province,CORDILLERA ADMINISTRATIVE REGION (CAR),Kalinga,Kalinga,2023,102.39,official_psa
coconut_young,Coconut Young,province,CORDILLERA ADMINISTRATIVE REGION (CAR),Kalinga,Kalinga,2024,95.7,official_psa
coconut_young,Coconut Young,province,CORDILLERA ADMINISTRATIVE REGION (CAR),Kalinga,Kalinga,2025,94.74,official_psa
coconut_young,Coconut Young,province,CORDILLERA ADMINISTRATIVE REGION (CAR),Kalinga,Kalinga,2026,96.26,estimated_gap
coconut_young,Coconut Young,province,CORDILLERA ADMINISTRATIVE REGION (CAR),Mountain Province,Mountain Province,2010,17.56,official_psa
coconut_young,Coconut Young,province,CORDILLERA ADMINISTRATIVE REGION (CAR),Mountain Province,Mountain Province,2011,19.13,official_psa
coconut_young,Coconut Young,province,CORDILLERA ADMINISTRATIVE REGION (CAR),Mountain Province,Mountain Province,2012,19.64,official_psa
coconut_young,Coconut Young,province,CORDILLERA ADMINISTRATIVE REGION (CAR),Mountain Province,Mountain Province,2013,21.28,official_psa
coconut_young,Coconut Young,province,CORDILLERA ADMINISTRATIVE REGION (CAR),Mountain Province,Mountain Province,2014,20.46,official_psa
coconut_young,Coconut Young,province,CORDILLERA ADMINISTRATIVE REGION (CAR),Mountain Province,Mountain Province,2015,21.2,official_psa
coconut_young,Coconut Young,province,CORDILLERA ADMINISTRATIVE REGION (CAR),Mountain Province,Mountain Province,2016,22.29,official_psa
coconut_young,Coconut Young,province,CORDILLERA ADMINISTRATIVE REGION (CAR),Mountain Province,Mountain Province,2017,21.8,official_psa
coconut_young,Coconut Young,province,CORDILLERA ADMINISTRATIVE REGION (CAR),Mountain Province,Mountain Province,2018,23.51,official_psa
coconut_young,Coconut Young,province,CORDILLERA ADMINISTRATIVE REGION (CAR),Mountain Province,Mountain Province,2019,20.71,official_psa
coconut_young,Coconut Young,province,CORDILLERA ADMINISTRATIVE REGION (CAR),Mountain Province,Mountain Province,2020,23.35,official_psa
coconut_young,Coconut Young,province,CORDILLERA ADMINISTRATIVE REGION (CAR),Mountain Province,Mountain Province,2021,24.9,official_psa
coconut_young,Coconut Young,province,CORDILLERA ADMINISTRATIVE REGION (CAR),Mountain Province,Mountain Province,2022,29.8,official_psa
coconut_young,Coconut Young,province,CORDILLERA ADMINISTRATIVE REGION (CAR),Mountain Province,Mountain Province,2023,22.93,official_psa
coconut_young,Coconut Young,province,CORDILLERA ADMINISTRATIVE REGION (CAR),Mountain Province,Mountain Province,2024,20.0,official_psa
coconut_young,Coconut Young,province,CORDILLERA ADMINISTRATIVE REGION (CAR),Mountain Province,Mountain Province,2025,20.48,official_psa
coconut_young,Coconut Young,province,CORDILLERA ADMINISTRATIVE REGION (CAR),Mountain Province,Mountain Province,2026,14.23,estimated_gap
coconut_young,Coconut Young,region,REGION I (ILOCOS REGION),,REGION I (ILOCOS REGION),2010,26686.25,official_psa
coconut_young,Coconut Young,region,REGION I (ILOCOS REGION),,REGION I (ILOCOS REGION),2011,27697.29,official_psa
coconut_young,Coconut Young,region,REGION I (ILOCOS REGION),,REGION I (ILOCOS REGION),2012,28592.52,official_psa
coconut_young,Coconut Young,region,REGION I (ILOCOS REGION),,REGION I (ILOCOS REGION),2013,29605.05,official_psa
coconut_young,Coconut Young,region,REGION I (ILOCOS REGION),,REGION I (ILOCOS REGION),2014,29991.15,official_psa
coconut_young,Coconut Young,region,REGION I (ILOCOS REGION),,REGION I (ILOCOS REGION),2015,28781.94,official_psa
coconut_young,Coconut Young,region,REGION I (ILOCOS REGION),,REGION I (ILOCOS REGION),2016,29406.9,official_psa
coconut_young,Coconut Young,region,REGION I (ILOCOS REGION),,REGION I (ILOCOS REGION),2017,32143.35,official_psa
coconut_young,Coconut Young,region,REGION I (ILOCOS REGION),,REGION I (ILOCOS REGION),2018,31311.45,official_psa
coconut_young,Coconut Young,region,REGION I (ILOCOS REGION),,REGION I (ILOCOS REGION),2019,31378.56,official_psa
coconut_young,Coconut Young,region,REGION I (ILOCOS REGION),,REGION I (ILOCOS REGION),2020,32234.01,official_psa
coconut_young,Coconut Young,region,REGION I (ILOCOS REGION),,REGION I (ILOCOS REGION),2021,32607.16,official_psa
coconut_young,Coconut Young,region,REGION I (ILOCOS REGION),,REGION I (ILOCOS REGION),2022,34901.03,official_psa
coconut_young,Coconut Young,region,REGION I (ILOCOS REGION),,REGION I (ILOCOS REGION),2023,35865.32,official_psa
coconut_young,Coconut Young,region,REGION I (ILOCOS REGION),,REGION I (ILOCOS REGION),2024,36444.52,official_psa
coconut_young,Coconut Young,region,REGION I (ILOCOS REGION),,REGION I (ILOCOS REGION),2025,38880.83,official_psa
coconut_young,Coconut Young,region,REGION I (ILOCOS REGION),,REGION I (ILOCOS REGION),2026,39146.85,estimated_gap
coconut_young,Coconut Young,province,REGION I (ILOCOS REGION),Ilocos Norte,Ilocos Norte,2010,1606.42,official_psa
coconut_young,Coconut Young,province,REGION I (ILOCOS REGION),Ilocos Norte,Ilocos Norte,2011,1813.22,official_psa
coconut_young,Coconut Young,province,REGION I (ILOCOS REGION),Ilocos Norte,Ilocos Norte,2012,2165.98,official_psa
coconut_young,Coconut Young,province,REGION I (ILOCOS REGION),Ilocos Norte,Ilocos Norte,2013,2353.76,official_psa
coconut_young,Coconut Young,province,REGION I (ILOCOS REGION),Ilocos Norte,Ilocos Norte,2014,2648.66,official_psa
coconut_young,Coconut Young,province,REGION I (ILOCOS REGION),Ilocos Norte,Ilocos Norte,2015,2847.78,official_psa
coconut_young,Coconut Young,province,REGION I (ILOCOS REGION),Ilocos Norte,Ilocos Norte,2016,3000.08,official_psa
coconut_young,Coconut Young,province,REGION I (ILOCOS REGION),Ilocos Norte,Ilocos Norte,2017,3164.87,official_psa
coconut_young,Coconut Young,province,REGION I (ILOCOS REGION),Ilocos Norte,Ilocos Norte,2018,3350.29,official_psa
coconut_young,Coconut Young,province,REGION I (ILOCOS REGION),Ilocos Norte,Ilocos Norte,2019,3519.97,official_psa
coconut_young,Coconut Young,province,REGION I (ILOCOS REGION),Ilocos Norte,Ilocos Norte,2020,3387.41,official_psa
coconut_young,Coconut Young,province,REGION I (ILOCOS REGION),Ilocos Norte,Ilocos Norte,2021,3440.11,official_psa
coconut_young,Coconut Young,province,REGION I (ILOCOS REGION),Ilocos Norte,Ilocos Norte,2022,3577.78,official_psa
coconut_young,Coconut Young,province,REGION I (ILOCOS REGION),Ilocos Norte,Ilocos Norte,2023,3722.31,official_psa
coconut_young,Coconut Young,province,REGION I (ILOCOS REGION),Ilocos Norte,Ilocos Norte,2024,3823.14,official_psa
coconut_young,Coconut Young,province,REGION I (ILOCOS REGION),Ilocos Norte,Ilocos Norte,2025,3723.46,official_psa
coconut_young,Coconut Young,province,REGION I (ILOCOS REGION),Ilocos Norte,Ilocos Norte,2026,3940.27,estimated_gap
coconut_young,Coconut Young,province,REGION I (ILOCOS REGION),Ilocos Sur,Ilocos Sur,2010,3605.83,official_psa
coconut_young,Coconut Young,province,REGION I (ILOCOS REGION),Ilocos Sur,Ilocos Sur,2011,3452.47,official_psa
coconut_young,Coconut Young,province,REGION I (ILOCOS REGION),Ilocos Sur,Ilocos Sur,2012,3331.58,official_psa
coconut_young,Coconut Young,province,REGION I (ILOCOS REGION),Ilocos Sur,Ilocos Sur,2013,3378.53,official_psa
coconut_young,Coconut Young,province,REGION I (ILOCOS REGION),Ilocos Sur,Ilocos Sur,2014,3237.98,official_psa
coconut_young,Coconut Young,province,REGION I (ILOCOS REGION),Ilocos Sur,Ilocos Sur,2015,3080.56,official_psa
coconut_young,Coconut Young,province,REGION I (ILOCOS REGION),Ilocos Sur,Ilocos Sur,2016,3228.3,official_psa
coconut_young,Coconut Young,province,REGION I (ILOCOS REGION),Ilocos Sur,Ilocos Sur,2017,3374.01,official_psa
coconut_young,Coconut Young,province,REGION I (ILOCOS REGION),Ilocos Sur,Ilocos Sur,2018,3390.25,official_psa
coconut_young,Coconut Young,province,REGION I (ILOCOS REGION),Ilocos Sur,Ilocos Sur,2019,3336.31,official_psa
coconut_young,Coconut Young,province,REGION I (ILOCOS REGION),Ilocos Sur,Ilocos Sur,2020,3522.61,official_psa
coconut_young,Coconut Young,province,REGION I (ILOCOS REGION),Ilocos Sur,Ilocos Sur,2021,3747.82,official_psa
coconut_young,Coconut Young,province,REGION I (ILOCOS REGION),Ilocos Sur,Ilocos Sur,2022,4404.7,official_psa
coconut_young,Coconut Young,province,REGION I (ILOCOS REGION),Ilocos Sur,Ilocos Sur,2023,4321.68,official_psa
coconut_young,Coconut Young,province,REGION I (ILOCOS REGION),Ilocos Sur,Ilocos Sur,2024,4287.6,official_psa
coconut_young,Coconut Young,province,REGION I (ILOCOS REGION),Ilocos Sur,Ilocos Sur,2025,4355.82,official_psa
coconut_young,Coconut Young,province,REGION I (ILOCOS REGION),Ilocos Sur,Ilocos Sur,2026,4121.99,estimated_gap
coconut_young,Coconut Young,province,REGION I (ILOCOS REGION),La Union,La Union,2010,1668.55,official_psa
coconut_young,Coconut Young,province,REGION I (ILOCOS REGION),La Union,La Union,2011,1745.09,official_psa
coconut_young,Coconut Young,province,REGION I (ILOCOS REGION),La Union,La Union,2012,1870.04,official_psa
coconut_young,Coconut Young,province,REGION I (ILOCOS REGION),La Union,La Union,2013,1958.35,official_psa
coconut_young,Coconut Young,province,REGION I (ILOCOS REGION),La Union,La Union,2014,2069.48,official_psa
coconut_young,Coconut Young,province,REGION I (ILOCOS REGION),La Union,La Union,2015,2102.9,official_psa
coconut_young,Coconut Young,province,REGION I (ILOCOS REGION),La Union,La Union,2016,2061.42,official_psa
coconut_young,Coconut Young,province,REGION I (ILOCOS REGION),La Union,La Union,2017,2154.66,official_psa
coconut_young,Coconut Young,province,REGION I (ILOCOS REGION),La Union,La Union,2018,2173.47,official_psa
coconut_young,Coconut Young,province,REGION I (ILOCOS REGION),La Union,La Union,2019,2222.99,official_psa
coconut_young,Coconut Young,province,REGION I (ILOCOS REGION),La Union,La Union,2020,2225.48,official_psa
coconut_young,Coconut Young,province,REGION I (ILOCOS REGION),La Union,La Union,2021,2194.51,official_psa
coconut_young,Coconut Young,province,REGION I (ILOCOS REGION),La Union,La Union,2022,2316.47,official_psa
coconut_young,Coconut Young,province,REGION I (ILOCOS REGION),La Union,La Union,2023,2365.8,official_psa
coconut_young,Coconut Young,province,REGION I (ILOCOS REGION),La Union,La Union,2024,2392.08,official_psa
coconut_young,Coconut Young,province,REGION I (ILOCOS REGION),La Union,La Union,2025,2372.22,official_psa
coconut_young,Coconut Young,province,REGION I (ILOCOS REGION),La Union,La Union,2026,2742.97,estimated_gap
coconut_young,Coconut Young,province,REGION I (ILOCOS REGION),Pangasinan,Pangasinan,2010,19805.46,official_psa
coconut_young,Coconut Young,province,REGION I (ILOCOS REGION),Pangasinan,Pangasinan,2011,20686.51,official_psa
coconut_young,Coconut Young,province,REGION I (ILOCOS REGION),Pangasinan,Pangasinan,2012,21224.92,official_psa
coconut_young,Coconut Young,province,REGION I (ILOCOS REGION),Pangasinan,Pangasinan,2013,21914.41,official_psa
coconut_young,Coconut Young,province,REGION I (ILOCOS REGION),Pangasinan,Pangasinan,2014,22035.03,official_psa
coconut_young,Coconut Young,province,REGION I (ILOCOS REGION),Pangasinan,Pangasinan,2015,20750.69,official_psa
coconut_young,Coconut Young,province,REGION I (ILOCOS REGION),Pangasinan,Pangasinan,2016,21117.1,official_psa
coconut_young,Coconut Young,province,REGION I (ILOCOS REGION),Pangasinan,Pangasinan,2017,23449.81,official_psa
coconut_young,Coconut Young,province,REGION I (ILOCOS REGION),Pangasinan,Pangasinan,2018,22397.44,official_psa
coconut_young,Coconut Young,province,REGION I (ILOCOS REGION),Pangasinan,Pangasinan,2019,22299.28,official_psa
coconut_young,Coconut Young,province,REGION I (ILOCOS REGION),Pangasinan,Pangasinan,2020,23098.52,official_psa
coconut_young,Coconut Young,province,REGION I (ILOCOS REGION),Pangasinan,Pangasinan,2021,23224.72,official_psa
coconut_young,Coconut Young,province,REGION I (ILOCOS REGION),Pangasinan,Pangasinan,2022,24602.09,official_psa
coconut_young,Coconut Young,province,REGION I (ILOCOS REGION),Pangasinan,Pangasinan,2023,25455.53,official_psa
coconut_young,Coconut Young,province,REGION I (ILOCOS REGION),Pangasinan,Pangasinan,2024,25941.7,official_psa
coconut_young,Coconut Young,province,REGION I (ILOCOS REGION),Pangasinan,Pangasinan,2025,28429.33,official_psa
coconut_young,Coconut Young,province,REGION I (ILOCOS REGION),Pangasinan,Pangasinan,2026,28148.15,estimated_gap
coconut_young,Coconut Young,region,REGION II (CAGAYAN VALLEY),,REGION II (CAGAYAN VALLEY),2010,38163.19,official_psa
coconut_young,Coconut Young,region,REGION II (CAGAYAN VALLEY),,REGION II (CAGAYAN VALLEY),2011,34072.1,official_psa
coconut_young,Coconut Young,region,REGION II (CAGAYAN VALLEY),,REGION II (CAGAYAN VALLEY),2012,40638.26,official_psa
coconut_young,Coconut Young,region,REGION II (CAGAYAN VALLEY),,REGION II (CAGAYAN VALLEY),2013,44659.77,official_psa
coconut_young,Coconut Young,region,REGION II (CAGAYAN VALLEY),,REGION II (CAGAYAN VALLEY),2014,47911.16,official_psa
coconut_young,Coconut Young,region,REGION II (CAGAYAN VALLEY),,REGION II (CAGAYAN VALLEY),2015,49157.64,official_psa
coconut_young,Coconut Young,region,REGION II (CAGAYAN VALLEY),,REGION II (CAGAYAN VALLEY),2016,49469.92,official_psa
coconut_young,Coconut Young,region,REGION II (CAGAYAN VALLEY),,REGION II (CAGAYAN VALLEY),2017,47777.2,official_psa
coconut_young,Coconut Young,region,REGION II (CAGAYAN VALLEY),,REGION II (CAGAYAN VALLEY),2018,48876.15,official_psa
coconut_young,Coconut Young,region,REGION II (CAGAYAN VALLEY),,REGION II (CAGAYAN VALLEY),2019,49296.77,official_psa
coconut_young,Coconut Young,region,REGION II (CAGAYAN VALLEY),,REGION II (CAGAYAN VALLEY),2020,54334.85,official_psa
coconut_young,Coconut Young,region,REGION II (CAGAYAN VALLEY),,REGION II (CAGAYAN VALLEY),2021,55779.79,official_psa
coconut_young,Coconut Young,region,REGION II (CAGAYAN VALLEY),,REGION II (CAGAYAN VALLEY),2022,56742.04,official_psa
coconut_young,Coconut Young,region,REGION II (CAGAYAN VALLEY),,REGION II (CAGAYAN VALLEY),2023,58683.74,official_psa
coconut_young,Coconut Young,region,REGION II (CAGAYAN VALLEY),,REGION II (CAGAYAN VALLEY),2024,56910.23,official_psa
coconut_young,Coconut Young,region,REGION II (CAGAYAN VALLEY),,REGION II (CAGAYAN VALLEY),2025,55519.22,official_psa
coconut_young,Coconut Young,region,REGION II (CAGAYAN VALLEY),,REGION II (CAGAYAN VALLEY),2026,56980.19,estimated_gap
coconut_young,Coconut Young,province,REGION II (CAGAYAN VALLEY),Batanes,Batanes,2010,382.37,estimated_gap
coconut_young,Coconut Young,province,REGION II (CAGAYAN VALLEY),Batanes,Batanes,2011,382.37,estimated_gap
coconut_young,Coconut Young,province,REGION II (CAGAYAN VALLEY),Batanes,Batanes,2012,382.37,official_psa
coconut_young,Coconut Young,province,REGION II (CAGAYAN VALLEY),Batanes,Batanes,2013,309.13,official_psa
coconut_young,Coconut Young,province,REGION II (CAGAYAN VALLEY),Batanes,Batanes,2014,245.41,official_psa
coconut_young,Coconut Young,province,REGION II (CAGAYAN VALLEY),Batanes,Batanes,2015,246.43,official_psa
coconut_young,Coconut Young,province,REGION II (CAGAYAN VALLEY),Batanes,Batanes,2016,220.3,official_psa
coconut_young,Coconut Young,province,REGION II (CAGAYAN VALLEY),Batanes,Batanes,2017,183.94,official_psa
coconut_young,Coconut Young,province,REGION II (CAGAYAN VALLEY),Batanes,Batanes,2018,197.3,official_psa
coconut_young,Coconut Young,province,REGION II (CAGAYAN VALLEY),Batanes,Batanes,2019,213.5,official_psa
coconut_young,Coconut Young,province,REGION II (CAGAYAN VALLEY),Batanes,Batanes,2020,245.09,official_psa
coconut_young,Coconut Young,province,REGION II (CAGAYAN VALLEY),Batanes,Batanes,2021,249.8,official_psa
coconut_young,Coconut Young,province,REGION II (CAGAYAN VALLEY),Batanes,Batanes,2022,94.52,official_psa
coconut_young,Coconut Young,province,REGION II (CAGAYAN VALLEY),Batanes,Batanes,2023,132.83,official_psa
coconut_young,Coconut Young,province,REGION II (CAGAYAN VALLEY),Batanes,Batanes,2024,132.98,official_psa
coconut_young,Coconut Young,province,REGION II (CAGAYAN VALLEY),Batanes,Batanes,2025,86.52,official_psa
coconut_young,Coconut Young,province,REGION II (CAGAYAN VALLEY),Batanes,Batanes,2026,42.24,estimated_gap
coconut_young,Coconut Young,province,REGION II (CAGAYAN VALLEY),Cagayan,Cagayan,2010,11729.12,official_psa
coconut_young,Coconut Young,province,REGION II (CAGAYAN VALLEY),Cagayan,Cagayan,2011,12569.7,official_psa
coconut_young,Coconut Young,province,REGION II (CAGAYAN VALLEY),Cagayan,Cagayan,2012,12508.41,official_psa
coconut_young,Coconut Young,province,REGION II (CAGAYAN VALLEY),Cagayan,Cagayan,2013,12550.01,official_psa
coconut_young,Coconut Young,province,REGION II (CAGAYAN VALLEY),Cagayan,Cagayan,2014,12721.28,official_psa
coconut_young,Coconut Young,province,REGION II (CAGAYAN VALLEY),Cagayan,Cagayan,2015,13809.57,official_psa
coconut_young,Coconut Young,province,REGION II (CAGAYAN VALLEY),Cagayan,Cagayan,2016,15702.34,official_psa
coconut_young,Coconut Young,province,REGION II (CAGAYAN VALLEY),Cagayan,Cagayan,2017,14246.16,official_psa
coconut_young,Coconut Young,province,REGION II (CAGAYAN VALLEY),Cagayan,Cagayan,2018,14426.09,official_psa
coconut_young,Coconut Young,province,REGION II (CAGAYAN VALLEY),Cagayan,Cagayan,2019,14369.04,official_psa
coconut_young,Coconut Young,province,REGION II (CAGAYAN VALLEY),Cagayan,Cagayan,2020,18854.46,official_psa
coconut_young,Coconut Young,province,REGION II (CAGAYAN VALLEY),Cagayan,Cagayan,2021,20449.48,official_psa
coconut_young,Coconut Young,province,REGION II (CAGAYAN VALLEY),Cagayan,Cagayan,2022,21325.98,official_psa
coconut_young,Coconut Young,province,REGION II (CAGAYAN VALLEY),Cagayan,Cagayan,2023,22644.74,official_psa
coconut_young,Coconut Young,province,REGION II (CAGAYAN VALLEY),Cagayan,Cagayan,2024,21627.16,official_psa
coconut_young,Coconut Young,province,REGION II (CAGAYAN VALLEY),Cagayan,Cagayan,2025,20905.2,official_psa
coconut_young,Coconut Young,province,REGION II (CAGAYAN VALLEY),Cagayan,Cagayan,2026,22169.03,estimated_gap
coconut_young,Coconut Young,province,REGION II (CAGAYAN VALLEY),Isabela,Isabela,2010,16757.63,official_psa
coconut_young,Coconut Young,province,REGION II (CAGAYAN VALLEY),Isabela,Isabela,2011,11703.36,official_psa
coconut_young,Coconut Young,province,REGION II (CAGAYAN VALLEY),Isabela,Isabela,2012,17977.44,official_psa
coconut_young,Coconut Young,province,REGION II (CAGAYAN VALLEY),Isabela,Isabela,2013,22170.37,official_psa
coconut_young,Coconut Young,province,REGION II (CAGAYAN VALLEY),Isabela,Isabela,2014,25139.77,official_psa
coconut_young,Coconut Young,province,REGION II (CAGAYAN VALLEY),Isabela,Isabela,2015,26042.95,official_psa
coconut_young,Coconut Young,province,REGION II (CAGAYAN VALLEY),Isabela,Isabela,2016,25082.89,official_psa
coconut_young,Coconut Young,province,REGION II (CAGAYAN VALLEY),Isabela,Isabela,2017,24518.68,official_psa
coconut_young,Coconut Young,province,REGION II (CAGAYAN VALLEY),Isabela,Isabela,2018,25353.39,official_psa
coconut_young,Coconut Young,province,REGION II (CAGAYAN VALLEY),Isabela,Isabela,2019,25475.88,official_psa
coconut_young,Coconut Young,province,REGION II (CAGAYAN VALLEY),Isabela,Isabela,2020,25910.7,official_psa
coconut_young,Coconut Young,province,REGION II (CAGAYAN VALLEY),Isabela,Isabela,2021,26015.41,official_psa
coconut_young,Coconut Young,province,REGION II (CAGAYAN VALLEY),Isabela,Isabela,2022,26109.75,official_psa
coconut_young,Coconut Young,province,REGION II (CAGAYAN VALLEY),Isabela,Isabela,2023,26160.23,official_psa
coconut_young,Coconut Young,province,REGION II (CAGAYAN VALLEY),Isabela,Isabela,2024,25851.59,official_psa
coconut_young,Coconut Young,province,REGION II (CAGAYAN VALLEY),Isabela,Isabela,2025,25306.08,official_psa
coconut_young,Coconut Young,province,REGION II (CAGAYAN VALLEY),Isabela,Isabela,2026,26054.41,estimated_gap
coconut_young,Coconut Young,province,REGION II (CAGAYAN VALLEY),Nueva Vizcaya,Nueva Vizcaya,2010,7828.68,official_psa
coconut_young,Coconut Young,province,REGION II (CAGAYAN VALLEY),Nueva Vizcaya,Nueva Vizcaya,2011,8030.0,official_psa
coconut_young,Coconut Young,province,REGION II (CAGAYAN VALLEY),Nueva Vizcaya,Nueva Vizcaya,2012,7970.7,official_psa
coconut_young,Coconut Young,province,REGION II (CAGAYAN VALLEY),Nueva Vizcaya,Nueva Vizcaya,2013,7854.28,official_psa
coconut_young,Coconut Young,province,REGION II (CAGAYAN VALLEY),Nueva Vizcaya,Nueva Vizcaya,2014,7940.57,official_psa
coconut_young,Coconut Young,province,REGION II (CAGAYAN VALLEY),Nueva Vizcaya,Nueva Vizcaya,2015,7189.36,official_psa
coconut_young,Coconut Young,province,REGION II (CAGAYAN VALLEY),Nueva Vizcaya,Nueva Vizcaya,2016,6601.05,official_psa
coconut_young,Coconut Young,province,REGION II (CAGAYAN VALLEY),Nueva Vizcaya,Nueva Vizcaya,2017,6944.91,official_psa
coconut_young,Coconut Young,province,REGION II (CAGAYAN VALLEY),Nueva Vizcaya,Nueva Vizcaya,2018,7004.44,official_psa
coconut_young,Coconut Young,province,REGION II (CAGAYAN VALLEY),Nueva Vizcaya,Nueva Vizcaya,2019,7087.1,official_psa
coconut_young,Coconut Young,province,REGION II (CAGAYAN VALLEY),Nueva Vizcaya,Nueva Vizcaya,2020,7087.42,official_psa
coconut_young,Coconut Young,province,REGION II (CAGAYAN VALLEY),Nueva Vizcaya,Nueva Vizcaya,2021,6914.46,official_psa
coconut_young,Coconut Young,province,REGION II (CAGAYAN VALLEY),Nueva Vizcaya,Nueva Vizcaya,2022,6898.5,official_psa
coconut_young,Coconut Young,province,REGION II (CAGAYAN VALLEY),Nueva Vizcaya,Nueva Vizcaya,2023,7288.26,official_psa
coconut_young,Coconut Young,province,REGION II (CAGAYAN VALLEY),Nueva Vizcaya,Nueva Vizcaya,2024,6953.65,official_psa
coconut_young,Coconut Young,province,REGION II (CAGAYAN VALLEY),Nueva Vizcaya,Nueva Vizcaya,2025,7034.4,official_psa
coconut_young,Coconut Young,province,REGION II (CAGAYAN VALLEY),Nueva Vizcaya,Nueva Vizcaya,2026,7162.29,estimated_gap
coconut_young,Coconut Young,province,REGION II (CAGAYAN VALLEY),Quirino,Quirino,2010,1847.76,official_psa
coconut_young,Coconut Young,province,REGION II (CAGAYAN VALLEY),Quirino,Quirino,2011,1769.04,official_psa
coconut_young,Coconut Young,province,REGION II (CAGAYAN VALLEY),Quirino,Quirino,2012,1799.34,official_psa
coconut_young,Coconut Young,province,REGION II (CAGAYAN VALLEY),Quirino,Quirino,2013,1775.98,official_psa
coconut_young,Coconut Young,province,REGION II (CAGAYAN VALLEY),Quirino,Quirino,2014,1864.13,official_psa
coconut_young,Coconut Young,province,REGION II (CAGAYAN VALLEY),Quirino,Quirino,2015,1869.33,official_psa
coconut_young,Coconut Young,province,REGION II (CAGAYAN VALLEY),Quirino,Quirino,2016,1863.34,official_psa
coconut_young,Coconut Young,province,REGION II (CAGAYAN VALLEY),Quirino,Quirino,2017,1883.51,official_psa
coconut_young,Coconut Young,province,REGION II (CAGAYAN VALLEY),Quirino,Quirino,2018,1894.93,official_psa
coconut_young,Coconut Young,province,REGION II (CAGAYAN VALLEY),Quirino,Quirino,2019,2151.25,official_psa
coconut_young,Coconut Young,province,REGION II (CAGAYAN VALLEY),Quirino,Quirino,2020,2237.18,official_psa
coconut_young,Coconut Young,province,REGION II (CAGAYAN VALLEY),Quirino,Quirino,2021,2150.64,official_psa
coconut_young,Coconut Young,province,REGION II (CAGAYAN VALLEY),Quirino,Quirino,2022,2313.29,official_psa
coconut_young,Coconut Young,province,REGION II (CAGAYAN VALLEY),Quirino,Quirino,2023,2457.68,official_psa
coconut_young,Coconut Young,province,REGION II (CAGAYAN VALLEY),Quirino,Quirino,2024,2344.85,official_psa
coconut_young,Coconut Young,province,REGION II (CAGAYAN VALLEY),Quirino,Quirino,2025,2187.02,official_psa
coconut_young,Coconut Young,province,REGION II (CAGAYAN VALLEY),Quirino,Quirino,2026,2131.16,estimated_gap
coconut_young,Coconut Young,region,REGION III (CENTRAL LUZON),,REGION III (CENTRAL LUZON),2010,53163.1,official_psa
coconut_young,Coconut Young,region,REGION III (CENTRAL LUZON),,REGION III (CENTRAL LUZON),2011,53662.81,official_psa
coconut_young,Coconut Young,region,REGION III (CENTRAL LUZON),,REGION III (CENTRAL LUZON),2012,54971.32,official_psa
coconut_young,Coconut Young,region,REGION III (CENTRAL LUZON),,REGION III (CENTRAL LUZON),2013,46333.87,official_psa
coconut_young,Coconut Young,region,REGION III (CENTRAL LUZON),,REGION III (CENTRAL LUZON),2014,54025.29,official_psa
coconut_young,Coconut Young,region,REGION III (CENTRAL LUZON),,REGION III (CENTRAL LUZON),2015,50004.28,official_psa
coconut_young,Coconut Young,region,REGION III (CENTRAL LUZON),,REGION III (CENTRAL LUZON),2016,38815.19,official_psa
coconut_young,Coconut Young,region,REGION III (CENTRAL LUZON),,REGION III (CENTRAL LUZON),2017,39699.2,official_psa
coconut_young,Coconut Young,region,REGION III (CENTRAL LUZON),,REGION III (CENTRAL LUZON),2018,42607.22,official_psa
coconut_young,Coconut Young,region,REGION III (CENTRAL LUZON),,REGION III (CENTRAL LUZON),2019,45291.33,official_psa
coconut_young,Coconut Young,region,REGION III (CENTRAL LUZON),,REGION III (CENTRAL LUZON),2020,44312.6,official_psa
coconut_young,Coconut Young,region,REGION III (CENTRAL LUZON),,REGION III (CENTRAL LUZON),2021,36309.28,official_psa
coconut_young,Coconut Young,region,REGION III (CENTRAL LUZON),,REGION III (CENTRAL LUZON),2022,38575.87,official_psa
coconut_young,Coconut Young,region,REGION III (CENTRAL LUZON),,REGION III (CENTRAL LUZON),2023,32901.99,official_psa
coconut_young,Coconut Young,region,REGION III (CENTRAL LUZON),,REGION III (CENTRAL LUZON),2024,27677.01,official_psa
coconut_young,Coconut Young,region,REGION III (CENTRAL LUZON),,REGION III (CENTRAL LUZON),2025,33892.01,official_psa
coconut_young,Coconut Young,region,REGION III (CENTRAL LUZON),,REGION III (CENTRAL LUZON),2026,30839.54,estimated_gap
coconut_young,Coconut Young,province,REGION III (CENTRAL LUZON),Aurora,Aurora,2010,50100.0,official_psa
coconut_young,Coconut Young,province,REGION III (CENTRAL LUZON),Aurora,Aurora,2011,50555.0,official_psa
coconut_young,Coconut Young,province,REGION III (CENTRAL LUZON),Aurora,Aurora,2012,51860.0,official_psa
coconut_young,Coconut Young,province,REGION III (CENTRAL LUZON),Aurora,Aurora,2013,43230.0,official_psa
coconut_young,Coconut Young,province,REGION III (CENTRAL LUZON),Aurora,Aurora,2014,50900.0,official_psa
coconut_young,Coconut Young,province,REGION III (CENTRAL LUZON),Aurora,Aurora,2015,46830.0,official_psa
coconut_young,Coconut Young,province,REGION III (CENTRAL LUZON),Aurora,Aurora,2016,35660.0,official_psa
coconut_young,Coconut Young,province,REGION III (CENTRAL LUZON),Aurora,Aurora,2017,36685.6,official_psa
coconut_young,Coconut Young,province,REGION III (CENTRAL LUZON),Aurora,Aurora,2018,39488.38,official_psa
coconut_young,Coconut Young,province,REGION III (CENTRAL LUZON),Aurora,Aurora,2019,41996.39,official_psa
coconut_young,Coconut Young,province,REGION III (CENTRAL LUZON),Aurora,Aurora,2020,41051.08,official_psa
coconut_young,Coconut Young,province,REGION III (CENTRAL LUZON),Aurora,Aurora,2021,33064.42,official_psa
coconut_young,Coconut Young,province,REGION III (CENTRAL LUZON),Aurora,Aurora,2022,35158.19,official_psa
coconut_young,Coconut Young,province,REGION III (CENTRAL LUZON),Aurora,Aurora,2023,29547.11,official_psa
coconut_young,Coconut Young,province,REGION III (CENTRAL LUZON),Aurora,Aurora,2024,24150.61,official_psa
coconut_young,Coconut Young,province,REGION III (CENTRAL LUZON),Aurora,Aurora,2025,30384.98,official_psa
coconut_young,Coconut Young,province,REGION III (CENTRAL LUZON),Aurora,Aurora,2026,25054.7,estimated_gap
coconut_young,Coconut Young,province,REGION III (CENTRAL LUZON),Bataan,Bataan,2010,1618.9,official_psa
coconut_young,Coconut Young,province,REGION III (CENTRAL LUZON),Bataan,Bataan,2011,1619.4,official_psa
coconut_young,Coconut Young,province,REGION III (CENTRAL LUZON),Bataan,Bataan,2012,1598.0,official_psa
coconut_young,Coconut Young,province,REGION III (CENTRAL LUZON),Bataan,Bataan,2013,1556.4,official_psa
coconut_young,Coconut Young,province,REGION III (CENTRAL LUZON),Bataan,Bataan,2014,1535.8,official_psa
coconut_young,Coconut Young,province,REGION III (CENTRAL LUZON),Bataan,Bataan,2015,1607.0,official_psa
coconut_young,Coconut Young,province,REGION III (CENTRAL LUZON),Bataan,Bataan,2016,1604.4,official_psa
coconut_young,Coconut Young,province,REGION III (CENTRAL LUZON),Bataan,Bataan,2017,1444.77,official_psa
coconut_young,Coconut Young,province,REGION III (CENTRAL LUZON),Bataan,Bataan,2018,1499.38,official_psa
coconut_young,Coconut Young,province,REGION III (CENTRAL LUZON),Bataan,Bataan,2019,1562.08,official_psa
coconut_young,Coconut Young,province,REGION III (CENTRAL LUZON),Bataan,Bataan,2020,1493.46,official_psa
coconut_young,Coconut Young,province,REGION III (CENTRAL LUZON),Bataan,Bataan,2021,1469.63,official_psa
coconut_young,Coconut Young,province,REGION III (CENTRAL LUZON),Bataan,Bataan,2022,1616.9,official_psa
coconut_young,Coconut Young,province,REGION III (CENTRAL LUZON),Bataan,Bataan,2023,1491.27,official_psa
coconut_young,Coconut Young,province,REGION III (CENTRAL LUZON),Bataan,Bataan,2024,1724.24,official_psa
coconut_young,Coconut Young,province,REGION III (CENTRAL LUZON),Bataan,Bataan,2025,1939.32,official_psa
coconut_young,Coconut Young,province,REGION III (CENTRAL LUZON),Bataan,Bataan,2026,1877.87,estimated_gap
coconut_young,Coconut Young,province,REGION III (CENTRAL LUZON),Bulacan,Bulacan,2010,295.0,official_psa
coconut_young,Coconut Young,province,REGION III (CENTRAL LUZON),Bulacan,Bulacan,2011,323.5,official_psa
coconut_young,Coconut Young,province,REGION III (CENTRAL LUZON),Bulacan,Bulacan,2012,338.0,official_psa
coconut_young,Coconut Young,province,REGION III (CENTRAL LUZON),Bulacan,Bulacan,2013,377.0,official_psa
coconut_young,Coconut Young,province,REGION III (CENTRAL LUZON),Bulacan,Bulacan,2014,402.0,official_psa
coconut_young,Coconut Young,province,REGION III (CENTRAL LUZON),Bulacan,Bulacan,2015,405.0,official_psa
coconut_young,Coconut Young,province,REGION III (CENTRAL LUZON),Bulacan,Bulacan,2016,412.0,official_psa
coconut_young,Coconut Young,province,REGION III (CENTRAL LUZON),Bulacan,Bulacan,2017,406.5,official_psa
coconut_young,Coconut Young,province,REGION III (CENTRAL LUZON),Bulacan,Bulacan,2018,409.0,official_psa
coconut_young,Coconut Young,province,REGION III (CENTRAL LUZON),Bulacan,Bulacan,2019,380.74,official_psa
coconut_young,Coconut Young,province,REGION III (CENTRAL LUZON),Bulacan,Bulacan,2020,354.76,official_psa
coconut_young,Coconut Young,province,REGION III (CENTRAL LUZON),Bulacan,Bulacan,2021,330.76,official_psa
coconut_young,Coconut Young,province,REGION III (CENTRAL LUZON),Bulacan,Bulacan,2022,323.81,official_psa
coconut_young,Coconut Young,province,REGION III (CENTRAL LUZON),Bulacan,Bulacan,2023,320.92,official_psa
coconut_young,Coconut Young,province,REGION III (CENTRAL LUZON),Bulacan,Bulacan,2024,316.85,official_psa
coconut_young,Coconut Young,province,REGION III (CENTRAL LUZON),Bulacan,Bulacan,2025,329.45,official_psa
coconut_young,Coconut Young,province,REGION III (CENTRAL LUZON),Bulacan,Bulacan,2026,327.31,estimated_gap
coconut_young,Coconut Young,province,REGION III (CENTRAL LUZON),Nueva Ecija,Nueva Ecija,2010,748.4,official_psa
coconut_young,Coconut Young,province,REGION III (CENTRAL LUZON),Nueva Ecija,Nueva Ecija,2011,749.8,official_psa
coconut_young,Coconut Young,province,REGION III (CENTRAL LUZON),Nueva Ecija,Nueva Ecija,2012,754.87,official_psa
coconut_young,Coconut Young,province,REGION III (CENTRAL LUZON),Nueva Ecija,Nueva Ecija,2013,740.63,official_psa
coconut_young,Coconut Young,province,REGION III (CENTRAL LUZON),Nueva Ecija,Nueva Ecija,2014,747.55,official_psa
coconut_young,Coconut Young,province,REGION III (CENTRAL LUZON),Nueva Ecija,Nueva Ecija,2015,729.76,official_psa
coconut_young,Coconut Young,province,REGION III (CENTRAL LUZON),Nueva Ecija,Nueva Ecija,2016,724.79,official_psa
coconut_young,Coconut Young,province,REGION III (CENTRAL LUZON),Nueva Ecija,Nueva Ecija,2017,737.98,official_psa
coconut_young,Coconut Young,province,REGION III (CENTRAL LUZON),Nueva Ecija,Nueva Ecija,2018,767.4,official_psa
coconut_young,Coconut Young,province,REGION III (CENTRAL LUZON),Nueva Ecija,Nueva Ecija,2019,820.93,official_psa
coconut_young,Coconut Young,province,REGION III (CENTRAL LUZON),Nueva Ecija,Nueva Ecija,2020,844.74,official_psa
coconut_young,Coconut Young,province,REGION III (CENTRAL LUZON),Nueva Ecija,Nueva Ecija,2021,879.64,official_psa
coconut_young,Coconut Young,province,REGION III (CENTRAL LUZON),Nueva Ecija,Nueva Ecija,2022,892.7,official_psa
coconut_young,Coconut Young,province,REGION III (CENTRAL LUZON),Nueva Ecija,Nueva Ecija,2023,941.05,official_psa
coconut_young,Coconut Young,province,REGION III (CENTRAL LUZON),Nueva Ecija,Nueva Ecija,2024,867.26,official_psa
coconut_young,Coconut Young,province,REGION III (CENTRAL LUZON),Nueva Ecija,Nueva Ecija,2025,719.8,official_psa
coconut_young,Coconut Young,province,REGION III (CENTRAL LUZON),Nueva Ecija,Nueva Ecija,2026,945.68,estimated_gap
coconut_young,Coconut Young,province,REGION III (CENTRAL LUZON),Pampanga,Pampanga,2010,64.0,official_psa
coconut_young,Coconut Young,province,REGION III (CENTRAL LUZON),Pampanga,Pampanga,2011,64.0,official_psa
coconut_young,Coconut Young,province,REGION III (CENTRAL LUZON),Pampanga,Pampanga,2012,67.5,official_psa
coconut_young,Coconut Young,province,REGION III (CENTRAL LUZON),Pampanga,Pampanga,2013,72.0,official_psa
coconut_young,Coconut Young,province,REGION III (CENTRAL LUZON),Pampanga,Pampanga,2014,74.0,official_psa
coconut_young,Coconut Young,province,REGION III (CENTRAL LUZON),Pampanga,Pampanga,2015,75.1,official_psa
coconut_young,Coconut Young,province,REGION III (CENTRAL LUZON),Pampanga,Pampanga,2016,77.0,official_psa
coconut_young,Coconut Young,province,REGION III (CENTRAL LUZON),Pampanga,Pampanga,2017,74.7,official_psa
coconut_young,Coconut Young,province,REGION III (CENTRAL LUZON),Pampanga,Pampanga,2018,77.85,official_psa
coconut_young,Coconut Young,province,REGION III (CENTRAL LUZON),Pampanga,Pampanga,2019,75.26,official_psa
coconut_young,Coconut Young,province,REGION III (CENTRAL LUZON),Pampanga,Pampanga,2020,72.01,official_psa
coconut_young,Coconut Young,province,REGION III (CENTRAL LUZON),Pampanga,Pampanga,2021,68.8,official_psa
coconut_young,Coconut Young,province,REGION III (CENTRAL LUZON),Pampanga,Pampanga,2022,65.9,official_psa
coconut_young,Coconut Young,province,REGION III (CENTRAL LUZON),Pampanga,Pampanga,2023,64.75,official_psa
coconut_young,Coconut Young,province,REGION III (CENTRAL LUZON),Pampanga,Pampanga,2024,62.62,official_psa
coconut_young,Coconut Young,province,REGION III (CENTRAL LUZON),Pampanga,Pampanga,2025,63.17,official_psa
coconut_young,Coconut Young,province,REGION III (CENTRAL LUZON),Pampanga,Pampanga,2026,61.7,estimated_gap
coconut_young,Coconut Young,province,REGION III (CENTRAL LUZON),Tarlac,Tarlac,2010,200.44,official_psa
coconut_young,Coconut Young,province,REGION III (CENTRAL LUZON),Tarlac,Tarlac,2011,208.16,official_psa
coconut_young,Coconut Young,province,REGION III (CENTRAL LUZON),Tarlac,Tarlac,2012,214.18,official_psa
coconut_young,Coconut Young,province,REGION III (CENTRAL LUZON),Tarlac,Tarlac,2013,220.93,official_psa
coconut_young,Coconut Young,province,REGION III (CENTRAL LUZON),Tarlac,Tarlac,2014,229.99,official_psa
coconut_young,Coconut Young,province,REGION III (CENTRAL LUZON),Tarlac,Tarlac,2015,223.94,official_psa
coconut_young,Coconut Young,province,REGION III (CENTRAL LUZON),Tarlac,Tarlac,2016,219.51,official_psa
coconut_young,Coconut Young,province,REGION III (CENTRAL LUZON),Tarlac,Tarlac,2017,237.52,official_psa
coconut_young,Coconut Young,province,REGION III (CENTRAL LUZON),Tarlac,Tarlac,2018,253.83,official_psa
coconut_young,Coconut Young,province,REGION III (CENTRAL LUZON),Tarlac,Tarlac,2019,346.34,official_psa
coconut_young,Coconut Young,province,REGION III (CENTRAL LUZON),Tarlac,Tarlac,2020,374.2,official_psa
coconut_young,Coconut Young,province,REGION III (CENTRAL LUZON),Tarlac,Tarlac,2021,388.53,official_psa
coconut_young,Coconut Young,province,REGION III (CENTRAL LUZON),Tarlac,Tarlac,2022,396.48,official_psa
coconut_young,Coconut Young,province,REGION III (CENTRAL LUZON),Tarlac,Tarlac,2023,400.99,official_psa
coconut_young,Coconut Young,province,REGION III (CENTRAL LUZON),Tarlac,Tarlac,2024,420.77,official_psa
coconut_young,Coconut Young,province,REGION III (CENTRAL LUZON),Tarlac,Tarlac,2025,404.55,official_psa
coconut_young,Coconut Young,province,REGION III (CENTRAL LUZON),Tarlac,Tarlac,2026,437.8,estimated_gap
coconut_young,Coconut Young,province,REGION III (CENTRAL LUZON),Zambales,Zambales,2010,136.36,official_psa
coconut_young,Coconut Young,province,REGION III (CENTRAL LUZON),Zambales,Zambales,2011,142.95,official_psa
coconut_young,Coconut Young,province,REGION III (CENTRAL LUZON),Zambales,Zambales,2012,138.77,official_psa
coconut_young,Coconut Young,province,REGION III (CENTRAL LUZON),Zambales,Zambales,2013,136.91,official_psa
coconut_young,Coconut Young,province,REGION III (CENTRAL LUZON),Zambales,Zambales,2014,135.95,official_psa
coconut_young,Coconut Young,province,REGION III (CENTRAL LUZON),Zambales,Zambales,2015,133.48,official_psa
coconut_young,Coconut Young,province,REGION III (CENTRAL LUZON),Zambales,Zambales,2016,117.49,official_psa
coconut_young,Coconut Young,province,REGION III (CENTRAL LUZON),Zambales,Zambales,2017,112.13,official_psa
coconut_young,Coconut Young,province,REGION III (CENTRAL LUZON),Zambales,Zambales,2018,111.38,official_psa
coconut_young,Coconut Young,province,REGION III (CENTRAL LUZON),Zambales,Zambales,2019,109.59,official_psa
coconut_young,Coconut Young,province,REGION III (CENTRAL LUZON),Zambales,Zambales,2020,122.35,official_psa
coconut_young,Coconut Young,province,REGION III (CENTRAL LUZON),Zambales,Zambales,2021,107.5,official_psa
coconut_young,Coconut Young,province,REGION III (CENTRAL LUZON),Zambales,Zambales,2022,121.89,official_psa
coconut_young,Coconut Young,province,REGION III (CENTRAL LUZON),Zambales,Zambales,2023,135.9,official_psa
coconut_young,Coconut Young,province,REGION III (CENTRAL LUZON),Zambales,Zambales,2024,134.66,official_psa
coconut_young,Coconut Young,province,REGION III (CENTRAL LUZON),Zambales,Zambales,2025,50.73,official_psa
coconut_young,Coconut Young,province,REGION III (CENTRAL LUZON),Zambales,Zambales,2026,307.86,estimated_gap
coconut_young,Coconut Young,region,REGION IV-A (CALABARZON),,REGION IV-A (CALABARZON),2010,34380.76,official_psa
coconut_young,Coconut Young,region,REGION IV-A (CALABARZON),,REGION IV-A (CALABARZON),2011,34599.26,official_psa
coconut_young,Coconut Young,region,REGION IV-A (CALABARZON),,REGION IV-A (CALABARZON),2012,31650.71,official_psa
coconut_young,Coconut Young,region,REGION IV-A (CALABARZON),,REGION IV-A (CALABARZON),2013,26968.72,official_psa
coconut_young,Coconut Young,region,REGION IV-A (CALABARZON),,REGION IV-A (CALABARZON),2014,22915.89,official_psa
coconut_young,Coconut Young,region,REGION IV-A (CALABARZON),,REGION IV-A (CALABARZON),2015,21168.48,official_psa
coconut_young,Coconut Young,region,REGION IV-A (CALABARZON),,REGION IV-A (CALABARZON),2016,22764.69,official_psa
coconut_young,Coconut Young,region,REGION IV-A (CALABARZON),,REGION IV-A (CALABARZON),2017,25889.91,official_psa
coconut_young,Coconut Young,region,REGION IV-A (CALABARZON),,REGION IV-A (CALABARZON),2018,27632.86,official_psa
coconut_young,Coconut Young,region,REGION IV-A (CALABARZON),,REGION IV-A (CALABARZON),2019,33136.06,official_psa
coconut_young,Coconut Young,region,REGION IV-A (CALABARZON),,REGION IV-A (CALABARZON),2020,30912.42,official_psa
coconut_young,Coconut Young,region,REGION IV-A (CALABARZON),,REGION IV-A (CALABARZON),2021,32182.23,official_psa
coconut_young,Coconut Young,region,REGION IV-A (CALABARZON),,REGION IV-A (CALABARZON),2022,34392.07,official_psa
coconut_young,Coconut Young,region,REGION IV-A (CALABARZON),,REGION IV-A (CALABARZON),2023,35744.55,official_psa
coconut_young,Coconut Young,region,REGION IV-A (CALABARZON),,REGION IV-A (CALABARZON),2024,37693.47,official_psa
coconut_young,Coconut Young,region,REGION IV-A (CALABARZON),,REGION IV-A (CALABARZON),2025,40056.66,official_psa
coconut_young,Coconut Young,region,REGION IV-A (CALABARZON),,REGION IV-A (CALABARZON),2026,34635.08,estimated_gap
coconut_young,Coconut Young,province,REGION IV-A (CALABARZON),Batangas,Batangas,2010,28450.0,official_psa
coconut_young,Coconut Young,province,REGION IV-A (CALABARZON),Batangas,Batangas,2011,27250.0,official_psa
coconut_young,Coconut Young,province,REGION IV-A (CALABARZON),Batangas,Batangas,2012,23434.0,official_psa
coconut_young,Coconut Young,province,REGION IV-A (CALABARZON),Batangas,Batangas,2013,18424.0,official_psa
coconut_young,Coconut Young,province,REGION IV-A (CALABARZON),Batangas,Batangas,2014,15526.76,official_psa
coconut_young,Coconut Young,province,REGION IV-A (CALABARZON),Batangas,Batangas,2015,15474.8,official_psa
coconut_young,Coconut Young,province,REGION IV-A (CALABARZON),Batangas,Batangas,2016,16240.9,official_psa
coconut_young,Coconut Young,province,REGION IV-A (CALABARZON),Batangas,Batangas,2017,18650.52,official_psa
coconut_young,Coconut Young,province,REGION IV-A (CALABARZON),Batangas,Batangas,2018,19224.85,official_psa
coconut_young,Coconut Young,province,REGION IV-A (CALABARZON),Batangas,Batangas,2019,20695.73,official_psa
coconut_young,Coconut Young,province,REGION IV-A (CALABARZON),Batangas,Batangas,2020,18364.97,official_psa
coconut_young,Coconut Young,province,REGION IV-A (CALABARZON),Batangas,Batangas,2021,18601.31,official_psa
coconut_young,Coconut Young,province,REGION IV-A (CALABARZON),Batangas,Batangas,2022,18780.29,official_psa
coconut_young,Coconut Young,province,REGION IV-A (CALABARZON),Batangas,Batangas,2023,18487.2,official_psa
coconut_young,Coconut Young,province,REGION IV-A (CALABARZON),Batangas,Batangas,2024,19168.47,official_psa
coconut_young,Coconut Young,province,REGION IV-A (CALABARZON),Batangas,Batangas,2025,17816.01,official_psa
coconut_young,Coconut Young,province,REGION IV-A (CALABARZON),Batangas,Batangas,2026,10480.82,estimated_gap
coconut_young,Coconut Young,province,REGION IV-A (CALABARZON),Cavite,Cavite,2010,771.6,official_psa
coconut_young,Coconut Young,province,REGION IV-A (CALABARZON),Cavite,Cavite,2011,777.12,official_psa
coconut_young,Coconut Young,province,REGION IV-A (CALABARZON),Cavite,Cavite,2012,789.85,official_psa
coconut_young,Coconut Young,province,REGION IV-A (CALABARZON),Cavite,Cavite,2013,819.51,official_psa
coconut_young,Coconut Young,province,REGION IV-A (CALABARZON),Cavite,Cavite,2014,717.69,official_psa
coconut_young,Coconut Young,province,REGION IV-A (CALABARZON),Cavite,Cavite,2015,716.09,official_psa
coconut_young,Coconut Young,province,REGION IV-A (CALABARZON),Cavite,Cavite,2016,802.65,official_psa
coconut_young,Coconut Young,province,REGION IV-A (CALABARZON),Cavite,Cavite,2017,899.42,official_psa
coconut_young,Coconut Young,province,REGION IV-A (CALABARZON),Cavite,Cavite,2018,968.05,official_psa
coconut_young,Coconut Young,province,REGION IV-A (CALABARZON),Cavite,Cavite,2019,921.66,official_psa
coconut_young,Coconut Young,province,REGION IV-A (CALABARZON),Cavite,Cavite,2020,805.62,official_psa
coconut_young,Coconut Young,province,REGION IV-A (CALABARZON),Cavite,Cavite,2021,860.74,official_psa
coconut_young,Coconut Young,province,REGION IV-A (CALABARZON),Cavite,Cavite,2022,888.25,official_psa
coconut_young,Coconut Young,province,REGION IV-A (CALABARZON),Cavite,Cavite,2023,817.56,official_psa
coconut_young,Coconut Young,province,REGION IV-A (CALABARZON),Cavite,Cavite,2024,1211.25,official_psa
coconut_young,Coconut Young,province,REGION IV-A (CALABARZON),Cavite,Cavite,2025,1608.11,official_psa
coconut_young,Coconut Young,province,REGION IV-A (CALABARZON),Cavite,Cavite,2026,897.17,estimated_gap
coconut_young,Coconut Young,province,REGION IV-A (CALABARZON),Laguna,Laguna,2010,2998.86,official_psa
coconut_young,Coconut Young,province,REGION IV-A (CALABARZON),Laguna,Laguna,2011,4634.4,official_psa
coconut_young,Coconut Young,province,REGION IV-A (CALABARZON),Laguna,Laguna,2012,5487.8,official_psa
coconut_young,Coconut Young,province,REGION IV-A (CALABARZON),Laguna,Laguna,2013,5780.43,official_psa
coconut_young,Coconut Young,province,REGION IV-A (CALABARZON),Laguna,Laguna,2014,4791.4,official_psa
coconut_young,Coconut Young,province,REGION IV-A (CALABARZON),Laguna,Laguna,2015,3178.15,official_psa
coconut_young,Coconut Young,province,REGION IV-A (CALABARZON),Laguna,Laguna,2016,3781.88,official_psa
coconut_young,Coconut Young,province,REGION IV-A (CALABARZON),Laguna,Laguna,2017,4402.98,official_psa
coconut_young,Coconut Young,province,REGION IV-A (CALABARZON),Laguna,Laguna,2018,5392.49,official_psa
coconut_young,Coconut Young,province,REGION IV-A (CALABARZON),Laguna,Laguna,2019,8942.94,official_psa
coconut_young,Coconut Young,province,REGION IV-A (CALABARZON),Laguna,Laguna,2020,9391.83,official_psa
coconut_young,Coconut Young,province,REGION IV-A (CALABARZON),Laguna,Laguna,2021,10381.81,official_psa
coconut_young,Coconut Young,province,REGION IV-A (CALABARZON),Laguna,Laguna,2022,12327.75,official_psa
coconut_young,Coconut Young,province,REGION IV-A (CALABARZON),Laguna,Laguna,2023,13785.74,official_psa
coconut_young,Coconut Young,province,REGION IV-A (CALABARZON),Laguna,Laguna,2024,14362.65,official_psa
coconut_young,Coconut Young,province,REGION IV-A (CALABARZON),Laguna,Laguna,2025,16075.37,official_psa
coconut_young,Coconut Young,province,REGION IV-A (CALABARZON),Laguna,Laguna,2026,24495.39,estimated_gap
coconut_young,Coconut Young,province,REGION IV-A (CALABARZON),Quezon,Quezon,2010,2151.36,official_psa
coconut_young,Coconut Young,province,REGION IV-A (CALABARZON),Quezon,Quezon,2011,1928.31,official_psa
coconut_young,Coconut Young,province,REGION IV-A (CALABARZON),Quezon,Quezon,2012,1929.37,official_psa
coconut_young,Coconut Young,province,REGION IV-A (CALABARZON),Quezon,Quezon,2013,1933.5,official_psa
coconut_young,Coconut Young,province,REGION IV-A (CALABARZON),Quezon,Quezon,2014,1868.65,official_psa
coconut_young,Coconut Young,province,REGION IV-A (CALABARZON),Quezon,Quezon,2015,1787.74,official_psa
coconut_young,Coconut Young,province,REGION IV-A (CALABARZON),Quezon,Quezon,2016,1927.32,official_psa
coconut_young,Coconut Young,province,REGION IV-A (CALABARZON),Quezon,Quezon,2017,1924.13,official_psa
coconut_young,Coconut Young,province,REGION IV-A (CALABARZON),Quezon,Quezon,2018,2034.65,official_psa
coconut_young,Coconut Young,province,REGION IV-A (CALABARZON),Quezon,Quezon,2019,2541.68,official_psa
coconut_young,Coconut Young,province,REGION IV-A (CALABARZON),Quezon,Quezon,2020,2316.58,official_psa
coconut_young,Coconut Young,province,REGION IV-A (CALABARZON),Quezon,Quezon,2021,2303.09,official_psa
coconut_young,Coconut Young,province,REGION IV-A (CALABARZON),Quezon,Quezon,2022,2348.82,official_psa
coconut_young,Coconut Young,province,REGION IV-A (CALABARZON),Quezon,Quezon,2023,2543.71,official_psa
coconut_young,Coconut Young,province,REGION IV-A (CALABARZON),Quezon,Quezon,2024,2532.18,official_psa
coconut_young,Coconut Young,province,REGION IV-A (CALABARZON),Quezon,Quezon,2025,2571.58,official_psa
coconut_young,Coconut Young,province,REGION IV-A (CALABARZON),Quezon,Quezon,2026,2608.17,estimated_gap
coconut_young,Coconut Young,province,REGION IV-A (CALABARZON),Rizal,Rizal,2010,8.94,official_psa
coconut_young,Coconut Young,province,REGION IV-A (CALABARZON),Rizal,Rizal,2011,9.44,official_psa
coconut_young,Coconut Young,province,REGION IV-A (CALABARZON),Rizal,Rizal,2012,9.69,official_psa
coconut_young,Coconut Young,province,REGION IV-A (CALABARZON),Rizal,Rizal,2013,11.28,official_psa
coconut_young,Coconut Young,province,REGION IV-A (CALABARZON),Rizal,Rizal,2014,11.39,official_psa
coconut_young,Coconut Young,province,REGION IV-A (CALABARZON),Rizal,Rizal,2015,11.7,official_psa
coconut_young,Coconut Young,province,REGION IV-A (CALABARZON),Rizal,Rizal,2016,11.94,official_psa
coconut_young,Coconut Young,province,REGION IV-A (CALABARZON),Rizal,Rizal,2017,12.86,official_psa
coconut_young,Coconut Young,province,REGION IV-A (CALABARZON),Rizal,Rizal,2018,12.82,official_psa
coconut_young,Coconut Young,province,REGION IV-A (CALABARZON),Rizal,Rizal,2019,34.04,official_psa
coconut_young,Coconut Young,province,REGION IV-A (CALABARZON),Rizal,Rizal,2020,33.42,official_psa
coconut_young,Coconut Young,province,REGION IV-A (CALABARZON),Rizal,Rizal,2021,35.28,official_psa
coconut_young,Coconut Young,province,REGION IV-A (CALABARZON),Rizal,Rizal,2022,46.96,official_psa
coconut_young,Coconut Young,province,REGION IV-A (CALABARZON),Rizal,Rizal,2023,110.34,official_psa
coconut_young,Coconut Young,province,REGION IV-A (CALABARZON),Rizal,Rizal,2024,418.91,official_psa
coconut_young,Coconut Young,province,REGION IV-A (CALABARZON),Rizal,Rizal,2025,1985.59,official_psa
coconut_young,Coconut Young,province,REGION IV-A (CALABARZON),Rizal,Rizal,2026,1031.54,estimated_gap
coconut_young,Coconut Young,region,MIMAROPA REGION,,MIMAROPA REGION,2010,8014.43,official_psa
coconut_young,Coconut Young,region,MIMAROPA REGION,,MIMAROPA REGION,2011,8121.88,official_psa
coconut_young,Coconut Young,region,MIMAROPA REGION,,MIMAROPA REGION,2012,8465.89,official_psa
coconut_young,Coconut Young,region,MIMAROPA REGION,,MIMAROPA REGION,2013,8252.46,official_psa
coconut_young,Coconut Young,region,MIMAROPA REGION,,MIMAROPA REGION,2014,8121.0,official_psa
coconut_young,Coconut Young,region,MIMAROPA REGION,,MIMAROPA REGION,2015,8466.77,official_psa
coconut_young,Coconut Young,region,MIMAROPA REGION,,MIMAROPA REGION,2016,8445.68,official_psa
coconut_young,Coconut Young,region,MIMAROPA REGION,,MIMAROPA REGION,2017,8749.13,official_psa
coconut_young,Coconut Young,region,MIMAROPA REGION,,MIMAROPA REGION,2018,9095.69,official_psa
coconut_young,Coconut Young,region,MIMAROPA REGION,,MIMAROPA REGION,2019,9318.86,official_psa
coconut_young,Coconut Young,region,MIMAROPA REGION,,MIMAROPA REGION,2020,8731.4,official_psa
coconut_young,Coconut Young,region,MIMAROPA REGION,,MIMAROPA REGION,2021,10264.4,official_psa
coconut_young,Coconut Young,region,MIMAROPA REGION,,MIMAROPA REGION,2022,11375.4,official_psa
coconut_young,Coconut Young,region,MIMAROPA REGION,,MIMAROPA REGION,2023,11943.27,official_psa
coconut_young,Coconut Young,region,MIMAROPA REGION,,MIMAROPA REGION,2024,10953.76,official_psa
coconut_young,Coconut Young,region,MIMAROPA REGION,,MIMAROPA REGION,2025,11193.97,official_psa
coconut_young,Coconut Young,region,MIMAROPA REGION,,MIMAROPA REGION,2026,9019.27,estimated_gap
coconut_young,Coconut Young,province,MIMAROPA REGION,Marinduque,Marinduque,2010,23.6,official_psa
coconut_young,Coconut Young,province,MIMAROPA REGION,Marinduque,Marinduque,2011,24.48,official_psa
coconut_young,Coconut Young,province,MIMAROPA REGION,Marinduque,Marinduque,2012,24.35,official_psa
coconut_young,Coconut Young,province,MIMAROPA REGION,Marinduque,Marinduque,2013,24.5,official_psa
coconut_young,Coconut Young,province,MIMAROPA REGION,Marinduque,Marinduque,2014,24.55,official_psa
coconut_young,Coconut Young,province,MIMAROPA REGION,Marinduque,Marinduque,2015,25.8,official_psa
coconut_young,Coconut Young,province,MIMAROPA REGION,Marinduque,Marinduque,2016,27.26,official_psa
coconut_young,Coconut Young,province,MIMAROPA REGION,Marinduque,Marinduque,2017,25.83,official_psa
coconut_young,Coconut Young,province,MIMAROPA REGION,Marinduque,Marinduque,2018,26.64,official_psa
coconut_young,Coconut Young,province,MIMAROPA REGION,Marinduque,Marinduque,2019,26.75,official_psa
coconut_young,Coconut Young,province,MIMAROPA REGION,Marinduque,Marinduque,2020,23.95,official_psa
coconut_young,Coconut Young,province,MIMAROPA REGION,Marinduque,Marinduque,2021,21.99,official_psa
coconut_young,Coconut Young,province,MIMAROPA REGION,Marinduque,Marinduque,2022,22.58,official_psa
coconut_young,Coconut Young,province,MIMAROPA REGION,Marinduque,Marinduque,2023,24.58,official_psa
coconut_young,Coconut Young,province,MIMAROPA REGION,Marinduque,Marinduque,2024,31.12,official_psa
coconut_young,Coconut Young,province,MIMAROPA REGION,Marinduque,Marinduque,2025,79.01,official_psa
coconut_young,Coconut Young,province,MIMAROPA REGION,Marinduque,Marinduque,2026,245.66,estimated_gap
coconut_young,Coconut Young,province,MIMAROPA REGION,Occidental Mindoro,Occidental Mindoro,2010,4220.47,official_psa
coconut_young,Coconut Young,province,MIMAROPA REGION,Occidental Mindoro,Occidental Mindoro,2011,4354.33,official_psa
coconut_young,Coconut Young,province,MIMAROPA REGION,Occidental Mindoro,Occidental Mindoro,2012,4541.08,official_psa
coconut_young,Coconut Young,province,MIMAROPA REGION,Occidental Mindoro,Occidental Mindoro,2013,4386.81,official_psa
coconut_young,Coconut Young,province,MIMAROPA REGION,Occidental Mindoro,Occidental Mindoro,2014,4341.11,official_psa
coconut_young,Coconut Young,province,MIMAROPA REGION,Occidental Mindoro,Occidental Mindoro,2015,4501.51,official_psa
coconut_young,Coconut Young,province,MIMAROPA REGION,Occidental Mindoro,Occidental Mindoro,2016,4664.13,official_psa
coconut_young,Coconut Young,province,MIMAROPA REGION,Occidental Mindoro,Occidental Mindoro,2017,4833.77,official_psa
coconut_young,Coconut Young,province,MIMAROPA REGION,Occidental Mindoro,Occidental Mindoro,2018,5034.4,official_psa
coconut_young,Coconut Young,province,MIMAROPA REGION,Occidental Mindoro,Occidental Mindoro,2019,5060.0,official_psa
coconut_young,Coconut Young,province,MIMAROPA REGION,Occidental Mindoro,Occidental Mindoro,2020,4781.69,official_psa
coconut_young,Coconut Young,province,MIMAROPA REGION,Occidental Mindoro,Occidental Mindoro,2021,5730.16,official_psa
coconut_young,Coconut Young,province,MIMAROPA REGION,Occidental Mindoro,Occidental Mindoro,2022,6294.24,official_psa
coconut_young,Coconut Young,province,MIMAROPA REGION,Occidental Mindoro,Occidental Mindoro,2023,5988.98,official_psa
coconut_young,Coconut Young,province,MIMAROPA REGION,Occidental Mindoro,Occidental Mindoro,2024,4114.42,official_psa
coconut_young,Coconut Young,province,MIMAROPA REGION,Occidental Mindoro,Occidental Mindoro,2025,4147.12,official_psa
coconut_young,Coconut Young,province,MIMAROPA REGION,Occidental Mindoro,Occidental Mindoro,2026,316.32,estimated_gap
coconut_young,Coconut Young,province,MIMAROPA REGION,Oriental Mindoro,Oriental Mindoro,2010,512.62,official_psa
coconut_young,Coconut Young,province,MIMAROPA REGION,Oriental Mindoro,Oriental Mindoro,2011,514.41,official_psa
coconut_young,Coconut Young,province,MIMAROPA REGION,Oriental Mindoro,Oriental Mindoro,2012,523.87,official_psa
coconut_young,Coconut Young,province,MIMAROPA REGION,Oriental Mindoro,Oriental Mindoro,2013,457.18,official_psa
coconut_young,Coconut Young,province,MIMAROPA REGION,Oriental Mindoro,Oriental Mindoro,2014,474.54,official_psa
coconut_young,Coconut Young,province,MIMAROPA REGION,Oriental Mindoro,Oriental Mindoro,2015,585.0,official_psa
coconut_young,Coconut Young,province,MIMAROPA REGION,Oriental Mindoro,Oriental Mindoro,2016,503.8,official_psa
coconut_young,Coconut Young,province,MIMAROPA REGION,Oriental Mindoro,Oriental Mindoro,2017,544.87,official_psa
coconut_young,Coconut Young,province,MIMAROPA REGION,Oriental Mindoro,Oriental Mindoro,2018,585.28,official_psa
coconut_young,Coconut Young,province,MIMAROPA REGION,Oriental Mindoro,Oriental Mindoro,2019,645.06,official_psa
coconut_young,Coconut Young,province,MIMAROPA REGION,Oriental Mindoro,Oriental Mindoro,2020,409.35,official_psa
coconut_young,Coconut Young,province,MIMAROPA REGION,Oriental Mindoro,Oriental Mindoro,2021,600.01,official_psa
coconut_young,Coconut Young,province,MIMAROPA REGION,Oriental Mindoro,Oriental Mindoro,2022,655.64,official_psa
coconut_young,Coconut Young,province,MIMAROPA REGION,Oriental Mindoro,Oriental Mindoro,2023,477.22,official_psa
coconut_young,Coconut Young,province,MIMAROPA REGION,Oriental Mindoro,Oriental Mindoro,2024,1312.38,official_psa
coconut_young,Coconut Young,province,MIMAROPA REGION,Oriental Mindoro,Oriental Mindoro,2025,1633.25,official_psa
coconut_young,Coconut Young,province,MIMAROPA REGION,Oriental Mindoro,Oriental Mindoro,2026,1878.24,estimated_gap
coconut_young,Coconut Young,province,MIMAROPA REGION,Palawan,Palawan,2010,122.15,official_psa
coconut_young,Coconut Young,province,MIMAROPA REGION,Palawan,Palawan,2011,130.65,official_psa
coconut_young,Coconut Young,province,MIMAROPA REGION,Palawan,Palawan,2012,138.78,official_psa
coconut_young,Coconut Young,province,MIMAROPA REGION,Palawan,Palawan,2013,155.75,official_psa
coconut_young,Coconut Young,province,MIMAROPA REGION,Palawan,Palawan,2014,172.32,official_psa
coconut_young,Coconut Young,province,MIMAROPA REGION,Palawan,Palawan,2015,183.61,official_psa
coconut_young,Coconut Young,province,MIMAROPA REGION,Palawan,Palawan,2016,174.27,official_psa
coconut_young,Coconut Young,province,MIMAROPA REGION,Palawan,Palawan,2017,177.68,official_psa
coconut_young,Coconut Young,province,MIMAROPA REGION,Palawan,Palawan,2018,184.12,official_psa
coconut_young,Coconut Young,province,MIMAROPA REGION,Palawan,Palawan,2019,184.64,official_psa
coconut_young,Coconut Young,province,MIMAROPA REGION,Palawan,Palawan,2020,192.16,official_psa
coconut_young,Coconut Young,province,MIMAROPA REGION,Palawan,Palawan,2021,225.82,official_psa
coconut_young,Coconut Young,province,MIMAROPA REGION,Palawan,Palawan,2022,246.61,official_psa
coconut_young,Coconut Young,province,MIMAROPA REGION,Palawan,Palawan,2023,640.31,official_psa
coconut_young,Coconut Young,province,MIMAROPA REGION,Palawan,Palawan,2024,648.03,official_psa
coconut_young,Coconut Young,province,MIMAROPA REGION,Palawan,Palawan,2025,658.31,official_psa
coconut_young,Coconut Young,province,MIMAROPA REGION,Palawan,Palawan,2026,538.82,estimated_gap
coconut_young,Coconut Young,province,MIMAROPA REGION,Romblon,Romblon,2010,3135.59,official_psa
coconut_young,Coconut Young,province,MIMAROPA REGION,Romblon,Romblon,2011,3098.01,official_psa
coconut_young,Coconut Young,province,MIMAROPA REGION,Romblon,Romblon,2012,3237.81,official_psa
coconut_young,Coconut Young,province,MIMAROPA REGION,Romblon,Romblon,2013,3228.22,official_psa
coconut_young,Coconut Young,province,MIMAROPA REGION,Romblon,Romblon,2014,3108.48,official_psa
coconut_young,Coconut Young,province,MIMAROPA REGION,Romblon,Romblon,2015,3170.85,official_psa
coconut_young,Coconut Young,province,MIMAROPA REGION,Romblon,Romblon,2016,3076.22,official_psa
coconut_young,Coconut Young,province,MIMAROPA REGION,Romblon,Romblon,2017,3166.98,official_psa
coconut_young,Coconut Young,province,MIMAROPA REGION,Romblon,Romblon,2018,3265.25,official_psa
coconut_young,Coconut Young,province,MIMAROPA REGION,Romblon,Romblon,2019,3402.41,official_psa
coconut_young,Coconut Young,province,MIMAROPA REGION,Romblon,Romblon,2020,3324.25,official_psa
coconut_young,Coconut Young,province,MIMAROPA REGION,Romblon,Romblon,2021,3686.42,official_psa
coconut_young,Coconut Young,province,MIMAROPA REGION,Romblon,Romblon,2022,4156.33,official_psa
coconut_young,Coconut Young,province,MIMAROPA REGION,Romblon,Romblon,2023,4812.17,official_psa
coconut_young,Coconut Young,province,MIMAROPA REGION,Romblon,Romblon,2024,4847.8,official_psa
coconut_young,Coconut Young,province,MIMAROPA REGION,Romblon,Romblon,2025,4676.27,official_psa
coconut_young,Coconut Young,province,MIMAROPA REGION,Romblon,Romblon,2026,5024.47,estimated_gap
coconut_young,Coconut Young,province,MIMAROPA REGION,City of Puerto Princesa,City of Puerto Princesa,2010,3081.73,estimated_gap
coconut_young,Coconut Young,province,MIMAROPA REGION,City of Puerto Princesa,City of Puerto Princesa,2011,3081.73,estimated_gap
coconut_young,Coconut Young,province,MIMAROPA REGION,City of Puerto Princesa,City of Puerto Princesa,2012,3081.73,estimated_gap
coconut_young,Coconut Young,province,MIMAROPA REGION,City of Puerto Princesa,City of Puerto Princesa,2013,3081.73,estimated_gap
coconut_young,Coconut Young,province,MIMAROPA REGION,City of Puerto Princesa,City of Puerto Princesa,2014,3081.73,estimated_gap
coconut_young,Coconut Young,province,MIMAROPA REGION,City of Puerto Princesa,City of Puerto Princesa,2015,3081.73,estimated_gap
coconut_young,Coconut Young,province,MIMAROPA REGION,City of Puerto Princesa,City of Puerto Princesa,2016,3081.73,estimated_gap
coconut_young,Coconut Young,province,MIMAROPA REGION,City of Puerto Princesa,City of Puerto Princesa,2017,3081.73,estimated_gap
coconut_young,Coconut Young,province,MIMAROPA REGION,City of Puerto Princesa,City of Puerto Princesa,2018,3081.73,estimated_gap
coconut_young,Coconut Young,province,MIMAROPA REGION,City of Puerto Princesa,City of Puerto Princesa,2019,3081.73,estimated_gap
coconut_young,Coconut Young,province,MIMAROPA REGION,City of Puerto Princesa,City of Puerto Princesa,2020,3081.73,estimated_gap
coconut_young,Coconut Young,province,MIMAROPA REGION,City of Puerto Princesa,City of Puerto Princesa,2021,3081.73,estimated_gap
coconut_young,Coconut Young,province,MIMAROPA REGION,City of Puerto Princesa,City of Puerto Princesa,2022,3081.73,estimated_gap
coconut_young,Coconut Young,province,MIMAROPA REGION,City of Puerto Princesa,City of Puerto Princesa,2023,3081.73,estimated_gap
coconut_young,Coconut Young,province,MIMAROPA REGION,City of Puerto Princesa,City of Puerto Princesa,2024,3081.73,official_psa
coconut_young,Coconut Young,province,MIMAROPA REGION,City of Puerto Princesa,City of Puerto Princesa,2025,3081.73,estimated_gap
coconut_young,Coconut Young,province,MIMAROPA REGION,City of Puerto Princesa,City of Puerto Princesa,2026,74.35,estimated_gap
coconut_young,Coconut Young,region,REGION V (BICOL REGION),,REGION V (BICOL REGION),2010,13551.06,official_psa
coconut_young,Coconut Young,region,REGION V (BICOL REGION),,REGION V (BICOL REGION),2011,12807.46,official_psa
coconut_young,Coconut Young,region,REGION V (BICOL REGION),,REGION V (BICOL REGION),2012,13177.19,official_psa
coconut_young,Coconut Young,region,REGION V (BICOL REGION),,REGION V (BICOL REGION),2013,13343.18,official_psa
coconut_young,Coconut Young,region,REGION V (BICOL REGION),,REGION V (BICOL REGION),2014,12514.98,official_psa
coconut_young,Coconut Young,region,REGION V (BICOL REGION),,REGION V (BICOL REGION),2015,12226.75,official_psa
coconut_young,Coconut Young,region,REGION V (BICOL REGION),,REGION V (BICOL REGION),2016,12239.34,official_psa
coconut_young,Coconut Young,region,REGION V (BICOL REGION),,REGION V (BICOL REGION),2017,11462.44,official_psa
coconut_young,Coconut Young,region,REGION V (BICOL REGION),,REGION V (BICOL REGION),2018,12682.29,official_psa
coconut_young,Coconut Young,region,REGION V (BICOL REGION),,REGION V (BICOL REGION),2019,13615.14,official_psa
coconut_young,Coconut Young,region,REGION V (BICOL REGION),,REGION V (BICOL REGION),2020,12845.29,official_psa
coconut_young,Coconut Young,region,REGION V (BICOL REGION),,REGION V (BICOL REGION),2021,11208.46,official_psa
coconut_young,Coconut Young,region,REGION V (BICOL REGION),,REGION V (BICOL REGION),2022,11687.83,official_psa
coconut_young,Coconut Young,region,REGION V (BICOL REGION),,REGION V (BICOL REGION),2023,10225.74,official_psa
coconut_young,Coconut Young,region,REGION V (BICOL REGION),,REGION V (BICOL REGION),2024,9877.82,official_psa
coconut_young,Coconut Young,region,REGION V (BICOL REGION),,REGION V (BICOL REGION),2025,9010.65,official_psa
coconut_young,Coconut Young,region,REGION V (BICOL REGION),,REGION V (BICOL REGION),2026,7737.04,estimated_gap
coconut_young,Coconut Young,province,REGION V (BICOL REGION),Albay,Albay,2010,434.09,official_psa
coconut_young,Coconut Young,province,REGION V (BICOL REGION),Albay,Albay,2011,419.79,official_psa
coconut_young,Coconut Young,province,REGION V (BICOL REGION),Albay,Albay,2012,445.78,official_psa
coconut_young,Coconut Young,province,REGION V (BICOL REGION),Albay,Albay,2013,466.9,official_psa
coconut_young,Coconut Young,province,REGION V (BICOL REGION),Albay,Albay,2014,456.86,official_psa
coconut_young,Coconut Young,province,REGION V (BICOL REGION),Albay,Albay,2015,411.0,official_psa
coconut_young,Coconut Young,province,REGION V (BICOL REGION),Albay,Albay,2016,406.96,official_psa
coconut_young,Coconut Young,province,REGION V (BICOL REGION),Albay,Albay,2017,358.65,official_psa
coconut_young,Coconut Young,province,REGION V (BICOL REGION),Albay,Albay,2018,385.88,official_psa
coconut_young,Coconut Young,province,REGION V (BICOL REGION),Albay,Albay,2019,421.87,official_psa
coconut_young,Coconut Young,province,REGION V (BICOL REGION),Albay,Albay,2020,316.7,official_psa
coconut_young,Coconut Young,province,REGION V (BICOL REGION),Albay,Albay,2021,253.66,official_psa
coconut_young,Coconut Young,province,REGION V (BICOL REGION),Albay,Albay,2022,328.57,official_psa
coconut_young,Coconut Young,province,REGION V (BICOL REGION),Albay,Albay,2023,345.4,official_psa
coconut_young,Coconut Young,province,REGION V (BICOL REGION),Albay,Albay,2024,309.29,official_psa
coconut_young,Coconut Young,province,REGION V (BICOL REGION),Albay,Albay,2025,146.61,official_psa
coconut_young,Coconut Young,province,REGION V (BICOL REGION),Albay,Albay,2026,17.01,estimated_gap
coconut_young,Coconut Young,province,REGION V (BICOL REGION),Camarines Norte,Camarines Norte,2010,1290.0,official_psa
coconut_young,Coconut Young,province,REGION V (BICOL REGION),Camarines Norte,Camarines Norte,2011,1258.0,official_psa
coconut_young,Coconut Young,province,REGION V (BICOL REGION),Camarines Norte,Camarines Norte,2012,1314.0,official_psa
coconut_young,Coconut Young,province,REGION V (BICOL REGION),Camarines Norte,Camarines Norte,2013,1355.0,official_psa
coconut_young,Coconut Young,province,REGION V (BICOL REGION),Camarines Norte,Camarines Norte,2014,1329.72,official_psa
coconut_young,Coconut Young,province,REGION V (BICOL REGION),Camarines Norte,Camarines Norte,2015,1360.23,official_psa
coconut_young,Coconut Young,province,REGION V (BICOL REGION),Camarines Norte,Camarines Norte,2016,1476.96,official_psa
coconut_young,Coconut Young,province,REGION V (BICOL REGION),Camarines Norte,Camarines Norte,2017,1460.58,official_psa
coconut_young,Coconut Young,province,REGION V (BICOL REGION),Camarines Norte,Camarines Norte,2018,1410.54,official_psa
coconut_young,Coconut Young,province,REGION V (BICOL REGION),Camarines Norte,Camarines Norte,2019,1694.24,official_psa
coconut_young,Coconut Young,province,REGION V (BICOL REGION),Camarines Norte,Camarines Norte,2020,1607.15,official_psa
coconut_young,Coconut Young,province,REGION V (BICOL REGION),Camarines Norte,Camarines Norte,2021,1366.95,official_psa
coconut_young,Coconut Young,province,REGION V (BICOL REGION),Camarines Norte,Camarines Norte,2022,1557.48,official_psa
coconut_young,Coconut Young,province,REGION V (BICOL REGION),Camarines Norte,Camarines Norte,2023,1166.92,official_psa
coconut_young,Coconut Young,province,REGION V (BICOL REGION),Camarines Norte,Camarines Norte,2024,997.28,official_psa
coconut_young,Coconut Young,province,REGION V (BICOL REGION),Camarines Norte,Camarines Norte,2025,898.08,official_psa
coconut_young,Coconut Young,province,REGION V (BICOL REGION),Camarines Norte,Camarines Norte,2026,320.66,estimated_gap
coconut_young,Coconut Young,province,REGION V (BICOL REGION),Camarines Sur,Camarines Sur,2010,5851.72,official_psa
coconut_young,Coconut Young,province,REGION V (BICOL REGION),Camarines Sur,Camarines Sur,2011,5690.48,official_psa
coconut_young,Coconut Young,province,REGION V (BICOL REGION),Camarines Sur,Camarines Sur,2012,5841.66,official_psa
coconut_young,Coconut Young,province,REGION V (BICOL REGION),Camarines Sur,Camarines Sur,2013,5986.56,official_psa
coconut_young,Coconut Young,province,REGION V (BICOL REGION),Camarines Sur,Camarines Sur,2014,5816.82,official_psa
coconut_young,Coconut Young,province,REGION V (BICOL REGION),Camarines Sur,Camarines Sur,2015,5575.05,official_psa
coconut_young,Coconut Young,province,REGION V (BICOL REGION),Camarines Sur,Camarines Sur,2016,5760.85,official_psa
coconut_young,Coconut Young,province,REGION V (BICOL REGION),Camarines Sur,Camarines Sur,2017,4876.66,official_psa
coconut_young,Coconut Young,province,REGION V (BICOL REGION),Camarines Sur,Camarines Sur,2018,5929.78,official_psa
coconut_young,Coconut Young,province,REGION V (BICOL REGION),Camarines Sur,Camarines Sur,2019,6173.63,official_psa
coconut_young,Coconut Young,province,REGION V (BICOL REGION),Camarines Sur,Camarines Sur,2020,5676.39,official_psa
coconut_young,Coconut Young,province,REGION V (BICOL REGION),Camarines Sur,Camarines Sur,2021,4185.96,official_psa
coconut_young,Coconut Young,province,REGION V (BICOL REGION),Camarines Sur,Camarines Sur,2022,4219.73,official_psa
coconut_young,Coconut Young,province,REGION V (BICOL REGION),Camarines Sur,Camarines Sur,2023,4070.94,official_psa
coconut_young,Coconut Young,province,REGION V (BICOL REGION),Camarines Sur,Camarines Sur,2024,3846.08,official_psa
coconut_young,Coconut Young,province,REGION V (BICOL REGION),Camarines Sur,Camarines Sur,2025,4117.6,official_psa
coconut_young,Coconut Young,province,REGION V (BICOL REGION),Camarines Sur,Camarines Sur,2026,3345.42,estimated_gap
coconut_young,Coconut Young,province,REGION V (BICOL REGION),Catanduanes,Catanduanes,2010,60.1,official_psa
coconut_young,Coconut Young,province,REGION V (BICOL REGION),Catanduanes,Catanduanes,2011,67.31,official_psa
coconut_young,Coconut Young,province,REGION V (BICOL REGION),Catanduanes,Catanduanes,2012,69.3,official_psa
coconut_young,Coconut Young,province,REGION V (BICOL REGION),Catanduanes,Catanduanes,2013,71.5,official_psa
coconut_young,Coconut Young,province,REGION V (BICOL REGION),Catanduanes,Catanduanes,2014,79.05,official_psa
coconut_young,Coconut Young,province,REGION V (BICOL REGION),Catanduanes,Catanduanes,2015,86.7,official_psa
coconut_young,Coconut Young,province,REGION V (BICOL REGION),Catanduanes,Catanduanes,2016,91.97,official_psa
coconut_young,Coconut Young,province,REGION V (BICOL REGION),Catanduanes,Catanduanes,2017,75.22,official_psa
coconut_young,Coconut Young,province,REGION V (BICOL REGION),Catanduanes,Catanduanes,2018,85.61,official_psa
coconut_young,Coconut Young,province,REGION V (BICOL REGION),Catanduanes,Catanduanes,2019,90.22,official_psa
coconut_young,Coconut Young,province,REGION V (BICOL REGION),Catanduanes,Catanduanes,2020,83.91,official_psa
coconut_young,Coconut Young,province,REGION V (BICOL REGION),Catanduanes,Catanduanes,2021,60.49,official_psa
coconut_young,Coconut Young,province,REGION V (BICOL REGION),Catanduanes,Catanduanes,2022,65.34,official_psa
coconut_young,Coconut Young,province,REGION V (BICOL REGION),Catanduanes,Catanduanes,2023,77.45,official_psa
coconut_young,Coconut Young,province,REGION V (BICOL REGION),Catanduanes,Catanduanes,2024,82.81,official_psa
coconut_young,Coconut Young,province,REGION V (BICOL REGION),Catanduanes,Catanduanes,2025,37.77,official_psa
coconut_young,Coconut Young,province,REGION V (BICOL REGION),Catanduanes,Catanduanes,2026,41.75,estimated_gap
coconut_young,Coconut Young,province,REGION V (BICOL REGION),Masbate,Masbate,2010,2802.85,official_psa
coconut_young,Coconut Young,province,REGION V (BICOL REGION),Masbate,Masbate,2011,2547.68,official_psa
coconut_young,Coconut Young,province,REGION V (BICOL REGION),Masbate,Masbate,2012,2853.64,official_psa
coconut_young,Coconut Young,province,REGION V (BICOL REGION),Masbate,Masbate,2013,2882.05,official_psa
coconut_young,Coconut Young,province,REGION V (BICOL REGION),Masbate,Masbate,2014,2790.39,official_psa
coconut_young,Coconut Young,province,REGION V (BICOL REGION),Masbate,Masbate,2015,2605.82,official_psa
coconut_young,Coconut Young,province,REGION V (BICOL REGION),Masbate,Masbate,2016,2707.17,official_psa
coconut_young,Coconut Young,province,REGION V (BICOL REGION),Masbate,Masbate,2017,2834.55,official_psa
coconut_young,Coconut Young,province,REGION V (BICOL REGION),Masbate,Masbate,2018,2960.53,official_psa
coconut_young,Coconut Young,province,REGION V (BICOL REGION),Masbate,Masbate,2019,3337.42,official_psa
coconut_young,Coconut Young,province,REGION V (BICOL REGION),Masbate,Masbate,2020,3469.58,official_psa
coconut_young,Coconut Young,province,REGION V (BICOL REGION),Masbate,Masbate,2021,3728.81,official_psa
coconut_young,Coconut Young,province,REGION V (BICOL REGION),Masbate,Masbate,2022,3988.86,official_psa
coconut_young,Coconut Young,province,REGION V (BICOL REGION),Masbate,Masbate,2023,3937.15,official_psa
coconut_young,Coconut Young,province,REGION V (BICOL REGION),Masbate,Masbate,2024,4108.17,official_psa
coconut_young,Coconut Young,province,REGION V (BICOL REGION),Masbate,Masbate,2025,3394.17,official_psa
coconut_young,Coconut Young,province,REGION V (BICOL REGION),Masbate,Masbate,2026,3428.57,estimated_gap
coconut_young,Coconut Young,province,REGION V (BICOL REGION),Sorsogon,Sorsogon,2010,3112.3,official_psa
coconut_young,Coconut Young,province,REGION V (BICOL REGION),Sorsogon,Sorsogon,2011,2824.2,official_psa
coconut_young,Coconut Young,province,REGION V (BICOL REGION),Sorsogon,Sorsogon,2012,2652.81,official_psa
coconut_young,Coconut Young,province,REGION V (BICOL REGION),Sorsogon,Sorsogon,2013,2581.17,official_psa
coconut_young,Coconut Young,province,REGION V (BICOL REGION),Sorsogon,Sorsogon,2014,2042.14,official_psa
coconut_young,Coconut Young,province,REGION V (BICOL REGION),Sorsogon,Sorsogon,2015,2187.95,official_psa
coconut_young,Coconut Young,province,REGION V (BICOL REGION),Sorsogon,Sorsogon,2016,1795.43,official_psa
coconut_young,Coconut Young,province,REGION V (BICOL REGION),Sorsogon,Sorsogon,2017,1856.78,official_psa
coconut_young,Coconut Young,province,REGION V (BICOL REGION),Sorsogon,Sorsogon,2018,1909.95,official_psa
coconut_young,Coconut Young,province,REGION V (BICOL REGION),Sorsogon,Sorsogon,2019,1897.76,official_psa
coconut_young,Coconut Young,province,REGION V (BICOL REGION),Sorsogon,Sorsogon,2020,1691.56,official_psa
coconut_young,Coconut Young,province,REGION V (BICOL REGION),Sorsogon,Sorsogon,2021,1612.59,official_psa
coconut_young,Coconut Young,province,REGION V (BICOL REGION),Sorsogon,Sorsogon,2022,1527.85,official_psa
coconut_young,Coconut Young,province,REGION V (BICOL REGION),Sorsogon,Sorsogon,2023,627.89,official_psa
coconut_young,Coconut Young,province,REGION V (BICOL REGION),Sorsogon,Sorsogon,2024,534.18,official_psa
coconut_young,Coconut Young,province,REGION V (BICOL REGION),Sorsogon,Sorsogon,2025,416.42,official_psa
coconut_young,Coconut Young,province,REGION V (BICOL REGION),Sorsogon,Sorsogon,2026,502.5,estimated_gap
coconut_young,Coconut Young,region,REGION VI (WESTERN VISAYAS),,REGION VI (WESTERN VISAYAS),2010,11563.65,official_psa
coconut_young,Coconut Young,region,REGION VI (WESTERN VISAYAS),,REGION VI (WESTERN VISAYAS),2011,12774.65,official_psa
coconut_young,Coconut Young,region,REGION VI (WESTERN VISAYAS),,REGION VI (WESTERN VISAYAS),2012,15113.05,official_psa
coconut_young,Coconut Young,region,REGION VI (WESTERN VISAYAS),,REGION VI (WESTERN VISAYAS),2013,22441.09,official_psa
coconut_young,Coconut Young,region,REGION VI (WESTERN VISAYAS),,REGION VI (WESTERN VISAYAS),2014,14666.32,official_psa
coconut_young,Coconut Young,region,REGION VI (WESTERN VISAYAS),,REGION VI (WESTERN VISAYAS),2015,22771.86,official_psa
coconut_young,Coconut Young,region,REGION VI (WESTERN VISAYAS),,REGION VI (WESTERN VISAYAS),2016,32089.1,official_psa
coconut_young,Coconut Young,region,REGION VI (WESTERN VISAYAS),,REGION VI (WESTERN VISAYAS),2017,38027.94,official_psa
coconut_young,Coconut Young,region,REGION VI (WESTERN VISAYAS),,REGION VI (WESTERN VISAYAS),2018,39991.68,official_psa
coconut_young,Coconut Young,region,REGION VI (WESTERN VISAYAS),,REGION VI (WESTERN VISAYAS),2019,43196.11,official_psa
coconut_young,Coconut Young,region,REGION VI (WESTERN VISAYAS),,REGION VI (WESTERN VISAYAS),2020,43461.68,official_psa
coconut_young,Coconut Young,region,REGION VI (WESTERN VISAYAS),,REGION VI (WESTERN VISAYAS),2021,44924.34,official_psa
coconut_young,Coconut Young,region,REGION VI (WESTERN VISAYAS),,REGION VI (WESTERN VISAYAS),2022,47144.76,official_psa
coconut_young,Coconut Young,region,REGION VI (WESTERN VISAYAS),,REGION VI (WESTERN VISAYAS),2023,47620.77,official_psa
coconut_young,Coconut Young,region,REGION VI (WESTERN VISAYAS),,REGION VI (WESTERN VISAYAS),2024,19417.44,official_psa
coconut_young,Coconut Young,region,REGION VI (WESTERN VISAYAS),,REGION VI (WESTERN VISAYAS),2025,22334.08,official_psa
coconut_young,Coconut Young,region,REGION VI (WESTERN VISAYAS),,REGION VI (WESTERN VISAYAS),2026,25813.06,estimated_gap
coconut_young,Coconut Young,province,REGION VI (WESTERN VISAYAS),Aklan,Aklan,2010,92.79,official_psa
coconut_young,Coconut Young,province,REGION VI (WESTERN VISAYAS),Aklan,Aklan,2011,95.39,official_psa
coconut_young,Coconut Young,province,REGION VI (WESTERN VISAYAS),Aklan,Aklan,2012,220.55,official_psa
coconut_young,Coconut Young,province,REGION VI (WESTERN VISAYAS),Aklan,Aklan,2013,6314.08,official_psa
coconut_young,Coconut Young,province,REGION VI (WESTERN VISAYAS),Aklan,Aklan,2014,4132.81,official_psa
coconut_young,Coconut Young,province,REGION VI (WESTERN VISAYAS),Aklan,Aklan,2015,4645.72,official_psa
coconut_young,Coconut Young,province,REGION VI (WESTERN VISAYAS),Aklan,Aklan,2016,4896.82,official_psa
coconut_young,Coconut Young,province,REGION VI (WESTERN VISAYAS),Aklan,Aklan,2017,5232.23,official_psa
coconut_young,Coconut Young,province,REGION VI (WESTERN VISAYAS),Aklan,Aklan,2018,4854.08,official_psa
coconut_young,Coconut Young,province,REGION VI (WESTERN VISAYAS),Aklan,Aklan,2019,5071.54,official_psa
coconut_young,Coconut Young,province,REGION VI (WESTERN VISAYAS),Aklan,Aklan,2020,4871.37,official_psa
coconut_young,Coconut Young,province,REGION VI (WESTERN VISAYAS),Aklan,Aklan,2021,5804.04,official_psa
coconut_young,Coconut Young,province,REGION VI (WESTERN VISAYAS),Aklan,Aklan,2022,6044.92,official_psa
coconut_young,Coconut Young,province,REGION VI (WESTERN VISAYAS),Aklan,Aklan,2023,5966.14,official_psa
coconut_young,Coconut Young,province,REGION VI (WESTERN VISAYAS),Aklan,Aklan,2024,5944.93,official_psa
coconut_young,Coconut Young,province,REGION VI (WESTERN VISAYAS),Aklan,Aklan,2025,5930.63,official_psa
coconut_young,Coconut Young,province,REGION VI (WESTERN VISAYAS),Aklan,Aklan,2026,5892.27,estimated_gap
coconut_young,Coconut Young,province,REGION VI (WESTERN VISAYAS),Antique,Antique,2010,902.19,official_psa
coconut_young,Coconut Young,province,REGION VI (WESTERN VISAYAS),Antique,Antique,2011,565.71,official_psa
coconut_young,Coconut Young,province,REGION VI (WESTERN VISAYAS),Antique,Antique,2012,301.33,official_psa
coconut_young,Coconut Young,province,REGION VI (WESTERN VISAYAS),Antique,Antique,2013,414.05,official_psa
coconut_young,Coconut Young,province,REGION VI (WESTERN VISAYAS),Antique,Antique,2014,542.1,official_psa
coconut_young,Coconut Young,province,REGION VI (WESTERN VISAYAS),Antique,Antique,2015,785.57,official_psa
coconut_young,Coconut Young,province,REGION VI (WESTERN VISAYAS),Antique,Antique,2016,533.15,official_psa
coconut_young,Coconut Young,province,REGION VI (WESTERN VISAYAS),Antique,Antique,2017,560.88,official_psa
coconut_young,Coconut Young,province,REGION VI (WESTERN VISAYAS),Antique,Antique,2018,1042.61,official_psa
coconut_young,Coconut Young,province,REGION VI (WESTERN VISAYAS),Antique,Antique,2019,1169.81,official_psa
coconut_young,Coconut Young,province,REGION VI (WESTERN VISAYAS),Antique,Antique,2020,879.29,official_psa
coconut_young,Coconut Young,province,REGION VI (WESTERN VISAYAS),Antique,Antique,2021,928.6,official_psa
coconut_young,Coconut Young,province,REGION VI (WESTERN VISAYAS),Antique,Antique,2022,1102.14,official_psa
coconut_young,Coconut Young,province,REGION VI (WESTERN VISAYAS),Antique,Antique,2023,1526.83,official_psa
coconut_young,Coconut Young,province,REGION VI (WESTERN VISAYAS),Antique,Antique,2024,1909.1,official_psa
coconut_young,Coconut Young,province,REGION VI (WESTERN VISAYAS),Antique,Antique,2025,1901.21,official_psa
coconut_young,Coconut Young,province,REGION VI (WESTERN VISAYAS),Antique,Antique,2026,1729.6,estimated_gap
coconut_young,Coconut Young,province,REGION VI (WESTERN VISAYAS),Capiz,Capiz,2010,3715.41,official_psa
coconut_young,Coconut Young,province,REGION VI (WESTERN VISAYAS),Capiz,Capiz,2011,3691.97,official_psa
coconut_young,Coconut Young,province,REGION VI (WESTERN VISAYAS),Capiz,Capiz,2012,3960.53,official_psa
coconut_young,Coconut Young,province,REGION VI (WESTERN VISAYAS),Capiz,Capiz,2013,3653.46,official_psa
coconut_young,Coconut Young,province,REGION VI (WESTERN VISAYAS),Capiz,Capiz,2014,1714.18,official_psa
coconut_young,Coconut Young,province,REGION VI (WESTERN VISAYAS),Capiz,Capiz,2015,2757.77,official_psa
coconut_young,Coconut Young,province,REGION VI (WESTERN VISAYAS),Capiz,Capiz,2016,3195.11,official_psa
coconut_young,Coconut Young,province,REGION VI (WESTERN VISAYAS),Capiz,Capiz,2017,3314.52,official_psa
coconut_young,Coconut Young,province,REGION VI (WESTERN VISAYAS),Capiz,Capiz,2018,3446.04,official_psa
coconut_young,Coconut Young,province,REGION VI (WESTERN VISAYAS),Capiz,Capiz,2019,3918.1,official_psa
coconut_young,Coconut Young,province,REGION VI (WESTERN VISAYAS),Capiz,Capiz,2020,4444.23,official_psa
coconut_young,Coconut Young,province,REGION VI (WESTERN VISAYAS),Capiz,Capiz,2021,4768.01,official_psa
coconut_young,Coconut Young,province,REGION VI (WESTERN VISAYAS),Capiz,Capiz,2022,5687.94,official_psa
coconut_young,Coconut Young,province,REGION VI (WESTERN VISAYAS),Capiz,Capiz,2023,5389.64,official_psa
coconut_young,Coconut Young,province,REGION VI (WESTERN VISAYAS),Capiz,Capiz,2024,5428.55,official_psa
coconut_young,Coconut Young,province,REGION VI (WESTERN VISAYAS),Capiz,Capiz,2025,6682.65,official_psa
coconut_young,Coconut Young,province,REGION VI (WESTERN VISAYAS),Capiz,Capiz,2026,5844.54,estimated_gap
coconut_young,Coconut Young,province,REGION VI (WESTERN VISAYAS),Guimaras,Guimaras,2010,305.2,official_psa
coconut_young,Coconut Young,province,REGION VI (WESTERN VISAYAS),Guimaras,Guimaras,2011,326.5,official_psa
coconut_young,Coconut Young,province,REGION VI (WESTERN VISAYAS),Guimaras,Guimaras,2012,415.68,official_psa
coconut_young,Coconut Young,province,REGION VI (WESTERN VISAYAS),Guimaras,Guimaras,2013,363.45,official_psa
coconut_young,Coconut Young,province,REGION VI (WESTERN VISAYAS),Guimaras,Guimaras,2014,352.9,official_psa
coconut_young,Coconut Young,province,REGION VI (WESTERN VISAYAS),Guimaras,Guimaras,2015,342.23,official_psa
coconut_young,Coconut Young,province,REGION VI (WESTERN VISAYAS),Guimaras,Guimaras,2016,330.4,official_psa
coconut_young,Coconut Young,province,REGION VI (WESTERN VISAYAS),Guimaras,Guimaras,2017,383.1,official_psa
coconut_young,Coconut Young,province,REGION VI (WESTERN VISAYAS),Guimaras,Guimaras,2018,387.96,official_psa
coconut_young,Coconut Young,province,REGION VI (WESTERN VISAYAS),Guimaras,Guimaras,2019,398.66,official_psa
coconut_young,Coconut Young,province,REGION VI (WESTERN VISAYAS),Guimaras,Guimaras,2020,369.79,official_psa
coconut_young,Coconut Young,province,REGION VI (WESTERN VISAYAS),Guimaras,Guimaras,2021,376.09,official_psa
coconut_young,Coconut Young,province,REGION VI (WESTERN VISAYAS),Guimaras,Guimaras,2022,399.24,official_psa
coconut_young,Coconut Young,province,REGION VI (WESTERN VISAYAS),Guimaras,Guimaras,2023,442.08,official_psa
coconut_young,Coconut Young,province,REGION VI (WESTERN VISAYAS),Guimaras,Guimaras,2024,464.09,official_psa
coconut_young,Coconut Young,province,REGION VI (WESTERN VISAYAS),Guimaras,Guimaras,2025,441.62,official_psa
coconut_young,Coconut Young,province,REGION VI (WESTERN VISAYAS),Guimaras,Guimaras,2026,406.28,estimated_gap
coconut_young,Coconut Young,province,REGION VI (WESTERN VISAYAS),Iloilo,Iloilo,2010,1725.77,official_psa
coconut_young,Coconut Young,province,REGION VI (WESTERN VISAYAS),Iloilo,Iloilo,2011,2969.33,official_psa
coconut_young,Coconut Young,province,REGION VI (WESTERN VISAYAS),Iloilo,Iloilo,2012,4338.0,official_psa
coconut_young,Coconut Young,province,REGION VI (WESTERN VISAYAS),Iloilo,Iloilo,2013,4949.71,official_psa
coconut_young,Coconut Young,province,REGION VI (WESTERN VISAYAS),Iloilo,Iloilo,2014,3702.1,official_psa
coconut_young,Coconut Young,province,REGION VI (WESTERN VISAYAS),Iloilo,Iloilo,2015,2656.92,official_psa
coconut_young,Coconut Young,province,REGION VI (WESTERN VISAYAS),Iloilo,Iloilo,2016,2272.13,official_psa
coconut_young,Coconut Young,province,REGION VI (WESTERN VISAYAS),Iloilo,Iloilo,2017,2388.0,official_psa
coconut_young,Coconut Young,province,REGION VI (WESTERN VISAYAS),Iloilo,Iloilo,2018,3380.0,official_psa
coconut_young,Coconut Young,province,REGION VI (WESTERN VISAYAS),Iloilo,Iloilo,2019,4045.0,official_psa
coconut_young,Coconut Young,province,REGION VI (WESTERN VISAYAS),Iloilo,Iloilo,2020,3490.0,official_psa
coconut_young,Coconut Young,province,REGION VI (WESTERN VISAYAS),Iloilo,Iloilo,2021,3922.6,official_psa
coconut_young,Coconut Young,province,REGION VI (WESTERN VISAYAS),Iloilo,Iloilo,2022,4288.52,official_psa
coconut_young,Coconut Young,province,REGION VI (WESTERN VISAYAS),Iloilo,Iloilo,2023,4945.29,official_psa
coconut_young,Coconut Young,province,REGION VI (WESTERN VISAYAS),Iloilo,Iloilo,2024,5670.77,official_psa
coconut_young,Coconut Young,province,REGION VI (WESTERN VISAYAS),Iloilo,Iloilo,2025,7377.98,official_psa
coconut_young,Coconut Young,province,REGION VI (WESTERN VISAYAS),Iloilo,Iloilo,2026,7010.18,estimated_gap
coconut_young,Coconut Young,province,REGION VI (WESTERN VISAYAS),Negros Occidental,Negros Occidental,2010,4822.3,official_psa
coconut_young,Coconut Young,province,REGION VI (WESTERN VISAYAS),Negros Occidental,Negros Occidental,2011,5125.75,official_psa
coconut_young,Coconut Young,province,REGION VI (WESTERN VISAYAS),Negros Occidental,Negros Occidental,2012,5876.96,official_psa
coconut_young,Coconut Young,province,REGION VI (WESTERN VISAYAS),Negros Occidental,Negros Occidental,2013,6746.34,official_psa
coconut_young,Coconut Young,province,REGION VI (WESTERN VISAYAS),Negros Occidental,Negros Occidental,2014,4222.24,official_psa
coconut_young,Coconut Young,province,REGION VI (WESTERN VISAYAS),Negros Occidental,Negros Occidental,2015,11583.65,official_psa
coconut_young,Coconut Young,province,REGION VI (WESTERN VISAYAS),Negros Occidental,Negros Occidental,2016,20861.5,official_psa
coconut_young,Coconut Young,province,REGION VI (WESTERN VISAYAS),Negros Occidental,Negros Occidental,2017,26149.21,official_psa
coconut_young,Coconut Young,province,REGION VI (WESTERN VISAYAS),Negros Occidental,Negros Occidental,2018,26881.0,official_psa
coconut_young,Coconut Young,province,REGION VI (WESTERN VISAYAS),Negros Occidental,Negros Occidental,2019,28593.0,official_psa
coconut_young,Coconut Young,province,REGION VI (WESTERN VISAYAS),Negros Occidental,Negros Occidental,2020,29407.0,official_psa
coconut_young,Coconut Young,province,REGION VI (WESTERN VISAYAS),Negros Occidental,Negros Occidental,2021,29125.0,official_psa
coconut_young,Coconut Young,province,REGION VI (WESTERN VISAYAS),Negros Occidental,Negros Occidental,2022,29622.0,official_psa
coconut_young,Coconut Young,province,REGION VI (WESTERN VISAYAS),Negros Occidental,Negros Occidental,2023,29350.78,official_psa
coconut_young,Coconut Young,province,REGION VI (WESTERN VISAYAS),Negros Occidental,Negros Occidental,2024,29026.89,estimated_gap
coconut_young,Coconut Young,province,REGION VI (WESTERN VISAYAS),Negros Occidental,Negros Occidental,2025,29085.58,estimated_gap
coconut_young,Coconut Young,province,REGION VI (WESTERN VISAYAS),Negros Occidental,Negros Occidental,2026,29144.38,estimated_gap
coconut_young,Coconut Young,region,NEGROS ISLAND REGION,,NEGROS ISLAND REGION,2010,37110.65,estimated_gap
coconut_young,Coconut Young,region,NEGROS ISLAND REGION,,NEGROS ISLAND REGION,2011,37110.65,estimated_gap
coconut_young,Coconut Young,region,NEGROS ISLAND REGION,,NEGROS ISLAND REGION,2012,37110.65,estimated_gap
coconut_young,Coconut Young,region,NEGROS ISLAND REGION,,NEGROS ISLAND REGION,2013,37110.65,estimated_gap
coconut_young,Coconut Young,region,NEGROS ISLAND REGION,,NEGROS ISLAND REGION,2014,37110.65,estimated_gap
coconut_young,Coconut Young,region,NEGROS ISLAND REGION,,NEGROS ISLAND REGION,2015,37110.65,estimated_gap
coconut_young,Coconut Young,region,NEGROS ISLAND REGION,,NEGROS ISLAND REGION,2016,37110.65,estimated_gap
coconut_young,Coconut Young,region,NEGROS ISLAND REGION,,NEGROS ISLAND REGION,2017,37110.65,estimated_gap
coconut_young,Coconut Young,region,NEGROS ISLAND REGION,,NEGROS ISLAND REGION,2018,37110.65,estimated_gap
coconut_young,Coconut Young,region,NEGROS ISLAND REGION,,NEGROS ISLAND REGION,2019,37110.65,estimated_gap
coconut_young,Coconut Young,region,NEGROS ISLAND REGION,,NEGROS ISLAND REGION,2020,37110.65,estimated_gap
coconut_young,Coconut Young,region,NEGROS ISLAND REGION,,NEGROS ISLAND REGION,2021,37110.65,estimated_gap
coconut_young,Coconut Young,region,NEGROS ISLAND REGION,,NEGROS ISLAND REGION,2022,37110.65,estimated_gap
coconut_young,Coconut Young,region,NEGROS ISLAND REGION,,NEGROS ISLAND REGION,2023,37110.65,estimated_gap
coconut_young,Coconut Young,region,NEGROS ISLAND REGION,,NEGROS ISLAND REGION,2024,37110.65,official_psa
coconut_young,Coconut Young,region,NEGROS ISLAND REGION,,NEGROS ISLAND REGION,2025,35776.66,official_psa
coconut_young,Coconut Young,region,NEGROS ISLAND REGION,,NEGROS ISLAND REGION,2026,32533.68,estimated_gap
coconut_young,Coconut Young,province,NEGROS ISLAND REGION,Negros Occidental,Negros Occidental,2010,5125.75,estimated_gap
coconut_young,Coconut Young,province,NEGROS ISLAND REGION,Negros Occidental,Negros Occidental,2011,5501.35,estimated_gap
coconut_young,Coconut Young,province,NEGROS ISLAND REGION,Negros Occidental,Negros Occidental,2012,6123.85,estimated_gap
coconut_young,Coconut Young,province,NEGROS ISLAND REGION,Negros Occidental,Negros Occidental,2013,5173.04,estimated_gap
coconut_young,Coconut Young,province,NEGROS ISLAND REGION,Negros Occidental,Negros Occidental,2014,8378.35,estimated_gap
coconut_young,Coconut Young,province,NEGROS ISLAND REGION,Negros Occidental,Negros Occidental,2015,14619.92,estimated_gap
coconut_young,Coconut Young,province,NEGROS ISLAND REGION,Negros Occidental,Negros Occidental,2016,20384.57,estimated_gap
coconut_young,Coconut Young,province,NEGROS ISLAND REGION,Negros Occidental,Negros Occidental,2017,23632.78,estimated_gap
coconut_young,Coconut Young,province,NEGROS ISLAND REGION,Negros Occidental,Negros Occidental,2018,26112.89,estimated_gap
coconut_young,Coconut Young,province,NEGROS ISLAND REGION,Negros Occidental,Negros Occidental,2019,27759.95,estimated_gap
coconut_young,Coconut Young,province,NEGROS ISLAND REGION,Negros Occidental,Negros Occidental,2020,28442.47,estimated_gap
coconut_young,Coconut Young,province,NEGROS ISLAND REGION,Negros Occidental,Negros Occidental,2021,29032.24,estimated_gap
coconut_young,Coconut Young,province,NEGROS ISLAND REGION,Negros Occidental,Negros Occidental,2022,29191.51,estimated_gap
coconut_young,Coconut Young,province,NEGROS ISLAND REGION,Negros Occidental,Negros Occidental,2023,28968.32,estimated_gap
coconut_young,Coconut Young,province,NEGROS ISLAND REGION,Negros Occidental,Negros Occidental,2024,28745.14,official_psa
coconut_young,Coconut Young,province,NEGROS ISLAND REGION,Negros Occidental,Negros Occidental,2025,29085.46,official_psa
coconut_young,Coconut Young,province,NEGROS ISLAND REGION,Negros Occidental,Negros Occidental,2026,30228.31,estimated_gap
coconut_young,Coconut Young,province,NEGROS ISLAND REGION,Negros Oriental,Negros Oriental,2010,1631.64,estimated_gap
coconut_young,Coconut Young,province,NEGROS ISLAND REGION,Negros Oriental,Negros Oriental,2011,1649.8,estimated_gap
coconut_young,Coconut Young,province,NEGROS ISLAND REGION,Negros Oriental,Negros Oriental,2012,3319.81,estimated_gap
coconut_young,Coconut Young,province,NEGROS ISLAND REGION,Negros Oriental,Negros Oriental,2013,4582.33,estimated_gap
coconut_young,Coconut Young,province,NEGROS ISLAND REGION,Negros Oriental,Negros Oriental,2014,5784.19,estimated_gap
coconut_young,Coconut Young,province,NEGROS ISLAND REGION,Negros Oriental,Negros Oriental,2015,6034.91,estimated_gap
coconut_young,Coconut Young,province,NEGROS ISLAND REGION,Negros Oriental,Negros Oriental,2016,6624.99,estimated_gap
coconut_young,Coconut Young,province,NEGROS ISLAND REGION,Negros Oriental,Negros Oriental,2017,7392.03,estimated_gap
coconut_young,Coconut Young,province,NEGROS ISLAND REGION,Negros Oriental,Negros Oriental,2018,8332.84,estimated_gap
coconut_young,Coconut Young,province,NEGROS ISLAND REGION,Negros Oriental,Negros Oriental,2019,8592.93,estimated_gap
coconut_young,Coconut Young,province,NEGROS ISLAND REGION,Negros Oriental,Negros Oriental,2020,9791.21,estimated_gap
coconut_young,Coconut Young,province,NEGROS ISLAND REGION,Negros Oriental,Negros Oriental,2021,9219.28,estimated_gap
coconut_young,Coconut Young,province,NEGROS ISLAND REGION,Negros Oriental,Negros Oriental,2022,9342.58,estimated_gap
coconut_young,Coconut Young,province,NEGROS ISLAND REGION,Negros Oriental,Negros Oriental,2023,8765.84,estimated_gap
coconut_young,Coconut Young,province,NEGROS ISLAND REGION,Negros Oriental,Negros Oriental,2024,8189.1,official_psa
coconut_young,Coconut Young,province,NEGROS ISLAND REGION,Negros Oriental,Negros Oriental,2025,6513.85,official_psa
coconut_young,Coconut Young,province,NEGROS ISLAND REGION,Negros Oriental,Negros Oriental,2026,304.97,estimated_gap
coconut_young,Coconut Young,province,NEGROS ISLAND REGION,Siquijor,Siquijor,2010,108.72,estimated_gap
coconut_young,Coconut Young,province,NEGROS ISLAND REGION,Siquijor,Siquijor,2011,111.66,estimated_gap
coconut_young,Coconut Young,province,NEGROS ISLAND REGION,Siquijor,Siquijor,2012,116.73,estimated_gap
coconut_young,Coconut Young,province,NEGROS ISLAND REGION,Siquijor,Siquijor,2013,122.43,estimated_gap
coconut_young,Coconut Young,province,NEGROS ISLAND REGION,Siquijor,Siquijor,2014,128.43,estimated_gap
coconut_young,Coconut Young,province,NEGROS ISLAND REGION,Siquijor,Siquijor,2015,128.16,estimated_gap
coconut_young,Coconut Young,province,NEGROS ISLAND REGION,Siquijor,Siquijor,2016,134.89,estimated_gap
coconut_young,Coconut Young,province,NEGROS ISLAND REGION,Siquijor,Siquijor,2017,145.09,estimated_gap
coconut_young,Coconut Young,province,NEGROS ISLAND REGION,Siquijor,Siquijor,2018,157.85,estimated_gap
coconut_young,Coconut Young,province,NEGROS ISLAND REGION,Siquijor,Siquijor,2019,158.04,estimated_gap
coconut_young,Coconut Young,province,NEGROS ISLAND REGION,Siquijor,Siquijor,2020,157.15,estimated_gap
coconut_young,Coconut Young,province,NEGROS ISLAND REGION,Siquijor,Siquijor,2021,150.83,estimated_gap
coconut_young,Coconut Young,province,NEGROS ISLAND REGION,Siquijor,Siquijor,2022,160.34,estimated_gap
coconut_young,Coconut Young,province,NEGROS ISLAND REGION,Siquijor,Siquijor,2023,168.37,estimated_gap
coconut_young,Coconut Young,province,NEGROS ISLAND REGION,Siquijor,Siquijor,2024,176.4,official_psa
coconut_young,Coconut Young,province,NEGROS ISLAND REGION,Siquijor,Siquijor,2025,177.35,official_psa
coconut_young,Coconut Young,province,NEGROS ISLAND REGION,Siquijor,Siquijor,2026,178.09,estimated_gap
coconut_young,Coconut Young,province,NEGROS ISLAND REGION,City of Bacolod,City of Bacolod,2010,118.78,estimated_gap
coconut_young,Coconut Young,province,NEGROS ISLAND REGION,City of Bacolod,City of Bacolod,2011,118.78,estimated_gap
coconut_young,Coconut Young,province,NEGROS ISLAND REGION,City of Bacolod,City of Bacolod,2012,118.78,estimated_gap
coconut_young,Coconut Young,province,NEGROS ISLAND REGION,City of Bacolod,City of Bacolod,2013,118.78,estimated_gap
coconut_young,Coconut Young,province,NEGROS ISLAND REGION,City of Bacolod,City of Bacolod,2014,118.78,estimated_gap
coconut_young,Coconut Young,province,NEGROS ISLAND REGION,City of Bacolod,City of Bacolod,2015,118.78,estimated_gap
coconut_young,Coconut Young,province,NEGROS ISLAND REGION,City of Bacolod,City of Bacolod,2016,118.78,estimated_gap
coconut_young,Coconut Young,province,NEGROS ISLAND REGION,City of Bacolod,City of Bacolod,2017,118.78,estimated_gap
coconut_young,Coconut Young,province,NEGROS ISLAND REGION,City of Bacolod,City of Bacolod,2018,118.78,estimated_gap
coconut_young,Coconut Young,province,NEGROS ISLAND REGION,City of Bacolod,City of Bacolod,2019,118.78,estimated_gap
coconut_young,Coconut Young,province,NEGROS ISLAND REGION,City of Bacolod,City of Bacolod,2020,118.78,estimated_gap
coconut_young,Coconut Young,province,NEGROS ISLAND REGION,City of Bacolod,City of Bacolod,2021,118.78,estimated_gap
coconut_young,Coconut Young,province,NEGROS ISLAND REGION,City of Bacolod,City of Bacolod,2022,118.78,estimated_gap
coconut_young,Coconut Young,province,NEGROS ISLAND REGION,City of Bacolod,City of Bacolod,2023,118.78,estimated_gap
coconut_young,Coconut Young,province,NEGROS ISLAND REGION,City of Bacolod,City of Bacolod,2024,118.78,official_psa
coconut_young,Coconut Young,province,NEGROS ISLAND REGION,City of Bacolod,City of Bacolod,2025,118.78,estimated_gap
coconut_young,Coconut Young,province,NEGROS ISLAND REGION,City of Bacolod,City of Bacolod,2026,4.5,estimated_gap
coconut_young,Coconut Young,region,REGION VII (CENTRAL VISAYAS),,REGION VII (CENTRAL VISAYAS),2010,5973.86,official_psa
coconut_young,Coconut Young,region,REGION VII (CENTRAL VISAYAS),,REGION VII (CENTRAL VISAYAS),2011,6259.38,official_psa
coconut_young,Coconut Young,region,REGION VII (CENTRAL VISAYAS),,REGION VII (CENTRAL VISAYAS),2012,6937.83,official_psa
coconut_young,Coconut Young,region,REGION VII (CENTRAL VISAYAS),,REGION VII (CENTRAL VISAYAS),2013,12337.25,official_psa
coconut_young,Coconut Young,region,REGION VII (CENTRAL VISAYAS),,REGION VII (CENTRAL VISAYAS),2014,13058.24,official_psa
coconut_young,Coconut Young,region,REGION VII (CENTRAL VISAYAS),,REGION VII (CENTRAL VISAYAS),2015,14802.3,official_psa
coconut_young,Coconut Young,region,REGION VII (CENTRAL VISAYAS),,REGION VII (CENTRAL VISAYAS),2016,25212.46,official_psa
coconut_young,Coconut Young,region,REGION VII (CENTRAL VISAYAS),,REGION VII (CENTRAL VISAYAS),2017,43712.84,official_psa
coconut_young,Coconut Young,region,REGION VII (CENTRAL VISAYAS),,REGION VII (CENTRAL VISAYAS),2018,45218.41,official_psa
coconut_young,Coconut Young,region,REGION VII (CENTRAL VISAYAS),,REGION VII (CENTRAL VISAYAS),2019,47861.26,official_psa
coconut_young,Coconut Young,region,REGION VII (CENTRAL VISAYAS),,REGION VII (CENTRAL VISAYAS),2020,48402.61,official_psa
coconut_young,Coconut Young,region,REGION VII (CENTRAL VISAYAS),,REGION VII (CENTRAL VISAYAS),2021,51879.04,official_psa
coconut_young,Coconut Young,region,REGION VII (CENTRAL VISAYAS),,REGION VII (CENTRAL VISAYAS),2022,39529.04,official_psa
coconut_young,Coconut Young,region,REGION VII (CENTRAL VISAYAS),,REGION VII (CENTRAL VISAYAS),2023,46632.98,official_psa
coconut_young,Coconut Young,region,REGION VII (CENTRAL VISAYAS),,REGION VII (CENTRAL VISAYAS),2024,37294.84,official_psa
coconut_young,Coconut Young,region,REGION VII (CENTRAL VISAYAS),,REGION VII (CENTRAL VISAYAS),2025,37711.84,official_psa
coconut_young,Coconut Young,region,REGION VII (CENTRAL VISAYAS),,REGION VII (CENTRAL VISAYAS),2026,23763.88,estimated_gap
coconut_young,Coconut Young,province,REGION VII (CENTRAL VISAYAS),Bohol,Bohol,2010,1708.06,official_psa
coconut_young,Coconut Young,province,REGION VII (CENTRAL VISAYAS),Bohol,Bohol,2011,1650.3,official_psa
coconut_young,Coconut Young,province,REGION VII (CENTRAL VISAYAS),Bohol,Bohol,2012,1745.48,official_psa
coconut_young,Coconut Young,province,REGION VII (CENTRAL VISAYAS),Bohol,Bohol,2013,1802.24,official_psa
coconut_young,Coconut Young,province,REGION VII (CENTRAL VISAYAS),Bohol,Bohol,2014,1872.53,official_psa
coconut_young,Coconut Young,province,REGION VII (CENTRAL VISAYAS),Bohol,Bohol,2015,1932.97,official_psa
coconut_young,Coconut Young,province,REGION VII (CENTRAL VISAYAS),Bohol,Bohol,2016,1994.15,official_psa
coconut_young,Coconut Young,province,REGION VII (CENTRAL VISAYAS),Bohol,Bohol,2017,2186.46,official_psa
coconut_young,Coconut Young,province,REGION VII (CENTRAL VISAYAS),Bohol,Bohol,2018,2374.68,official_psa
coconut_young,Coconut Young,province,REGION VII (CENTRAL VISAYAS),Bohol,Bohol,2019,2499.17,official_psa
coconut_young,Coconut Young,province,REGION VII (CENTRAL VISAYAS),Bohol,Bohol,2020,2200.91,official_psa
coconut_young,Coconut Young,province,REGION VII (CENTRAL VISAYAS),Bohol,Bohol,2021,2441.3,official_psa
coconut_young,Coconut Young,province,REGION VII (CENTRAL VISAYAS),Bohol,Bohol,2022,2097.18,official_psa
coconut_young,Coconut Young,province,REGION VII (CENTRAL VISAYAS),Bohol,Bohol,2023,3075.5,official_psa
coconut_young,Coconut Young,province,REGION VII (CENTRAL VISAYAS),Bohol,Bohol,2024,3828.58,official_psa
coconut_young,Coconut Young,province,REGION VII (CENTRAL VISAYAS),Bohol,Bohol,2025,3435.41,official_psa
coconut_young,Coconut Young,province,REGION VII (CENTRAL VISAYAS),Bohol,Bohol,2026,3935.54,estimated_gap
coconut_young,Coconut Young,province,REGION VII (CENTRAL VISAYAS),Cebu,Cebu,2010,2485.54,official_psa
coconut_young,Coconut Young,province,REGION VII (CENTRAL VISAYAS),Cebu,Cebu,2011,2868.72,official_psa
coconut_young,Coconut Young,province,REGION VII (CENTRAL VISAYAS),Cebu,Cebu,2012,3409.78,official_psa
coconut_young,Coconut Young,province,REGION VII (CENTRAL VISAYAS),Cebu,Cebu,2013,5423.4,official_psa
coconut_young,Coconut Young,province,REGION VII (CENTRAL VISAYAS),Cebu,Cebu,2014,5212.73,official_psa
coconut_young,Coconut Young,province,REGION VII (CENTRAL VISAYAS),Cebu,Cebu,2015,5748.83,official_psa
coconut_young,Coconut Young,province,REGION VII (CENTRAL VISAYAS),Cebu,Cebu,2016,16804.8,official_psa
coconut_young,Coconut Young,province,REGION VII (CENTRAL VISAYAS),Cebu,Cebu,2017,34169.69,official_psa
coconut_young,Coconut Young,province,REGION VII (CENTRAL VISAYAS),Cebu,Cebu,2018,34529.38,official_psa
coconut_young,Coconut Young,province,REGION VII (CENTRAL VISAYAS),Cebu,Cebu,2019,35917.82,official_psa
coconut_young,Coconut Young,province,REGION VII (CENTRAL VISAYAS),Cebu,Cebu,2020,37190.44,official_psa
coconut_young,Coconut Young,province,REGION VII (CENTRAL VISAYAS),Cebu,Cebu,2021,38292.0,official_psa
coconut_young,Coconut Young,province,REGION VII (CENTRAL VISAYAS),Cebu,Cebu,2022,28640.0,official_psa
coconut_young,Coconut Young,province,REGION VII (CENTRAL VISAYAS),Cebu,Cebu,2023,33921.76,official_psa
coconut_young,Coconut Young,province,REGION VII (CENTRAL VISAYAS),Cebu,Cebu,2024,33466.26,official_psa
coconut_young,Coconut Young,province,REGION VII (CENTRAL VISAYAS),Cebu,Cebu,2025,34276.43,official_psa
coconut_young,Coconut Young,province,REGION VII (CENTRAL VISAYAS),Cebu,Cebu,2026,18184.61,estimated_gap
coconut_young,Coconut Young,province,REGION VII (CENTRAL VISAYAS),Negros Oriental,Negros Oriental,2010,1678.15,official_psa
coconut_young,Coconut Young,province,REGION VII (CENTRAL VISAYAS),Negros Oriental,Negros Oriental,2011,1631.64,official_psa
coconut_young,Coconut Young,province,REGION VII (CENTRAL VISAYAS),Negros Oriental,Negros Oriental,2012,1667.96,official_psa
coconut_young,Coconut Young,province,REGION VII (CENTRAL VISAYAS),Negros Oriental,Negros Oriental,2013,4989.82,official_psa
coconut_young,Coconut Young,province,REGION VII (CENTRAL VISAYAS),Negros Oriental,Negros Oriental,2014,5844.85,official_psa
coconut_young,Coconut Young,province,REGION VII (CENTRAL VISAYAS),Negros Oriental,Negros Oriental,2015,6986.06,official_psa
coconut_young,Coconut Young,province,REGION VII (CENTRAL VISAYAS),Negros Oriental,Negros Oriental,2016,6285.62,official_psa
coconut_young,Coconut Young,province,REGION VII (CENTRAL VISAYAS),Negros Oriental,Negros Oriental,2017,7215.08,official_psa
coconut_young,Coconut Young,province,REGION VII (CENTRAL VISAYAS),Negros Oriental,Negros Oriental,2018,8159.06,official_psa
coconut_young,Coconut Young,province,REGION VII (CENTRAL VISAYAS),Negros Oriental,Negros Oriental,2019,9273.66,official_psa
coconut_young,Coconut Young,province,REGION VII (CENTRAL VISAYAS),Negros Oriental,Negros Oriental,2020,8853.02,official_psa
coconut_young,Coconut Young,province,REGION VII (CENTRAL VISAYAS),Negros Oriental,Negros Oriental,2021,10989.49,official_psa
coconut_young,Coconut Young,province,REGION VII (CENTRAL VISAYAS),Negros Oriental,Negros Oriental,2022,8647.34,official_psa
coconut_young,Coconut Young,province,REGION VII (CENTRAL VISAYAS),Negros Oriental,Negros Oriental,2023,9465.88,official_psa
coconut_young,Coconut Young,province,REGION VII (CENTRAL VISAYAS),Negros Oriental,Negros Oriental,2024,7639.84,estimated_gap
coconut_young,Coconut Young,province,REGION VII (CENTRAL VISAYAS),Negros Oriental,Negros Oriental,2025,6658.49,estimated_gap
coconut_young,Coconut Young,province,REGION VII (CENTRAL VISAYAS),Negros Oriental,Negros Oriental,2026,5803.19,estimated_gap
coconut_young,Coconut Young,province,REGION VII (CENTRAL VISAYAS),Siquijor,Siquijor,2010,102.11,official_psa
coconut_young,Coconut Young,province,REGION VII (CENTRAL VISAYAS),Siquijor,Siquijor,2011,108.72,official_psa
coconut_young,Coconut Young,province,REGION VII (CENTRAL VISAYAS),Siquijor,Siquijor,2012,114.61,official_psa
coconut_young,Coconut Young,province,REGION VII (CENTRAL VISAYAS),Siquijor,Siquijor,2013,121.79,official_psa
coconut_young,Coconut Young,province,REGION VII (CENTRAL VISAYAS),Siquijor,Siquijor,2014,128.13,official_psa
coconut_young,Coconut Young,province,REGION VII (CENTRAL VISAYAS),Siquijor,Siquijor,2015,134.44,official_psa
coconut_young,Coconut Young,province,REGION VII (CENTRAL VISAYAS),Siquijor,Siquijor,2016,127.89,official_psa
coconut_young,Coconut Young,province,REGION VII (CENTRAL VISAYAS),Siquijor,Siquijor,2017,141.61,official_psa
coconut_young,Coconut Young,province,REGION VII (CENTRAL VISAYAS),Siquijor,Siquijor,2018,155.29,official_psa
coconut_young,Coconut Young,province,REGION VII (CENTRAL VISAYAS),Siquijor,Siquijor,2019,170.61,official_psa
coconut_young,Coconut Young,province,REGION VII (CENTRAL VISAYAS),Siquijor,Siquijor,2020,158.24,official_psa
coconut_young,Coconut Young,province,REGION VII (CENTRAL VISAYAS),Siquijor,Siquijor,2021,156.25,official_psa
coconut_young,Coconut Young,province,REGION VII (CENTRAL VISAYAS),Siquijor,Siquijor,2022,144.52,official_psa
coconut_young,Coconut Young,province,REGION VII (CENTRAL VISAYAS),Siquijor,Siquijor,2023,169.84,official_psa
coconut_young,Coconut Young,province,REGION VII (CENTRAL VISAYAS),Siquijor,Siquijor,2024,172.86,estimated_gap
coconut_young,Coconut Young,province,REGION VII (CENTRAL VISAYAS),Siquijor,Siquijor,2025,177.47,estimated_gap
coconut_young,Coconut Young,province,REGION VII (CENTRAL VISAYAS),Siquijor,Siquijor,2026,182.2,estimated_gap
coconut_young,Coconut Young,region,REGION VIII (EASTERN VISAYAS),,REGION VIII (EASTERN VISAYAS),2010,21117.14,official_psa
coconut_young,Coconut Young,region,REGION VIII (EASTERN VISAYAS),,REGION VIII (EASTERN VISAYAS),2011,21021.72,official_psa
coconut_young,Coconut Young,region,REGION VIII (EASTERN VISAYAS),,REGION VIII (EASTERN VISAYAS),2012,21404.81,official_psa
coconut_young,Coconut Young,region,REGION VIII (EASTERN VISAYAS),,REGION VIII (EASTERN VISAYAS),2013,17240.66,official_psa
coconut_young,Coconut Young,region,REGION VIII (EASTERN VISAYAS),,REGION VIII (EASTERN VISAYAS),2014,10026.92,official_psa
coconut_young,Coconut Young,region,REGION VIII (EASTERN VISAYAS),,REGION VIII (EASTERN VISAYAS),2015,10059.81,official_psa
coconut_young,Coconut Young,region,REGION VIII (EASTERN VISAYAS),,REGION VIII (EASTERN VISAYAS),2016,9953.13,official_psa
coconut_young,Coconut Young,region,REGION VIII (EASTERN VISAYAS),,REGION VIII (EASTERN VISAYAS),2017,10321.08,official_psa
coconut_young,Coconut Young,region,REGION VIII (EASTERN VISAYAS),,REGION VIII (EASTERN VISAYAS),2018,10350.44,official_psa
coconut_young,Coconut Young,region,REGION VIII (EASTERN VISAYAS),,REGION VIII (EASTERN VISAYAS),2019,11112.68,official_psa
coconut_young,Coconut Young,region,REGION VIII (EASTERN VISAYAS),,REGION VIII (EASTERN VISAYAS),2020,10913.51,official_psa
coconut_young,Coconut Young,region,REGION VIII (EASTERN VISAYAS),,REGION VIII (EASTERN VISAYAS),2021,11378.94,official_psa
coconut_young,Coconut Young,region,REGION VIII (EASTERN VISAYAS),,REGION VIII (EASTERN VISAYAS),2022,11658.42,official_psa
coconut_young,Coconut Young,region,REGION VIII (EASTERN VISAYAS),,REGION VIII (EASTERN VISAYAS),2023,13400.92,official_psa
coconut_young,Coconut Young,region,REGION VIII (EASTERN VISAYAS),,REGION VIII (EASTERN VISAYAS),2024,13129.34,official_psa
coconut_young,Coconut Young,region,REGION VIII (EASTERN VISAYAS),,REGION VIII (EASTERN VISAYAS),2025,12159.33,official_psa
coconut_young,Coconut Young,region,REGION VIII (EASTERN VISAYAS),,REGION VIII (EASTERN VISAYAS),2026,12812.21,estimated_gap
coconut_young,Coconut Young,province,REGION VIII (EASTERN VISAYAS),Biliran,Biliran,2010,581.8,official_psa
coconut_young,Coconut Young,province,REGION VIII (EASTERN VISAYAS),Biliran,Biliran,2011,587.44,official_psa
coconut_young,Coconut Young,province,REGION VIII (EASTERN VISAYAS),Biliran,Biliran,2012,590.62,official_psa
coconut_young,Coconut Young,province,REGION VIII (EASTERN VISAYAS),Biliran,Biliran,2013,485.79,official_psa
coconut_young,Coconut Young,province,REGION VIII (EASTERN VISAYAS),Biliran,Biliran,2014,456.25,official_psa
coconut_young,Coconut Young,province,REGION VIII (EASTERN VISAYAS),Biliran,Biliran,2015,458.7,official_psa
coconut_young,Coconut Young,province,REGION VIII (EASTERN VISAYAS),Biliran,Biliran,2016,466.0,official_psa
coconut_young,Coconut Young,province,REGION VIII (EASTERN VISAYAS),Biliran,Biliran,2017,479.0,official_psa
coconut_young,Coconut Young,province,REGION VIII (EASTERN VISAYAS),Biliran,Biliran,2018,482.7,official_psa
coconut_young,Coconut Young,province,REGION VIII (EASTERN VISAYAS),Biliran,Biliran,2019,507.0,official_psa
coconut_young,Coconut Young,province,REGION VIII (EASTERN VISAYAS),Biliran,Biliran,2020,529.0,official_psa
coconut_young,Coconut Young,province,REGION VIII (EASTERN VISAYAS),Biliran,Biliran,2021,585.83,official_psa
coconut_young,Coconut Young,province,REGION VIII (EASTERN VISAYAS),Biliran,Biliran,2022,773.95,official_psa
coconut_young,Coconut Young,province,REGION VIII (EASTERN VISAYAS),Biliran,Biliran,2023,811.65,official_psa
coconut_young,Coconut Young,province,REGION VIII (EASTERN VISAYAS),Biliran,Biliran,2024,656.85,official_psa
coconut_young,Coconut Young,province,REGION VIII (EASTERN VISAYAS),Biliran,Biliran,2025,601.63,official_psa
coconut_young,Coconut Young,province,REGION VIII (EASTERN VISAYAS),Biliran,Biliran,2026,650.75,estimated_gap
coconut_young,Coconut Young,province,REGION VIII (EASTERN VISAYAS),Eastern Samar,Eastern Samar,2010,2112.57,official_psa
coconut_young,Coconut Young,province,REGION VIII (EASTERN VISAYAS),Eastern Samar,Eastern Samar,2011,2115.65,official_psa
coconut_young,Coconut Young,province,REGION VIII (EASTERN VISAYAS),Eastern Samar,Eastern Samar,2012,2120.33,official_psa
coconut_young,Coconut Young,province,REGION VIII (EASTERN VISAYAS),Eastern Samar,Eastern Samar,2013,2119.9,official_psa
coconut_young,Coconut Young,province,REGION VIII (EASTERN VISAYAS),Eastern Samar,Eastern Samar,2014,1434.46,official_psa
coconut_young,Coconut Young,province,REGION VIII (EASTERN VISAYAS),Eastern Samar,Eastern Samar,2015,1279.13,official_psa
coconut_young,Coconut Young,province,REGION VIII (EASTERN VISAYAS),Eastern Samar,Eastern Samar,2016,1410.94,official_psa
coconut_young,Coconut Young,province,REGION VIII (EASTERN VISAYAS),Eastern Samar,Eastern Samar,2017,1333.08,official_psa
coconut_young,Coconut Young,province,REGION VIII (EASTERN VISAYAS),Eastern Samar,Eastern Samar,2018,1332.7,official_psa
coconut_young,Coconut Young,province,REGION VIII (EASTERN VISAYAS),Eastern Samar,Eastern Samar,2019,1396.2,official_psa
coconut_young,Coconut Young,province,REGION VIII (EASTERN VISAYAS),Eastern Samar,Eastern Samar,2020,1152.95,official_psa
coconut_young,Coconut Young,province,REGION VIII (EASTERN VISAYAS),Eastern Samar,Eastern Samar,2021,991.46,official_psa
coconut_young,Coconut Young,province,REGION VIII (EASTERN VISAYAS),Eastern Samar,Eastern Samar,2022,881.43,official_psa
coconut_young,Coconut Young,province,REGION VIII (EASTERN VISAYAS),Eastern Samar,Eastern Samar,2023,1703.95,official_psa
coconut_young,Coconut Young,province,REGION VIII (EASTERN VISAYAS),Eastern Samar,Eastern Samar,2024,1804.82,official_psa
coconut_young,Coconut Young,province,REGION VIII (EASTERN VISAYAS),Eastern Samar,Eastern Samar,2025,1487.65,official_psa
coconut_young,Coconut Young,province,REGION VIII (EASTERN VISAYAS),Eastern Samar,Eastern Samar,2026,1771.64,estimated_gap
coconut_young,Coconut Young,province,REGION VIII (EASTERN VISAYAS),Leyte,Leyte,2010,14533.97,official_psa
coconut_young,Coconut Young,province,REGION VIII (EASTERN VISAYAS),Leyte,Leyte,2011,14392.43,official_psa
coconut_young,Coconut Young,province,REGION VIII (EASTERN VISAYAS),Leyte,Leyte,2012,14702.61,official_psa
coconut_young,Coconut Young,province,REGION VIII (EASTERN VISAYAS),Leyte,Leyte,2013,10559.52,official_psa
coconut_young,Coconut Young,province,REGION VIII (EASTERN VISAYAS),Leyte,Leyte,2014,4129.74,official_psa
coconut_young,Coconut Young,province,REGION VIII (EASTERN VISAYAS),Leyte,Leyte,2015,4255.99,official_psa
coconut_young,Coconut Young,province,REGION VIII (EASTERN VISAYAS),Leyte,Leyte,2016,4372.48,official_psa
coconut_young,Coconut Young,province,REGION VIII (EASTERN VISAYAS),Leyte,Leyte,2017,4685.17,official_psa
coconut_young,Coconut Young,province,REGION VIII (EASTERN VISAYAS),Leyte,Leyte,2018,4566.2,official_psa
coconut_young,Coconut Young,province,REGION VIII (EASTERN VISAYAS),Leyte,Leyte,2019,4966.74,official_psa
coconut_young,Coconut Young,province,REGION VIII (EASTERN VISAYAS),Leyte,Leyte,2020,4705.63,official_psa
coconut_young,Coconut Young,province,REGION VIII (EASTERN VISAYAS),Leyte,Leyte,2021,4844.98,official_psa
coconut_young,Coconut Young,province,REGION VIII (EASTERN VISAYAS),Leyte,Leyte,2022,4615.56,official_psa
coconut_young,Coconut Young,province,REGION VIII (EASTERN VISAYAS),Leyte,Leyte,2023,4704.1,official_psa
coconut_young,Coconut Young,province,REGION VIII (EASTERN VISAYAS),Leyte,Leyte,2024,4566.14,official_psa
coconut_young,Coconut Young,province,REGION VIII (EASTERN VISAYAS),Leyte,Leyte,2025,4575.0,official_psa
coconut_young,Coconut Young,province,REGION VIII (EASTERN VISAYAS),Leyte,Leyte,2026,4510.77,estimated_gap
coconut_young,Coconut Young,province,REGION VIII (EASTERN VISAYAS),Northern Samar,Northern Samar,2010,1958.8,official_psa
coconut_young,Coconut Young,province,REGION VIII (EASTERN VISAYAS),Northern Samar,Northern Samar,2011,2019.2,official_psa
coconut_young,Coconut Young,province,REGION VIII (EASTERN VISAYAS),Northern Samar,Northern Samar,2012,2069.69,official_psa
coconut_young,Coconut Young,province,REGION VIII (EASTERN VISAYAS),Northern Samar,Northern Samar,2013,2138.01,official_psa
coconut_young,Coconut Young,province,REGION VIII (EASTERN VISAYAS),Northern Samar,Northern Samar,2014,2206.09,official_psa
coconut_young,Coconut Young,province,REGION VIII (EASTERN VISAYAS),Northern Samar,Northern Samar,2015,2191.85,official_psa
coconut_young,Coconut Young,province,REGION VIII (EASTERN VISAYAS),Northern Samar,Northern Samar,2016,1807.85,official_psa
coconut_young,Coconut Young,province,REGION VIII (EASTERN VISAYAS),Northern Samar,Northern Samar,2017,1818.25,official_psa
coconut_young,Coconut Young,province,REGION VIII (EASTERN VISAYAS),Northern Samar,Northern Samar,2018,1831.4,official_psa
coconut_young,Coconut Young,province,REGION VIII (EASTERN VISAYAS),Northern Samar,Northern Samar,2019,1886.28,official_psa
coconut_young,Coconut Young,province,REGION VIII (EASTERN VISAYAS),Northern Samar,Northern Samar,2020,1806.75,official_psa
coconut_young,Coconut Young,province,REGION VIII (EASTERN VISAYAS),Northern Samar,Northern Samar,2021,1806.54,official_psa
coconut_young,Coconut Young,province,REGION VIII (EASTERN VISAYAS),Northern Samar,Northern Samar,2022,1810.81,official_psa
coconut_young,Coconut Young,province,REGION VIII (EASTERN VISAYAS),Northern Samar,Northern Samar,2023,1874.33,official_psa
coconut_young,Coconut Young,province,REGION VIII (EASTERN VISAYAS),Northern Samar,Northern Samar,2024,1868.49,official_psa
coconut_young,Coconut Young,province,REGION VIII (EASTERN VISAYAS),Northern Samar,Northern Samar,2025,1408.58,official_psa
coconut_young,Coconut Young,province,REGION VIII (EASTERN VISAYAS),Northern Samar,Northern Samar,2026,218.83,estimated_gap
coconut_young,Coconut Young,province,REGION VIII (EASTERN VISAYAS),Samar,Samar,2010,1535.0,official_psa
coconut_young,Coconut Young,province,REGION VIII (EASTERN VISAYAS),Samar,Samar,2011,1497.0,official_psa
coconut_young,Coconut Young,province,REGION VIII (EASTERN VISAYAS),Samar,Samar,2012,1532.35,official_psa
coconut_young,Coconut Young,province,REGION VIII (EASTERN VISAYAS),Samar,Samar,2013,1515.0,official_psa
coconut_young,Coconut Young,province,REGION VIII (EASTERN VISAYAS),Samar,Samar,2014,1415.0,official_psa
coconut_young,Coconut Young,province,REGION VIII (EASTERN VISAYAS),Samar,Samar,2015,1479.0,official_psa
coconut_young,Coconut Young,province,REGION VIII (EASTERN VISAYAS),Samar,Samar,2016,1505.0,official_psa
coconut_young,Coconut Young,province,REGION VIII (EASTERN VISAYAS),Samar,Samar,2017,1610.0,official_psa
coconut_young,Coconut Young,province,REGION VIII (EASTERN VISAYAS),Samar,Samar,2018,1735.0,official_psa
coconut_young,Coconut Young,province,REGION VIII (EASTERN VISAYAS),Samar,Samar,2019,1933.04,official_psa
coconut_young,Coconut Young,province,REGION VIII (EASTERN VISAYAS),Samar,Samar,2020,2289.64,official_psa
coconut_young,Coconut Young,province,REGION VIII (EASTERN VISAYAS),Samar,Samar,2021,2680.77,official_psa
coconut_young,Coconut Young,province,REGION VIII (EASTERN VISAYAS),Samar,Samar,2022,3315.11,official_psa
coconut_young,Coconut Young,province,REGION VIII (EASTERN VISAYAS),Samar,Samar,2023,4013.02,official_psa
coconut_young,Coconut Young,province,REGION VIII (EASTERN VISAYAS),Samar,Samar,2024,3916.31,official_psa
coconut_young,Coconut Young,province,REGION VIII (EASTERN VISAYAS),Samar,Samar,2025,3806.36,official_psa
coconut_young,Coconut Young,province,REGION VIII (EASTERN VISAYAS),Samar,Samar,2026,4811.57,estimated_gap
coconut_young,Coconut Young,province,REGION VIII (EASTERN VISAYAS),Southern Leyte,Southern Leyte,2010,395.0,official_psa
coconut_young,Coconut Young,province,REGION VIII (EASTERN VISAYAS),Southern Leyte,Southern Leyte,2011,410.0,official_psa
coconut_young,Coconut Young,province,REGION VIII (EASTERN VISAYAS),Southern Leyte,Southern Leyte,2012,389.21,official_psa
coconut_young,Coconut Young,province,REGION VIII (EASTERN VISAYAS),Southern Leyte,Southern Leyte,2013,422.44,official_psa
coconut_young,Coconut Young,province,REGION VIII (EASTERN VISAYAS),Southern Leyte,Southern Leyte,2014,385.38,official_psa
coconut_young,Coconut Young,province,REGION VIII (EASTERN VISAYAS),Southern Leyte,Southern Leyte,2015,395.14,official_psa
coconut_young,Coconut Young,province,REGION VIII (EASTERN VISAYAS),Southern Leyte,Southern Leyte,2016,390.86,official_psa
coconut_young,Coconut Young,province,REGION VIII (EASTERN VISAYAS),Southern Leyte,Southern Leyte,2017,395.58,official_psa
coconut_young,Coconut Young,province,REGION VIII (EASTERN VISAYAS),Southern Leyte,Southern Leyte,2018,402.44,official_psa
coconut_young,Coconut Young,province,REGION VIII (EASTERN VISAYAS),Southern Leyte,Southern Leyte,2019,423.42,official_psa
coconut_young,Coconut Young,province,REGION VIII (EASTERN VISAYAS),Southern Leyte,Southern Leyte,2020,429.55,official_psa
coconut_young,Coconut Young,province,REGION VIII (EASTERN VISAYAS),Southern Leyte,Southern Leyte,2021,469.35,official_psa
coconut_young,Coconut Young,province,REGION VIII (EASTERN VISAYAS),Southern Leyte,Southern Leyte,2022,261.56,official_psa
coconut_young,Coconut Young,province,REGION VIII (EASTERN VISAYAS),Southern Leyte,Southern Leyte,2023,293.87,official_psa
coconut_young,Coconut Young,province,REGION VIII (EASTERN VISAYAS),Southern Leyte,Southern Leyte,2024,316.73,official_psa
coconut_young,Coconut Young,province,REGION VIII (EASTERN VISAYAS),Southern Leyte,Southern Leyte,2025,280.11,official_psa
coconut_young,Coconut Young,province,REGION VIII (EASTERN VISAYAS),Southern Leyte,Southern Leyte,2026,362.83,estimated_gap
coconut_young,Coconut Young,region,REGION IX (ZAMBOANGA PENINSULA),,REGION IX (ZAMBOANGA PENINSULA),2010,74959.61,official_psa
coconut_young,Coconut Young,region,REGION IX (ZAMBOANGA PENINSULA),,REGION IX (ZAMBOANGA PENINSULA),2011,70433.04,official_psa
coconut_young,Coconut Young,region,REGION IX (ZAMBOANGA PENINSULA),,REGION IX (ZAMBOANGA PENINSULA),2012,82898.46,official_psa
coconut_young,Coconut Young,region,REGION IX (ZAMBOANGA PENINSULA),,REGION IX (ZAMBOANGA PENINSULA),2013,84856.99,official_psa
coconut_young,Coconut Young,region,REGION IX (ZAMBOANGA PENINSULA),,REGION IX (ZAMBOANGA PENINSULA),2014,82337.98,official_psa
coconut_young,Coconut Young,region,REGION IX (ZAMBOANGA PENINSULA),,REGION IX (ZAMBOANGA PENINSULA),2015,79600.11,official_psa
coconut_young,Coconut Young,region,REGION IX (ZAMBOANGA PENINSULA),,REGION IX (ZAMBOANGA PENINSULA),2016,75133.79,official_psa
coconut_young,Coconut Young,region,REGION IX (ZAMBOANGA PENINSULA),,REGION IX (ZAMBOANGA PENINSULA),2017,69550.64,official_psa
coconut_young,Coconut Young,region,REGION IX (ZAMBOANGA PENINSULA),,REGION IX (ZAMBOANGA PENINSULA),2018,69374.04,official_psa
coconut_young,Coconut Young,region,REGION IX (ZAMBOANGA PENINSULA),,REGION IX (ZAMBOANGA PENINSULA),2019,69588.97,official_psa
coconut_young,Coconut Young,region,REGION IX (ZAMBOANGA PENINSULA),,REGION IX (ZAMBOANGA PENINSULA),2020,70718.3,official_psa
coconut_young,Coconut Young,region,REGION IX (ZAMBOANGA PENINSULA),,REGION IX (ZAMBOANGA PENINSULA),2021,70865.74,official_psa
coconut_young,Coconut Young,region,REGION IX (ZAMBOANGA PENINSULA),,REGION IX (ZAMBOANGA PENINSULA),2022,74315.23,official_psa
coconut_young,Coconut Young,region,REGION IX (ZAMBOANGA PENINSULA),,REGION IX (ZAMBOANGA PENINSULA),2023,81538.13,official_psa
coconut_young,Coconut Young,region,REGION IX (ZAMBOANGA PENINSULA),,REGION IX (ZAMBOANGA PENINSULA),2024,78524.59,official_psa
coconut_young,Coconut Young,region,REGION IX (ZAMBOANGA PENINSULA),,REGION IX (ZAMBOANGA PENINSULA),2025,70220.47,official_psa
coconut_young,Coconut Young,region,REGION IX (ZAMBOANGA PENINSULA),,REGION IX (ZAMBOANGA PENINSULA),2026,49108.78,estimated_gap
coconut_young,Coconut Young,province,REGION IX (ZAMBOANGA PENINSULA),Sulu,Sulu,2010,129.0,estimated_gap
coconut_young,Coconut Young,province,REGION IX (ZAMBOANGA PENINSULA),Sulu,Sulu,2011,141.85,estimated_gap
coconut_young,Coconut Young,province,REGION IX (ZAMBOANGA PENINSULA),Sulu,Sulu,2012,152.38,estimated_gap
coconut_young,Coconut Young,province,REGION IX (ZAMBOANGA PENINSULA),Sulu,Sulu,2013,158.69,estimated_gap
coconut_young,Coconut Young,province,REGION IX (ZAMBOANGA PENINSULA),Sulu,Sulu,2014,160.59,estimated_gap
coconut_young,Coconut Young,province,REGION IX (ZAMBOANGA PENINSULA),Sulu,Sulu,2015,158.15,estimated_gap
coconut_young,Coconut Young,province,REGION IX (ZAMBOANGA PENINSULA),Sulu,Sulu,2016,158.02,estimated_gap
coconut_young,Coconut Young,province,REGION IX (ZAMBOANGA PENINSULA),Sulu,Sulu,2017,159.51,estimated_gap
coconut_young,Coconut Young,province,REGION IX (ZAMBOANGA PENINSULA),Sulu,Sulu,2018,160.31,estimated_gap
coconut_young,Coconut Young,province,REGION IX (ZAMBOANGA PENINSULA),Sulu,Sulu,2019,162.15,estimated_gap
coconut_young,Coconut Young,province,REGION IX (ZAMBOANGA PENINSULA),Sulu,Sulu,2020,164.78,estimated_gap
coconut_young,Coconut Young,province,REGION IX (ZAMBOANGA PENINSULA),Sulu,Sulu,2021,167.4,estimated_gap
coconut_young,Coconut Young,province,REGION IX (ZAMBOANGA PENINSULA),Sulu,Sulu,2022,170.2,estimated_gap
coconut_young,Coconut Young,province,REGION IX (ZAMBOANGA PENINSULA),Sulu,Sulu,2023,170.6,estimated_gap
coconut_young,Coconut Young,province,REGION IX (ZAMBOANGA PENINSULA),Sulu,Sulu,2024,1650.59,official_psa
coconut_young,Coconut Young,province,REGION IX (ZAMBOANGA PENINSULA),Sulu,Sulu,2025,171.4,estimated_gap
coconut_young,Coconut Young,province,REGION IX (ZAMBOANGA PENINSULA),Sulu,Sulu,2026,214.53,estimated_gap
coconut_young,Coconut Young,province,REGION IX (ZAMBOANGA PENINSULA),Zamboanga del Norte,Zamboanga del Norte,2010,1923.89,official_psa
coconut_young,Coconut Young,province,REGION IX (ZAMBOANGA PENINSULA),Zamboanga del Norte,Zamboanga del Norte,2011,1898.17,official_psa
coconut_young,Coconut Young,province,REGION IX (ZAMBOANGA PENINSULA),Zamboanga del Norte,Zamboanga del Norte,2012,1992.66,official_psa
coconut_young,Coconut Young,province,REGION IX (ZAMBOANGA PENINSULA),Zamboanga del Norte,Zamboanga del Norte,2013,2162.56,official_psa
coconut_young,Coconut Young,province,REGION IX (ZAMBOANGA PENINSULA),Zamboanga del Norte,Zamboanga del Norte,2014,2308.82,official_psa
coconut_young,Coconut Young,province,REGION IX (ZAMBOANGA PENINSULA),Zamboanga del Norte,Zamboanga del Norte,2015,2488.68,official_psa
coconut_young,Coconut Young,province,REGION IX (ZAMBOANGA PENINSULA),Zamboanga del Norte,Zamboanga del Norte,2016,2348.62,official_psa
coconut_young,Coconut Young,province,REGION IX (ZAMBOANGA PENINSULA),Zamboanga del Norte,Zamboanga del Norte,2017,2107.46,official_psa
coconut_young,Coconut Young,province,REGION IX (ZAMBOANGA PENINSULA),Zamboanga del Norte,Zamboanga del Norte,2018,1971.85,official_psa
coconut_young,Coconut Young,province,REGION IX (ZAMBOANGA PENINSULA),Zamboanga del Norte,Zamboanga del Norte,2019,2005.07,official_psa
coconut_young,Coconut Young,province,REGION IX (ZAMBOANGA PENINSULA),Zamboanga del Norte,Zamboanga del Norte,2020,2081.52,official_psa
coconut_young,Coconut Young,province,REGION IX (ZAMBOANGA PENINSULA),Zamboanga del Norte,Zamboanga del Norte,2021,2122.7,official_psa
coconut_young,Coconut Young,province,REGION IX (ZAMBOANGA PENINSULA),Zamboanga del Norte,Zamboanga del Norte,2022,2134.97,official_psa
coconut_young,Coconut Young,province,REGION IX (ZAMBOANGA PENINSULA),Zamboanga del Norte,Zamboanga del Norte,2023,2164.53,official_psa
coconut_young,Coconut Young,province,REGION IX (ZAMBOANGA PENINSULA),Zamboanga del Norte,Zamboanga del Norte,2024,2150.59,official_psa
coconut_young,Coconut Young,province,REGION IX (ZAMBOANGA PENINSULA),Zamboanga del Norte,Zamboanga del Norte,2025,2192.79,official_psa
coconut_young,Coconut Young,province,REGION IX (ZAMBOANGA PENINSULA),Zamboanga del Norte,Zamboanga del Norte,2026,2857.05,estimated_gap
coconut_young,Coconut Young,province,REGION IX (ZAMBOANGA PENINSULA),Zamboanga del Sur,Zamboanga del Sur,2010,19785.73,official_psa
coconut_young,Coconut Young,province,REGION IX (ZAMBOANGA PENINSULA),Zamboanga del Sur,Zamboanga del Sur,2011,16126.67,official_psa
coconut_young,Coconut Young,province,REGION IX (ZAMBOANGA PENINSULA),Zamboanga del Sur,Zamboanga del Sur,2012,13283.35,official_psa
coconut_young,Coconut Young,province,REGION IX (ZAMBOANGA PENINSULA),Zamboanga del Sur,Zamboanga del Sur,2013,14531.84,official_psa
coconut_young,Coconut Young,province,REGION IX (ZAMBOANGA PENINSULA),Zamboanga del Sur,Zamboanga del Sur,2014,10283.19,official_psa
coconut_young,Coconut Young,province,REGION IX (ZAMBOANGA PENINSULA),Zamboanga del Sur,Zamboanga del Sur,2015,8269.17,official_psa
coconut_young,Coconut Young,province,REGION IX (ZAMBOANGA PENINSULA),Zamboanga del Sur,Zamboanga del Sur,2016,8215.52,official_psa
coconut_young,Coconut Young,province,REGION IX (ZAMBOANGA PENINSULA),Zamboanga del Sur,Zamboanga del Sur,2017,8735.38,official_psa
coconut_young,Coconut Young,province,REGION IX (ZAMBOANGA PENINSULA),Zamboanga del Sur,Zamboanga del Sur,2018,9191.69,official_psa
coconut_young,Coconut Young,province,REGION IX (ZAMBOANGA PENINSULA),Zamboanga del Sur,Zamboanga del Sur,2019,9636.62,official_psa
coconut_young,Coconut Young,province,REGION IX (ZAMBOANGA PENINSULA),Zamboanga del Sur,Zamboanga del Sur,2020,10089.1,official_psa
coconut_young,Coconut Young,province,REGION IX (ZAMBOANGA PENINSULA),Zamboanga del Sur,Zamboanga del Sur,2021,10817.07,official_psa
coconut_young,Coconut Young,province,REGION IX (ZAMBOANGA PENINSULA),Zamboanga del Sur,Zamboanga del Sur,2022,11856.18,official_psa
coconut_young,Coconut Young,province,REGION IX (ZAMBOANGA PENINSULA),Zamboanga del Sur,Zamboanga del Sur,2023,71774.12,official_psa
coconut_young,Coconut Young,province,REGION IX (ZAMBOANGA PENINSULA),Zamboanga del Sur,Zamboanga del Sur,2024,68066.25,official_psa
coconut_young,Coconut Young,province,REGION IX (ZAMBOANGA PENINSULA),Zamboanga del Sur,Zamboanga del Sur,2025,28169.79,official_psa
coconut_young,Coconut Young,province,REGION IX (ZAMBOANGA PENINSULA),Zamboanga del Sur,Zamboanga del Sur,2026,144.88,estimated_gap
coconut_young,Coconut Young,province,REGION IX (ZAMBOANGA PENINSULA),Zamboanga Sibugay,Zamboanga Sibugay,2010,13528.49,official_psa
coconut_young,Coconut Young,province,REGION IX (ZAMBOANGA PENINSULA),Zamboanga Sibugay,Zamboanga Sibugay,2011,13238.82,official_psa
coconut_young,Coconut Young,province,REGION IX (ZAMBOANGA PENINSULA),Zamboanga Sibugay,Zamboanga Sibugay,2012,13408.7,official_psa
coconut_young,Coconut Young,province,REGION IX (ZAMBOANGA PENINSULA),Zamboanga Sibugay,Zamboanga Sibugay,2013,13440.64,official_psa
coconut_young,Coconut Young,province,REGION IX (ZAMBOANGA PENINSULA),Zamboanga Sibugay,Zamboanga Sibugay,2014,13465.9,official_psa
coconut_young,Coconut Young,province,REGION IX (ZAMBOANGA PENINSULA),Zamboanga Sibugay,Zamboanga Sibugay,2015,12233.39,official_psa
coconut_young,Coconut Young,province,REGION IX (ZAMBOANGA PENINSULA),Zamboanga Sibugay,Zamboanga Sibugay,2016,13313.88,official_psa
coconut_young,Coconut Young,province,REGION IX (ZAMBOANGA PENINSULA),Zamboanga Sibugay,Zamboanga Sibugay,2017,10397.98,official_psa
coconut_young,Coconut Young,province,REGION IX (ZAMBOANGA PENINSULA),Zamboanga Sibugay,Zamboanga Sibugay,2018,9635.84,official_psa
coconut_young,Coconut Young,province,REGION IX (ZAMBOANGA PENINSULA),Zamboanga Sibugay,Zamboanga Sibugay,2019,8698.54,official_psa
coconut_young,Coconut Young,province,REGION IX (ZAMBOANGA PENINSULA),Zamboanga Sibugay,Zamboanga Sibugay,2020,8056.34,official_psa
coconut_young,Coconut Young,province,REGION IX (ZAMBOANGA PENINSULA),Zamboanga Sibugay,Zamboanga Sibugay,2021,7071.35,official_psa
coconut_young,Coconut Young,province,REGION IX (ZAMBOANGA PENINSULA),Zamboanga Sibugay,Zamboanga Sibugay,2022,7352.57,official_psa
coconut_young,Coconut Young,province,REGION IX (ZAMBOANGA PENINSULA),Zamboanga Sibugay,Zamboanga Sibugay,2023,7599.48,official_psa
coconut_young,Coconut Young,province,REGION IX (ZAMBOANGA PENINSULA),Zamboanga Sibugay,Zamboanga Sibugay,2024,8307.74,official_psa
coconut_young,Coconut Young,province,REGION IX (ZAMBOANGA PENINSULA),Zamboanga Sibugay,Zamboanga Sibugay,2025,8224.92,official_psa
coconut_young,Coconut Young,province,REGION IX (ZAMBOANGA PENINSULA),Zamboanga Sibugay,Zamboanga Sibugay,2026,10607.04,estimated_gap
coconut_young,Coconut Young,province,REGION IX (ZAMBOANGA PENINSULA),City of Zamboanga,City of Zamboanga,2010,39721.5,official_psa
coconut_young,Coconut Young,province,REGION IX (ZAMBOANGA PENINSULA),City of Zamboanga,City of Zamboanga,2011,39169.38,official_psa
coconut_young,Coconut Young,province,REGION IX (ZAMBOANGA PENINSULA),City of Zamboanga,City of Zamboanga,2012,54213.75,official_psa
coconut_young,Coconut Young,province,REGION IX (ZAMBOANGA PENINSULA),City of Zamboanga,City of Zamboanga,2013,54721.95,official_psa
coconut_young,Coconut Young,province,REGION IX (ZAMBOANGA PENINSULA),City of Zamboanga,City of Zamboanga,2014,56280.07,official_psa
coconut_young,Coconut Young,province,REGION IX (ZAMBOANGA PENINSULA),City of Zamboanga,City of Zamboanga,2015,56608.86,official_psa
coconut_young,Coconut Young,province,REGION IX (ZAMBOANGA PENINSULA),City of Zamboanga,City of Zamboanga,2016,51255.77,official_psa
coconut_young,Coconut Young,province,REGION IX (ZAMBOANGA PENINSULA),City of Zamboanga,City of Zamboanga,2017,48309.82,official_psa
coconut_young,Coconut Young,province,REGION IX (ZAMBOANGA PENINSULA),City of Zamboanga,City of Zamboanga,2018,48574.66,official_psa
coconut_young,Coconut Young,province,REGION IX (ZAMBOANGA PENINSULA),City of Zamboanga,City of Zamboanga,2019,49248.74,official_psa
coconut_young,Coconut Young,province,REGION IX (ZAMBOANGA PENINSULA),City of Zamboanga,City of Zamboanga,2020,50491.34,official_psa
coconut_young,Coconut Young,province,REGION IX (ZAMBOANGA PENINSULA),City of Zamboanga,City of Zamboanga,2021,50854.62,official_psa
coconut_young,Coconut Young,province,REGION IX (ZAMBOANGA PENINSULA),City of Zamboanga,City of Zamboanga,2022,52971.51,official_psa
coconut_young,Coconut Young,province,REGION IX (ZAMBOANGA PENINSULA),City of Zamboanga,City of Zamboanga,2023,45858.66,estimated_gap
coconut_young,Coconut Young,province,REGION IX (ZAMBOANGA PENINSULA),City of Zamboanga,City of Zamboanga,2024,38745.82,estimated_gap
coconut_young,Coconut Young,province,REGION IX (ZAMBOANGA PENINSULA),City of Zamboanga,City of Zamboanga,2025,31632.97,official_psa
coconut_young,Coconut Young,province,REGION IX (ZAMBOANGA PENINSULA),City of Zamboanga,City of Zamboanga,2026,35936.83,estimated_gap
coconut_young,Coconut Young,region,REGION X (NORTHERN MINDANAO),,REGION X (NORTHERN MINDANAO),2010,8472.41,official_psa
coconut_young,Coconut Young,region,REGION X (NORTHERN MINDANAO),,REGION X (NORTHERN MINDANAO),2011,8556.72,official_psa
coconut_young,Coconut Young,region,REGION X (NORTHERN MINDANAO),,REGION X (NORTHERN MINDANAO),2012,9010.81,official_psa
coconut_young,Coconut Young,region,REGION X (NORTHERN MINDANAO),,REGION X (NORTHERN MINDANAO),2013,7514.03,official_psa
coconut_young,Coconut Young,region,REGION X (NORTHERN MINDANAO),,REGION X (NORTHERN MINDANAO),2014,7909.6,official_psa
coconut_young,Coconut Young,region,REGION X (NORTHERN MINDANAO),,REGION X (NORTHERN MINDANAO),2015,7995.06,official_psa
coconut_young,Coconut Young,region,REGION X (NORTHERN MINDANAO),,REGION X (NORTHERN MINDANAO),2016,7683.66,official_psa
coconut_young,Coconut Young,region,REGION X (NORTHERN MINDANAO),,REGION X (NORTHERN MINDANAO),2017,8026.85,official_psa
coconut_young,Coconut Young,region,REGION X (NORTHERN MINDANAO),,REGION X (NORTHERN MINDANAO),2018,8163.98,official_psa
coconut_young,Coconut Young,region,REGION X (NORTHERN MINDANAO),,REGION X (NORTHERN MINDANAO),2019,7293.04,official_psa
coconut_young,Coconut Young,region,REGION X (NORTHERN MINDANAO),,REGION X (NORTHERN MINDANAO),2020,7281.81,official_psa
coconut_young,Coconut Young,region,REGION X (NORTHERN MINDANAO),,REGION X (NORTHERN MINDANAO),2021,7467.51,official_psa
coconut_young,Coconut Young,region,REGION X (NORTHERN MINDANAO),,REGION X (NORTHERN MINDANAO),2022,7753.7,official_psa
coconut_young,Coconut Young,region,REGION X (NORTHERN MINDANAO),,REGION X (NORTHERN MINDANAO),2023,8197.5,official_psa
coconut_young,Coconut Young,region,REGION X (NORTHERN MINDANAO),,REGION X (NORTHERN MINDANAO),2024,7821.54,official_psa
coconut_young,Coconut Young,region,REGION X (NORTHERN MINDANAO),,REGION X (NORTHERN MINDANAO),2025,7705.43,official_psa
coconut_young,Coconut Young,region,REGION X (NORTHERN MINDANAO),,REGION X (NORTHERN MINDANAO),2026,7920.17,estimated_gap
coconut_young,Coconut Young,province,REGION X (NORTHERN MINDANAO),Bukidnon,Bukidnon,2010,507.42,official_psa
coconut_young,Coconut Young,province,REGION X (NORTHERN MINDANAO),Bukidnon,Bukidnon,2011,459.38,official_psa
coconut_young,Coconut Young,province,REGION X (NORTHERN MINDANAO),Bukidnon,Bukidnon,2012,409.0,official_psa
coconut_young,Coconut Young,province,REGION X (NORTHERN MINDANAO),Bukidnon,Bukidnon,2013,535.15,official_psa
coconut_young,Coconut Young,province,REGION X (NORTHERN MINDANAO),Bukidnon,Bukidnon,2014,644.55,official_psa
coconut_young,Coconut Young,province,REGION X (NORTHERN MINDANAO),Bukidnon,Bukidnon,2015,641.6,official_psa
coconut_young,Coconut Young,province,REGION X (NORTHERN MINDANAO),Bukidnon,Bukidnon,2016,508.38,official_psa
coconut_young,Coconut Young,province,REGION X (NORTHERN MINDANAO),Bukidnon,Bukidnon,2017,554.16,official_psa
coconut_young,Coconut Young,province,REGION X (NORTHERN MINDANAO),Bukidnon,Bukidnon,2018,590.05,official_psa
coconut_young,Coconut Young,province,REGION X (NORTHERN MINDANAO),Bukidnon,Bukidnon,2019,647.71,official_psa
coconut_young,Coconut Young,province,REGION X (NORTHERN MINDANAO),Bukidnon,Bukidnon,2020,649.74,official_psa
coconut_young,Coconut Young,province,REGION X (NORTHERN MINDANAO),Bukidnon,Bukidnon,2021,624.24,official_psa
coconut_young,Coconut Young,province,REGION X (NORTHERN MINDANAO),Bukidnon,Bukidnon,2022,635.0,official_psa
coconut_young,Coconut Young,province,REGION X (NORTHERN MINDANAO),Bukidnon,Bukidnon,2023,688.84,official_psa
coconut_young,Coconut Young,province,REGION X (NORTHERN MINDANAO),Bukidnon,Bukidnon,2024,694.76,official_psa
coconut_young,Coconut Young,province,REGION X (NORTHERN MINDANAO),Bukidnon,Bukidnon,2025,724.87,official_psa
coconut_young,Coconut Young,province,REGION X (NORTHERN MINDANAO),Bukidnon,Bukidnon,2026,716.14,estimated_gap
coconut_young,Coconut Young,province,REGION X (NORTHERN MINDANAO),Camiguin,Camiguin,2010,136.45,official_psa
coconut_young,Coconut Young,province,REGION X (NORTHERN MINDANAO),Camiguin,Camiguin,2011,154.88,official_psa
coconut_young,Coconut Young,province,REGION X (NORTHERN MINDANAO),Camiguin,Camiguin,2012,215.69,official_psa
coconut_young,Coconut Young,province,REGION X (NORTHERN MINDANAO),Camiguin,Camiguin,2013,244.69,official_psa
coconut_young,Coconut Young,province,REGION X (NORTHERN MINDANAO),Camiguin,Camiguin,2014,250.56,official_psa
coconut_young,Coconut Young,province,REGION X (NORTHERN MINDANAO),Camiguin,Camiguin,2015,261.79,official_psa
coconut_young,Coconut Young,province,REGION X (NORTHERN MINDANAO),Camiguin,Camiguin,2016,248.72,official_psa
coconut_young,Coconut Young,province,REGION X (NORTHERN MINDANAO),Camiguin,Camiguin,2017,252.09,official_psa
coconut_young,Coconut Young,province,REGION X (NORTHERN MINDANAO),Camiguin,Camiguin,2018,273.93,official_psa
coconut_young,Coconut Young,province,REGION X (NORTHERN MINDANAO),Camiguin,Camiguin,2019,297.18,official_psa
coconut_young,Coconut Young,province,REGION X (NORTHERN MINDANAO),Camiguin,Camiguin,2020,375.41,official_psa
coconut_young,Coconut Young,province,REGION X (NORTHERN MINDANAO),Camiguin,Camiguin,2021,466.2,official_psa
coconut_young,Coconut Young,province,REGION X (NORTHERN MINDANAO),Camiguin,Camiguin,2022,459.56,official_psa
coconut_young,Coconut Young,province,REGION X (NORTHERN MINDANAO),Camiguin,Camiguin,2023,547.21,official_psa
coconut_young,Coconut Young,province,REGION X (NORTHERN MINDANAO),Camiguin,Camiguin,2024,517.48,official_psa
coconut_young,Coconut Young,province,REGION X (NORTHERN MINDANAO),Camiguin,Camiguin,2025,394.03,official_psa
coconut_young,Coconut Young,province,REGION X (NORTHERN MINDANAO),Camiguin,Camiguin,2026,358.16,estimated_gap
coconut_young,Coconut Young,province,REGION X (NORTHERN MINDANAO),Lanao del Norte,Lanao del Norte,2010,6210.0,official_psa
coconut_young,Coconut Young,province,REGION X (NORTHERN MINDANAO),Lanao del Norte,Lanao del Norte,2011,6335.0,official_psa
coconut_young,Coconut Young,province,REGION X (NORTHERN MINDANAO),Lanao del Norte,Lanao del Norte,2012,6560.0,official_psa
coconut_young,Coconut Young,province,REGION X (NORTHERN MINDANAO),Lanao del Norte,Lanao del Norte,2013,4630.0,official_psa
coconut_young,Coconut Young,province,REGION X (NORTHERN MINDANAO),Lanao del Norte,Lanao del Norte,2014,4730.0,official_psa
coconut_young,Coconut Young,province,REGION X (NORTHERN MINDANAO),Lanao del Norte,Lanao del Norte,2015,4760.18,official_psa
coconut_young,Coconut Young,province,REGION X (NORTHERN MINDANAO),Lanao del Norte,Lanao del Norte,2016,4592.0,official_psa
coconut_young,Coconut Young,province,REGION X (NORTHERN MINDANAO),Lanao del Norte,Lanao del Norte,2017,4809.0,official_psa
coconut_young,Coconut Young,province,REGION X (NORTHERN MINDANAO),Lanao del Norte,Lanao del Norte,2018,4804.0,official_psa
coconut_young,Coconut Young,province,REGION X (NORTHERN MINDANAO),Lanao del Norte,Lanao del Norte,2019,3416.46,official_psa
coconut_young,Coconut Young,province,REGION X (NORTHERN MINDANAO),Lanao del Norte,Lanao del Norte,2020,3325.0,official_psa
coconut_young,Coconut Young,province,REGION X (NORTHERN MINDANAO),Lanao del Norte,Lanao del Norte,2021,3355.0,official_psa
coconut_young,Coconut Young,province,REGION X (NORTHERN MINDANAO),Lanao del Norte,Lanao del Norte,2022,3399.0,official_psa
coconut_young,Coconut Young,province,REGION X (NORTHERN MINDANAO),Lanao del Norte,Lanao del Norte,2023,3515.0,official_psa
coconut_young,Coconut Young,province,REGION X (NORTHERN MINDANAO),Lanao del Norte,Lanao del Norte,2024,3572.0,official_psa
coconut_young,Coconut Young,province,REGION X (NORTHERN MINDANAO),Lanao del Norte,Lanao del Norte,2025,3535.5,official_psa
coconut_young,Coconut Young,province,REGION X (NORTHERN MINDANAO),Lanao del Norte,Lanao del Norte,2026,3542.19,estimated_gap
coconut_young,Coconut Young,province,REGION X (NORTHERN MINDANAO),Misamis Occidental,Misamis Occidental,2010,441.5,official_psa
coconut_young,Coconut Young,province,REGION X (NORTHERN MINDANAO),Misamis Occidental,Misamis Occidental,2011,442.91,official_psa
coconut_young,Coconut Young,province,REGION X (NORTHERN MINDANAO),Misamis Occidental,Misamis Occidental,2012,465.44,official_psa
coconut_young,Coconut Young,province,REGION X (NORTHERN MINDANAO),Misamis Occidental,Misamis Occidental,2013,479.18,official_psa
coconut_young,Coconut Young,province,REGION X (NORTHERN MINDANAO),Misamis Occidental,Misamis Occidental,2014,501.48,official_psa
coconut_young,Coconut Young,province,REGION X (NORTHERN MINDANAO),Misamis Occidental,Misamis Occidental,2015,519.02,official_psa
coconut_young,Coconut Young,province,REGION X (NORTHERN MINDANAO),Misamis Occidental,Misamis Occidental,2016,516.2,official_psa
coconut_young,Coconut Young,province,REGION X (NORTHERN MINDANAO),Misamis Occidental,Misamis Occidental,2017,516.6,official_psa
coconut_young,Coconut Young,province,REGION X (NORTHERN MINDANAO),Misamis Occidental,Misamis Occidental,2018,524.0,official_psa
coconut_young,Coconut Young,province,REGION X (NORTHERN MINDANAO),Misamis Occidental,Misamis Occidental,2019,615.46,official_psa
coconut_young,Coconut Young,province,REGION X (NORTHERN MINDANAO),Misamis Occidental,Misamis Occidental,2020,616.67,official_psa
coconut_young,Coconut Young,province,REGION X (NORTHERN MINDANAO),Misamis Occidental,Misamis Occidental,2021,644.17,official_psa
coconut_young,Coconut Young,province,REGION X (NORTHERN MINDANAO),Misamis Occidental,Misamis Occidental,2022,734.47,official_psa
coconut_young,Coconut Young,province,REGION X (NORTHERN MINDANAO),Misamis Occidental,Misamis Occidental,2023,765.23,official_psa
coconut_young,Coconut Young,province,REGION X (NORTHERN MINDANAO),Misamis Occidental,Misamis Occidental,2024,783.06,official_psa
coconut_young,Coconut Young,province,REGION X (NORTHERN MINDANAO),Misamis Occidental,Misamis Occidental,2025,798.06,official_psa
coconut_young,Coconut Young,province,REGION X (NORTHERN MINDANAO),Misamis Occidental,Misamis Occidental,2026,741.36,estimated_gap
coconut_young,Coconut Young,province,REGION X (NORTHERN MINDANAO),Misamis Oriental,Misamis Oriental,2010,1177.04,official_psa
coconut_young,Coconut Young,province,REGION X (NORTHERN MINDANAO),Misamis Oriental,Misamis Oriental,2011,1164.55,official_psa
coconut_young,Coconut Young,province,REGION X (NORTHERN MINDANAO),Misamis Oriental,Misamis Oriental,2012,1360.68,official_psa
coconut_young,Coconut Young,province,REGION X (NORTHERN MINDANAO),Misamis Oriental,Misamis Oriental,2013,1625.0,official_psa
coconut_young,Coconut Young,province,REGION X (NORTHERN MINDANAO),Misamis Oriental,Misamis Oriental,2014,1783.0,official_psa
coconut_young,Coconut Young,province,REGION X (NORTHERN MINDANAO),Misamis Oriental,Misamis Oriental,2015,1812.47,official_psa
coconut_young,Coconut Young,province,REGION X (NORTHERN MINDANAO),Misamis Oriental,Misamis Oriental,2016,1818.36,official_psa
coconut_young,Coconut Young,province,REGION X (NORTHERN MINDANAO),Misamis Oriental,Misamis Oriental,2017,1895.0,official_psa
coconut_young,Coconut Young,province,REGION X (NORTHERN MINDANAO),Misamis Oriental,Misamis Oriental,2018,1972.0,official_psa
coconut_young,Coconut Young,province,REGION X (NORTHERN MINDANAO),Misamis Oriental,Misamis Oriental,2019,2316.23,official_psa
coconut_young,Coconut Young,province,REGION X (NORTHERN MINDANAO),Misamis Oriental,Misamis Oriental,2020,2314.99,official_psa
coconut_young,Coconut Young,province,REGION X (NORTHERN MINDANAO),Misamis Oriental,Misamis Oriental,2021,2377.9,official_psa
coconut_young,Coconut Young,province,REGION X (NORTHERN MINDANAO),Misamis Oriental,Misamis Oriental,2022,2525.67,official_psa
coconut_young,Coconut Young,province,REGION X (NORTHERN MINDANAO),Misamis Oriental,Misamis Oriental,2023,2681.22,official_psa
coconut_young,Coconut Young,province,REGION X (NORTHERN MINDANAO),Misamis Oriental,Misamis Oriental,2024,2254.24,official_psa
coconut_young,Coconut Young,province,REGION X (NORTHERN MINDANAO),Misamis Oriental,Misamis Oriental,2025,2252.97,official_psa
coconut_young,Coconut Young,province,REGION X (NORTHERN MINDANAO),Misamis Oriental,Misamis Oriental,2026,2614.97,estimated_gap
coconut_young,Coconut Young,region,REGION XI (DAVAO REGION),,REGION XI (DAVAO REGION),2010,4395.99,official_psa
coconut_young,Coconut Young,region,REGION XI (DAVAO REGION),,REGION XI (DAVAO REGION),2011,5084.72,official_psa
coconut_young,Coconut Young,region,REGION XI (DAVAO REGION),,REGION XI (DAVAO REGION),2012,5014.1,official_psa
coconut_young,Coconut Young,region,REGION XI (DAVAO REGION),,REGION XI (DAVAO REGION),2013,5099.96,official_psa
coconut_young,Coconut Young,region,REGION XI (DAVAO REGION),,REGION XI (DAVAO REGION),2014,5039.73,official_psa
coconut_young,Coconut Young,region,REGION XI (DAVAO REGION),,REGION XI (DAVAO REGION),2015,7297.95,official_psa
coconut_young,Coconut Young,region,REGION XI (DAVAO REGION),,REGION XI (DAVAO REGION),2016,7731.42,official_psa
coconut_young,Coconut Young,region,REGION XI (DAVAO REGION),,REGION XI (DAVAO REGION),2017,6318.29,official_psa
coconut_young,Coconut Young,region,REGION XI (DAVAO REGION),,REGION XI (DAVAO REGION),2018,6909.16,official_psa
coconut_young,Coconut Young,region,REGION XI (DAVAO REGION),,REGION XI (DAVAO REGION),2019,7115.38,official_psa
coconut_young,Coconut Young,region,REGION XI (DAVAO REGION),,REGION XI (DAVAO REGION),2020,7207.77,official_psa
coconut_young,Coconut Young,region,REGION XI (DAVAO REGION),,REGION XI (DAVAO REGION),2021,7350.57,official_psa
coconut_young,Coconut Young,region,REGION XI (DAVAO REGION),,REGION XI (DAVAO REGION),2022,7292.02,official_psa
coconut_young,Coconut Young,region,REGION XI (DAVAO REGION),,REGION XI (DAVAO REGION),2023,18929.21,official_psa
coconut_young,Coconut Young,region,REGION XI (DAVAO REGION),,REGION XI (DAVAO REGION),2024,19240.32,official_psa
coconut_young,Coconut Young,region,REGION XI (DAVAO REGION),,REGION XI (DAVAO REGION),2025,19126.62,official_psa
coconut_young,Coconut Young,region,REGION XI (DAVAO REGION),,REGION XI (DAVAO REGION),2026,8568.5,estimated_gap
coconut_young,Coconut Young,province,REGION XI (DAVAO REGION),Davao de Oro,Davao de Oro,2010,46.43,official_psa
coconut_young,Coconut Young,province,REGION XI (DAVAO REGION),Davao de Oro,Davao de Oro,2011,47.94,official_psa
coconut_young,Coconut Young,province,REGION XI (DAVAO REGION),Davao de Oro,Davao de Oro,2012,52.14,official_psa
coconut_young,Coconut Young,province,REGION XI (DAVAO REGION),Davao de Oro,Davao de Oro,2013,36.17,official_psa
coconut_young,Coconut Young,province,REGION XI (DAVAO REGION),Davao de Oro,Davao de Oro,2014,35.92,official_psa
coconut_young,Coconut Young,province,REGION XI (DAVAO REGION),Davao de Oro,Davao de Oro,2015,38.73,official_psa
coconut_young,Coconut Young,province,REGION XI (DAVAO REGION),Davao de Oro,Davao de Oro,2016,40.27,official_psa
coconut_young,Coconut Young,province,REGION XI (DAVAO REGION),Davao de Oro,Davao de Oro,2017,41.71,official_psa
coconut_young,Coconut Young,province,REGION XI (DAVAO REGION),Davao de Oro,Davao de Oro,2018,44.75,official_psa
coconut_young,Coconut Young,province,REGION XI (DAVAO REGION),Davao de Oro,Davao de Oro,2019,44.67,official_psa
coconut_young,Coconut Young,province,REGION XI (DAVAO REGION),Davao de Oro,Davao de Oro,2020,65.93,official_psa
coconut_young,Coconut Young,province,REGION XI (DAVAO REGION),Davao de Oro,Davao de Oro,2021,78.95,official_psa
coconut_young,Coconut Young,province,REGION XI (DAVAO REGION),Davao de Oro,Davao de Oro,2022,84.37,official_psa
coconut_young,Coconut Young,province,REGION XI (DAVAO REGION),Davao de Oro,Davao de Oro,2023,84.15,official_psa
coconut_young,Coconut Young,province,REGION XI (DAVAO REGION),Davao de Oro,Davao de Oro,2024,90.53,official_psa
coconut_young,Coconut Young,province,REGION XI (DAVAO REGION),Davao de Oro,Davao de Oro,2025,92.43,official_psa
coconut_young,Coconut Young,province,REGION XI (DAVAO REGION),Davao de Oro,Davao de Oro,2026,102.52,estimated_gap
coconut_young,Coconut Young,province,REGION XI (DAVAO REGION),Davao del Norte,Davao del Norte,2010,399.18,official_psa
coconut_young,Coconut Young,province,REGION XI (DAVAO REGION),Davao del Norte,Davao del Norte,2011,315.09,official_psa
coconut_young,Coconut Young,province,REGION XI (DAVAO REGION),Davao del Norte,Davao del Norte,2012,343.44,official_psa
coconut_young,Coconut Young,province,REGION XI (DAVAO REGION),Davao del Norte,Davao del Norte,2013,367.39,official_psa
coconut_young,Coconut Young,province,REGION XI (DAVAO REGION),Davao del Norte,Davao del Norte,2014,384.66,official_psa
coconut_young,Coconut Young,province,REGION XI (DAVAO REGION),Davao del Norte,Davao del Norte,2015,395.04,official_psa
coconut_young,Coconut Young,province,REGION XI (DAVAO REGION),Davao del Norte,Davao del Norte,2016,385.05,official_psa
coconut_young,Coconut Young,province,REGION XI (DAVAO REGION),Davao del Norte,Davao del Norte,2017,393.59,official_psa
coconut_young,Coconut Young,province,REGION XI (DAVAO REGION),Davao del Norte,Davao del Norte,2018,396.47,official_psa
coconut_young,Coconut Young,province,REGION XI (DAVAO REGION),Davao del Norte,Davao del Norte,2019,418.25,official_psa
coconut_young,Coconut Young,province,REGION XI (DAVAO REGION),Davao del Norte,Davao del Norte,2020,409.53,official_psa
coconut_young,Coconut Young,province,REGION XI (DAVAO REGION),Davao del Norte,Davao del Norte,2021,419.08,official_psa
coconut_young,Coconut Young,province,REGION XI (DAVAO REGION),Davao del Norte,Davao del Norte,2022,411.48,official_psa
coconut_young,Coconut Young,province,REGION XI (DAVAO REGION),Davao del Norte,Davao del Norte,2023,438.1,official_psa
coconut_young,Coconut Young,province,REGION XI (DAVAO REGION),Davao del Norte,Davao del Norte,2024,426.71,official_psa
coconut_young,Coconut Young,province,REGION XI (DAVAO REGION),Davao del Norte,Davao del Norte,2025,428.52,official_psa
coconut_young,Coconut Young,province,REGION XI (DAVAO REGION),Davao del Norte,Davao del Norte,2026,432.16,estimated_gap
coconut_young,Coconut Young,province,REGION XI (DAVAO REGION),Davao del Sur,Davao del Sur,2010,1361.29,official_psa
coconut_young,Coconut Young,province,REGION XI (DAVAO REGION),Davao del Sur,Davao del Sur,2011,1412.71,official_psa
coconut_young,Coconut Young,province,REGION XI (DAVAO REGION),Davao del Sur,Davao del Sur,2012,1423.41,official_psa
coconut_young,Coconut Young,province,REGION XI (DAVAO REGION),Davao del Sur,Davao del Sur,2013,1446.51,official_psa
coconut_young,Coconut Young,province,REGION XI (DAVAO REGION),Davao del Sur,Davao del Sur,2014,1488.6,official_psa
coconut_young,Coconut Young,province,REGION XI (DAVAO REGION),Davao del Sur,Davao del Sur,2015,3588.78,official_psa
coconut_young,Coconut Young,province,REGION XI (DAVAO REGION),Davao del Sur,Davao del Sur,2016,4251.13,official_psa
coconut_young,Coconut Young,province,REGION XI (DAVAO REGION),Davao del Sur,Davao del Sur,2017,2752.85,official_psa
coconut_young,Coconut Young,province,REGION XI (DAVAO REGION),Davao del Sur,Davao del Sur,2018,3284.45,official_psa
coconut_young,Coconut Young,province,REGION XI (DAVAO REGION),Davao del Sur,Davao del Sur,2019,1200.09,official_psa
coconut_young,Coconut Young,province,REGION XI (DAVAO REGION),Davao del Sur,Davao del Sur,2020,1186.32,official_psa
coconut_young,Coconut Young,province,REGION XI (DAVAO REGION),Davao del Sur,Davao del Sur,2021,1221.45,official_psa
coconut_young,Coconut Young,province,REGION XI (DAVAO REGION),Davao del Sur,Davao del Sur,2022,1255.14,official_psa
coconut_young,Coconut Young,province,REGION XI (DAVAO REGION),Davao del Sur,Davao del Sur,2023,14934.08,official_psa
coconut_young,Coconut Young,province,REGION XI (DAVAO REGION),Davao del Sur,Davao del Sur,2024,15256.04,official_psa
coconut_young,Coconut Young,province,REGION XI (DAVAO REGION),Davao del Sur,Davao del Sur,2025,13563.56,official_psa
coconut_young,Coconut Young,province,REGION XI (DAVAO REGION),Davao del Sur,Davao del Sur,2026,2248.87,estimated_gap
coconut_young,Coconut Young,province,REGION XI (DAVAO REGION),Davao Occidental,Davao Occidental,2010,2234.46,estimated_gap
coconut_young,Coconut Young,province,REGION XI (DAVAO REGION),Davao Occidental,Davao Occidental,2011,2234.46,estimated_gap
coconut_young,Coconut Young,province,REGION XI (DAVAO REGION),Davao Occidental,Davao Occidental,2012,2234.46,estimated_gap
coconut_young,Coconut Young,province,REGION XI (DAVAO REGION),Davao Occidental,Davao Occidental,2013,2234.46,estimated_gap
coconut_young,Coconut Young,province,REGION XI (DAVAO REGION),Davao Occidental,Davao Occidental,2014,2234.46,estimated_gap
coconut_young,Coconut Young,province,REGION XI (DAVAO REGION),Davao Occidental,Davao Occidental,2015,2234.46,estimated_gap
coconut_young,Coconut Young,province,REGION XI (DAVAO REGION),Davao Occidental,Davao Occidental,2016,2234.46,estimated_gap
coconut_young,Coconut Young,province,REGION XI (DAVAO REGION),Davao Occidental,Davao Occidental,2017,2234.46,estimated_gap
coconut_young,Coconut Young,province,REGION XI (DAVAO REGION),Davao Occidental,Davao Occidental,2018,2234.46,estimated_gap
coconut_young,Coconut Young,province,REGION XI (DAVAO REGION),Davao Occidental,Davao Occidental,2019,2234.46,official_psa
coconut_young,Coconut Young,province,REGION XI (DAVAO REGION),Davao Occidental,Davao Occidental,2020,2257.49,official_psa
coconut_young,Coconut Young,province,REGION XI (DAVAO REGION),Davao Occidental,Davao Occidental,2021,2289.87,official_psa
coconut_young,Coconut Young,province,REGION XI (DAVAO REGION),Davao Occidental,Davao Occidental,2022,2273.94,official_psa
coconut_young,Coconut Young,province,REGION XI (DAVAO REGION),Davao Occidental,Davao Occidental,2023,2265.38,official_psa
coconut_young,Coconut Young,province,REGION XI (DAVAO REGION),Davao Occidental,Davao Occidental,2024,2266.86,official_psa
coconut_young,Coconut Young,province,REGION XI (DAVAO REGION),Davao Occidental,Davao Occidental,2025,2202.33,official_psa
coconut_young,Coconut Young,province,REGION XI (DAVAO REGION),Davao Occidental,Davao Occidental,2026,2143.86,estimated_gap
coconut_young,Coconut Young,province,REGION XI (DAVAO REGION),Davao Oriental,Davao Oriental,2010,1078.77,official_psa
coconut_young,Coconut Young,province,REGION XI (DAVAO REGION),Davao Oriental,Davao Oriental,2011,1385.55,official_psa
coconut_young,Coconut Young,province,REGION XI (DAVAO REGION),Davao Oriental,Davao Oriental,2012,1663.2,official_psa
coconut_young,Coconut Young,province,REGION XI (DAVAO REGION),Davao Oriental,Davao Oriental,2013,1280.58,official_psa
coconut_young,Coconut Young,province,REGION XI (DAVAO REGION),Davao Oriental,Davao Oriental,2014,1308.01,official_psa
coconut_young,Coconut Young,province,REGION XI (DAVAO REGION),Davao Oriental,Davao Oriental,2015,1258.33,official_psa
coconut_young,Coconut Young,province,REGION XI (DAVAO REGION),Davao Oriental,Davao Oriental,2016,1157.92,official_psa
coconut_young,Coconut Young,province,REGION XI (DAVAO REGION),Davao Oriental,Davao Oriental,2017,1187.49,official_psa
coconut_young,Coconut Young,province,REGION XI (DAVAO REGION),Davao Oriental,Davao Oriental,2018,1180.76,official_psa
coconut_young,Coconut Young,province,REGION XI (DAVAO REGION),Davao Oriental,Davao Oriental,2019,1205.55,official_psa
coconut_young,Coconut Young,province,REGION XI (DAVAO REGION),Davao Oriental,Davao Oriental,2020,1222.37,official_psa
coconut_young,Coconut Young,province,REGION XI (DAVAO REGION),Davao Oriental,Davao Oriental,2021,1233.3,official_psa
coconut_young,Coconut Young,province,REGION XI (DAVAO REGION),Davao Oriental,Davao Oriental,2022,1225.85,official_psa
coconut_young,Coconut Young,province,REGION XI (DAVAO REGION),Davao Oriental,Davao Oriental,2023,1207.49,official_psa
coconut_young,Coconut Young,province,REGION XI (DAVAO REGION),Davao Oriental,Davao Oriental,2024,1200.19,official_psa
coconut_young,Coconut Young,province,REGION XI (DAVAO REGION),Davao Oriental,Davao Oriental,2025,1214.87,official_psa
coconut_young,Coconut Young,province,REGION XI (DAVAO REGION),Davao Oriental,Davao Oriental,2026,1102.07,estimated_gap
coconut_young,Coconut Young,province,REGION XI (DAVAO REGION),City of Davao,City of Davao,2010,1510.32,official_psa
coconut_young,Coconut Young,province,REGION XI (DAVAO REGION),City of Davao,City of Davao,2011,1923.43,official_psa
coconut_young,Coconut Young,province,REGION XI (DAVAO REGION),City of Davao,City of Davao,2012,1531.91,official_psa
coconut_young,Coconut Young,province,REGION XI (DAVAO REGION),City of Davao,City of Davao,2013,1969.32,official_psa
coconut_young,Coconut Young,province,REGION XI (DAVAO REGION),City of Davao,City of Davao,2014,1822.53,official_psa
coconut_young,Coconut Young,province,REGION XI (DAVAO REGION),City of Davao,City of Davao,2015,2017.07,official_psa
coconut_young,Coconut Young,province,REGION XI (DAVAO REGION),City of Davao,City of Davao,2016,1897.04,official_psa
coconut_young,Coconut Young,province,REGION XI (DAVAO REGION),City of Davao,City of Davao,2017,1942.65,official_psa
coconut_young,Coconut Young,province,REGION XI (DAVAO REGION),City of Davao,City of Davao,2018,2002.73,official_psa
coconut_young,Coconut Young,province,REGION XI (DAVAO REGION),City of Davao,City of Davao,2019,2012.35,official_psa
coconut_young,Coconut Young,province,REGION XI (DAVAO REGION),City of Davao,City of Davao,2020,2066.13,official_psa
coconut_young,Coconut Young,province,REGION XI (DAVAO REGION),City of Davao,City of Davao,2021,2107.92,official_psa
coconut_young,Coconut Young,province,REGION XI (DAVAO REGION),City of Davao,City of Davao,2022,2041.24,official_psa
coconut_young,Coconut Young,province,REGION XI (DAVAO REGION),City of Davao,City of Davao,2023,1902.46,estimated_gap
coconut_young,Coconut Young,province,REGION XI (DAVAO REGION),City of Davao,City of Davao,2024,1763.69,estimated_gap
coconut_young,Coconut Young,province,REGION XI (DAVAO REGION),City of Davao,City of Davao,2025,1624.91,official_psa
coconut_young,Coconut Young,province,REGION XI (DAVAO REGION),City of Davao,City of Davao,2026,2569.08,estimated_gap
coconut_young,Coconut Young,region,REGION XII (SOCCSKSARGEN),,REGION XII (SOCCSKSARGEN),2010,5114.58,official_psa
coconut_young,Coconut Young,region,REGION XII (SOCCSKSARGEN),,REGION XII (SOCCSKSARGEN),2011,5086.22,official_psa
coconut_young,Coconut Young,region,REGION XII (SOCCSKSARGEN),,REGION XII (SOCCSKSARGEN),2012,6256.06,official_psa
coconut_young,Coconut Young,region,REGION XII (SOCCSKSARGEN),,REGION XII (SOCCSKSARGEN),2013,7162.81,official_psa
coconut_young,Coconut Young,region,REGION XII (SOCCSKSARGEN),,REGION XII (SOCCSKSARGEN),2014,7926.79,official_psa
coconut_young,Coconut Young,region,REGION XII (SOCCSKSARGEN),,REGION XII (SOCCSKSARGEN),2015,8132.65,official_psa
coconut_young,Coconut Young,region,REGION XII (SOCCSKSARGEN),,REGION XII (SOCCSKSARGEN),2016,7107.82,official_psa
coconut_young,Coconut Young,region,REGION XII (SOCCSKSARGEN),,REGION XII (SOCCSKSARGEN),2017,7760.1,official_psa
coconut_young,Coconut Young,region,REGION XII (SOCCSKSARGEN),,REGION XII (SOCCSKSARGEN),2018,8252.69,official_psa
coconut_young,Coconut Young,region,REGION XII (SOCCSKSARGEN),,REGION XII (SOCCSKSARGEN),2019,8256.23,official_psa
coconut_young,Coconut Young,region,REGION XII (SOCCSKSARGEN),,REGION XII (SOCCSKSARGEN),2020,8024.16,official_psa
coconut_young,Coconut Young,region,REGION XII (SOCCSKSARGEN),,REGION XII (SOCCSKSARGEN),2021,8614.34,official_psa
coconut_young,Coconut Young,region,REGION XII (SOCCSKSARGEN),,REGION XII (SOCCSKSARGEN),2022,8586.68,official_psa
coconut_young,Coconut Young,region,REGION XII (SOCCSKSARGEN),,REGION XII (SOCCSKSARGEN),2023,9021.79,official_psa
coconut_young,Coconut Young,region,REGION XII (SOCCSKSARGEN),,REGION XII (SOCCSKSARGEN),2024,8780.59,official_psa
coconut_young,Coconut Young,region,REGION XII (SOCCSKSARGEN),,REGION XII (SOCCSKSARGEN),2025,9159.9,official_psa
coconut_young,Coconut Young,region,REGION XII (SOCCSKSARGEN),,REGION XII (SOCCSKSARGEN),2026,9319.89,estimated_gap
coconut_young,Coconut Young,province,REGION XII (SOCCSKSARGEN),Cotabato,Cotabato,2010,1244.05,official_psa
coconut_young,Coconut Young,province,REGION XII (SOCCSKSARGEN),Cotabato,Cotabato,2011,1115.93,official_psa
coconut_young,Coconut Young,province,REGION XII (SOCCSKSARGEN),Cotabato,Cotabato,2012,1286.58,official_psa
coconut_young,Coconut Young,province,REGION XII (SOCCSKSARGEN),Cotabato,Cotabato,2013,1326.75,official_psa
coconut_young,Coconut Young,province,REGION XII (SOCCSKSARGEN),Cotabato,Cotabato,2014,1399.98,official_psa
coconut_young,Coconut Young,province,REGION XII (SOCCSKSARGEN),Cotabato,Cotabato,2015,1464.7,official_psa
coconut_young,Coconut Young,province,REGION XII (SOCCSKSARGEN),Cotabato,Cotabato,2016,1403.18,official_psa
coconut_young,Coconut Young,province,REGION XII (SOCCSKSARGEN),Cotabato,Cotabato,2017,1388.24,official_psa
coconut_young,Coconut Young,province,REGION XII (SOCCSKSARGEN),Cotabato,Cotabato,2018,1458.46,official_psa
coconut_young,Coconut Young,province,REGION XII (SOCCSKSARGEN),Cotabato,Cotabato,2019,1513.35,official_psa
coconut_young,Coconut Young,province,REGION XII (SOCCSKSARGEN),Cotabato,Cotabato,2020,1155.5,official_psa
coconut_young,Coconut Young,province,REGION XII (SOCCSKSARGEN),Cotabato,Cotabato,2021,1191.93,official_psa
coconut_young,Coconut Young,province,REGION XII (SOCCSKSARGEN),Cotabato,Cotabato,2022,1220.0,official_psa
coconut_young,Coconut Young,province,REGION XII (SOCCSKSARGEN),Cotabato,Cotabato,2023,1303.0,official_psa
coconut_young,Coconut Young,province,REGION XII (SOCCSKSARGEN),Cotabato,Cotabato,2024,1313.99,official_psa
coconut_young,Coconut Young,province,REGION XII (SOCCSKSARGEN),Cotabato,Cotabato,2025,1519.09,official_psa
coconut_young,Coconut Young,province,REGION XII (SOCCSKSARGEN),Cotabato,Cotabato,2026,1429.64,estimated_gap
coconut_young,Coconut Young,province,REGION XII (SOCCSKSARGEN),Sarangani,Sarangani,2010,326.97,official_psa
coconut_young,Coconut Young,province,REGION XII (SOCCSKSARGEN),Sarangani,Sarangani,2011,429.77,official_psa
coconut_young,Coconut Young,province,REGION XII (SOCCSKSARGEN),Sarangani,Sarangani,2012,441.91,official_psa
coconut_young,Coconut Young,province,REGION XII (SOCCSKSARGEN),Sarangani,Sarangani,2013,483.55,official_psa
coconut_young,Coconut Young,province,REGION XII (SOCCSKSARGEN),Sarangani,Sarangani,2014,613.6,official_psa
coconut_young,Coconut Young,province,REGION XII (SOCCSKSARGEN),Sarangani,Sarangani,2015,699.6,official_psa
coconut_young,Coconut Young,province,REGION XII (SOCCSKSARGEN),Sarangani,Sarangani,2016,538.0,official_psa
coconut_young,Coconut Young,province,REGION XII (SOCCSKSARGEN),Sarangani,Sarangani,2017,830.0,official_psa
coconut_young,Coconut Young,province,REGION XII (SOCCSKSARGEN),Sarangani,Sarangani,2018,1180.0,official_psa
coconut_young,Coconut Young,province,REGION XII (SOCCSKSARGEN),Sarangani,Sarangani,2019,1135.0,official_psa
coconut_young,Coconut Young,province,REGION XII (SOCCSKSARGEN),Sarangani,Sarangani,2020,1155.0,official_psa
coconut_young,Coconut Young,province,REGION XII (SOCCSKSARGEN),Sarangani,Sarangani,2021,1102.0,official_psa
coconut_young,Coconut Young,province,REGION XII (SOCCSKSARGEN),Sarangani,Sarangani,2022,1114.0,official_psa
coconut_young,Coconut Young,province,REGION XII (SOCCSKSARGEN),Sarangani,Sarangani,2023,1119.2,official_psa
coconut_young,Coconut Young,province,REGION XII (SOCCSKSARGEN),Sarangani,Sarangani,2024,1122.7,official_psa
coconut_young,Coconut Young,province,REGION XII (SOCCSKSARGEN),Sarangani,Sarangani,2025,897.83,official_psa
coconut_young,Coconut Young,province,REGION XII (SOCCSKSARGEN),Sarangani,Sarangani,2026,1118.72,estimated_gap
coconut_young,Coconut Young,province,REGION XII (SOCCSKSARGEN),Sultan Kudarat,Sultan Kudarat,2010,1851.85,official_psa
coconut_young,Coconut Young,province,REGION XII (SOCCSKSARGEN),Sultan Kudarat,Sultan Kudarat,2011,1847.09,official_psa
coconut_young,Coconut Young,province,REGION XII (SOCCSKSARGEN),Sultan Kudarat,Sultan Kudarat,2012,2545.56,official_psa
coconut_young,Coconut Young,province,REGION XII (SOCCSKSARGEN),Sultan Kudarat,Sultan Kudarat,2013,3541.0,official_psa
coconut_young,Coconut Young,province,REGION XII (SOCCSKSARGEN),Sultan Kudarat,Sultan Kudarat,2014,4199.04,official_psa
coconut_young,Coconut Young,province,REGION XII (SOCCSKSARGEN),Sultan Kudarat,Sultan Kudarat,2015,4058.39,official_psa
coconut_young,Coconut Young,province,REGION XII (SOCCSKSARGEN),Sultan Kudarat,Sultan Kudarat,2016,3532.97,official_psa
coconut_young,Coconut Young,province,REGION XII (SOCCSKSARGEN),Sultan Kudarat,Sultan Kudarat,2017,4097.97,official_psa
coconut_young,Coconut Young,province,REGION XII (SOCCSKSARGEN),Sultan Kudarat,Sultan Kudarat,2018,4499.31,official_psa
coconut_young,Coconut Young,province,REGION XII (SOCCSKSARGEN),Sultan Kudarat,Sultan Kudarat,2019,4407.53,official_psa
coconut_young,Coconut Young,province,REGION XII (SOCCSKSARGEN),Sultan Kudarat,Sultan Kudarat,2020,4191.93,official_psa
coconut_young,Coconut Young,province,REGION XII (SOCCSKSARGEN),Sultan Kudarat,Sultan Kudarat,2021,4538.01,official_psa
coconut_young,Coconut Young,province,REGION XII (SOCCSKSARGEN),Sultan Kudarat,Sultan Kudarat,2022,4453.2,official_psa
coconut_young,Coconut Young,province,REGION XII (SOCCSKSARGEN),Sultan Kudarat,Sultan Kudarat,2023,4555.37,official_psa
coconut_young,Coconut Young,province,REGION XII (SOCCSKSARGEN),Sultan Kudarat,Sultan Kudarat,2024,4164.9,official_psa
coconut_young,Coconut Young,province,REGION XII (SOCCSKSARGEN),Sultan Kudarat,Sultan Kudarat,2025,4450.1,official_psa
coconut_young,Coconut Young,province,REGION XII (SOCCSKSARGEN),Sultan Kudarat,Sultan Kudarat,2026,4994.88,estimated_gap
coconut_young,Coconut Young,province,REGION XII (SOCCSKSARGEN),South Cotabato,South Cotabato,2010,1691.71,official_psa
coconut_young,Coconut Young,province,REGION XII (SOCCSKSARGEN),South Cotabato,South Cotabato,2011,1693.43,official_psa
coconut_young,Coconut Young,province,REGION XII (SOCCSKSARGEN),South Cotabato,South Cotabato,2012,1982.01,official_psa
coconut_young,Coconut Young,province,REGION XII (SOCCSKSARGEN),South Cotabato,South Cotabato,2013,1811.51,official_psa
coconut_young,Coconut Young,province,REGION XII (SOCCSKSARGEN),South Cotabato,South Cotabato,2014,1714.18,official_psa
coconut_young,Coconut Young,province,REGION XII (SOCCSKSARGEN),South Cotabato,South Cotabato,2015,1909.96,official_psa
coconut_young,Coconut Young,province,REGION XII (SOCCSKSARGEN),South Cotabato,South Cotabato,2016,1633.67,official_psa
coconut_young,Coconut Young,province,REGION XII (SOCCSKSARGEN),South Cotabato,South Cotabato,2017,1443.89,official_psa
coconut_young,Coconut Young,province,REGION XII (SOCCSKSARGEN),South Cotabato,South Cotabato,2018,1114.92,official_psa
coconut_young,Coconut Young,province,REGION XII (SOCCSKSARGEN),South Cotabato,South Cotabato,2019,1200.35,official_psa
coconut_young,Coconut Young,province,REGION XII (SOCCSKSARGEN),South Cotabato,South Cotabato,2020,1521.73,official_psa
coconut_young,Coconut Young,province,REGION XII (SOCCSKSARGEN),South Cotabato,South Cotabato,2021,1782.4,official_psa
coconut_young,Coconut Young,province,REGION XII (SOCCSKSARGEN),South Cotabato,South Cotabato,2022,1799.48,official_psa
coconut_young,Coconut Young,province,REGION XII (SOCCSKSARGEN),South Cotabato,South Cotabato,2023,2044.22,official_psa
coconut_young,Coconut Young,province,REGION XII (SOCCSKSARGEN),South Cotabato,South Cotabato,2024,2179.0,official_psa
coconut_young,Coconut Young,province,REGION XII (SOCCSKSARGEN),South Cotabato,South Cotabato,2025,2292.89,official_psa
coconut_young,Coconut Young,province,REGION XII (SOCCSKSARGEN),South Cotabato,South Cotabato,2026,2018.97,estimated_gap
coconut_young,Coconut Young,region,REGION XIII (CARAGA),,REGION XIII (CARAGA),2010,2216.34,official_psa
coconut_young,Coconut Young,region,REGION XIII (CARAGA),,REGION XIII (CARAGA),2011,1827.19,official_psa
coconut_young,Coconut Young,region,REGION XIII (CARAGA),,REGION XIII (CARAGA),2012,1878.72,official_psa
coconut_young,Coconut Young,region,REGION XIII (CARAGA),,REGION XIII (CARAGA),2013,1882.0,official_psa
coconut_young,Coconut Young,region,REGION XIII (CARAGA),,REGION XIII (CARAGA),2014,1966.69,official_psa
coconut_young,Coconut Young,region,REGION XIII (CARAGA),,REGION XIII (CARAGA),2015,2110.48,official_psa
coconut_young,Coconut Young,region,REGION XIII (CARAGA),,REGION XIII (CARAGA),2016,2263.53,official_psa
coconut_young,Coconut Young,region,REGION XIII (CARAGA),,REGION XIII (CARAGA),2017,2562.38,official_psa
coconut_young,Coconut Young,region,REGION XIII (CARAGA),,REGION XIII (CARAGA),2018,2673.77,official_psa
coconut_young,Coconut Young,region,REGION XIII (CARAGA),,REGION XIII (CARAGA),2019,2907.56,official_psa
coconut_young,Coconut Young,region,REGION XIII (CARAGA),,REGION XIII (CARAGA),2020,3170.75,official_psa
coconut_young,Coconut Young,region,REGION XIII (CARAGA),,REGION XIII (CARAGA),2021,3314.03,official_psa
coconut_young,Coconut Young,region,REGION XIII (CARAGA),,REGION XIII (CARAGA),2022,2785.14,official_psa
coconut_young,Coconut Young,region,REGION XIII (CARAGA),,REGION XIII (CARAGA),2023,3183.19,official_psa
coconut_young,Coconut Young,region,REGION XIII (CARAGA),,REGION XIII (CARAGA),2024,2623.39,official_psa
coconut_young,Coconut Young,region,REGION XIII (CARAGA),,REGION XIII (CARAGA),2025,1940.19,official_psa
coconut_young,Coconut Young,region,REGION XIII (CARAGA),,REGION XIII (CARAGA),2026,1963.96,estimated_gap
coconut_young,Coconut Young,province,REGION XIII (CARAGA),Agusan del Norte,Agusan del Norte,2010,698.2,official_psa
coconut_young,Coconut Young,province,REGION XIII (CARAGA),Agusan del Norte,Agusan del Norte,2011,691.36,official_psa
coconut_young,Coconut Young,province,REGION XIII (CARAGA),Agusan del Norte,Agusan del Norte,2012,775.75,official_psa
coconut_young,Coconut Young,province,REGION XIII (CARAGA),Agusan del Norte,Agusan del Norte,2013,771.69,official_psa
coconut_young,Coconut Young,province,REGION XIII (CARAGA),Agusan del Norte,Agusan del Norte,2014,822.59,official_psa
coconut_young,Coconut Young,province,REGION XIII (CARAGA),Agusan del Norte,Agusan del Norte,2015,886.69,official_psa
coconut_young,Coconut Young,province,REGION XIII (CARAGA),Agusan del Norte,Agusan del Norte,2016,961.52,official_psa
coconut_young,Coconut Young,province,REGION XIII (CARAGA),Agusan del Norte,Agusan del Norte,2017,988.88,official_psa
coconut_young,Coconut Young,province,REGION XIII (CARAGA),Agusan del Norte,Agusan del Norte,2018,1009.49,official_psa
coconut_young,Coconut Young,province,REGION XIII (CARAGA),Agusan del Norte,Agusan del Norte,2019,1096.09,official_psa
coconut_young,Coconut Young,province,REGION XIII (CARAGA),Agusan del Norte,Agusan del Norte,2020,1210.0,official_psa
coconut_young,Coconut Young,province,REGION XIII (CARAGA),Agusan del Norte,Agusan del Norte,2021,1254.8,official_psa
coconut_young,Coconut Young,province,REGION XIII (CARAGA),Agusan del Norte,Agusan del Norte,2022,1142.39,official_psa
coconut_young,Coconut Young,province,REGION XIII (CARAGA),Agusan del Norte,Agusan del Norte,2023,1444.31,official_psa
coconut_young,Coconut Young,province,REGION XIII (CARAGA),Agusan del Norte,Agusan del Norte,2024,1351.16,official_psa
coconut_young,Coconut Young,province,REGION XIII (CARAGA),Agusan del Norte,Agusan del Norte,2025,1380.37,official_psa
coconut_young,Coconut Young,province,REGION XIII (CARAGA),Agusan del Norte,Agusan del Norte,2026,830.56,estimated_gap
coconut_young,Coconut Young,province,REGION XIII (CARAGA),Agusan del Sur,Agusan del Sur,2010,441.76,official_psa
coconut_young,Coconut Young,province,REGION XIII (CARAGA),Agusan del Sur,Agusan del Sur,2011,218.31,official_psa
coconut_young,Coconut Young,province,REGION XIII (CARAGA),Agusan del Sur,Agusan del Sur,2012,223.97,official_psa
coconut_young,Coconut Young,province,REGION XIII (CARAGA),Agusan del Sur,Agusan del Sur,2013,193.06,official_psa
coconut_young,Coconut Young,province,REGION XIII (CARAGA),Agusan del Sur,Agusan del Sur,2014,215.18,official_psa
coconut_young,Coconut Young,province,REGION XIII (CARAGA),Agusan del Sur,Agusan del Sur,2015,270.99,official_psa
coconut_young,Coconut Young,province,REGION XIII (CARAGA),Agusan del Sur,Agusan del Sur,2016,313.95,official_psa
coconut_young,Coconut Young,province,REGION XIII (CARAGA),Agusan del Sur,Agusan del Sur,2017,337.03,official_psa
coconut_young,Coconut Young,province,REGION XIII (CARAGA),Agusan del Sur,Agusan del Sur,2018,369.11,official_psa
coconut_young,Coconut Young,province,REGION XIII (CARAGA),Agusan del Sur,Agusan del Sur,2019,392.03,official_psa
coconut_young,Coconut Young,province,REGION XIII (CARAGA),Agusan del Sur,Agusan del Sur,2020,400.24,official_psa
coconut_young,Coconut Young,province,REGION XIII (CARAGA),Agusan del Sur,Agusan del Sur,2021,385.1,official_psa
coconut_young,Coconut Young,province,REGION XIII (CARAGA),Agusan del Sur,Agusan del Sur,2022,413.67,official_psa
coconut_young,Coconut Young,province,REGION XIII (CARAGA),Agusan del Sur,Agusan del Sur,2023,604.04,official_psa
coconut_young,Coconut Young,province,REGION XIII (CARAGA),Agusan del Sur,Agusan del Sur,2024,426.08,official_psa
coconut_young,Coconut Young,province,REGION XIII (CARAGA),Agusan del Sur,Agusan del Sur,2025,457.0,official_psa
coconut_young,Coconut Young,province,REGION XIII (CARAGA),Agusan del Sur,Agusan del Sur,2026,146.48,estimated_gap
coconut_young,Coconut Young,province,REGION XIII (CARAGA),Dinagat Islands,Dinagat Islands,2010,21.97,estimated_gap
coconut_young,Coconut Young,province,REGION XIII (CARAGA),Dinagat Islands,Dinagat Islands,2011,21.97,estimated_gap
coconut_young,Coconut Young,province,REGION XIII (CARAGA),Dinagat Islands,Dinagat Islands,2012,21.97,estimated_gap
coconut_young,Coconut Young,province,REGION XIII (CARAGA),Dinagat Islands,Dinagat Islands,2013,21.97,official_psa
coconut_young,Coconut Young,province,REGION XIII (CARAGA),Dinagat Islands,Dinagat Islands,2014,18.52,official_psa
coconut_young,Coconut Young,province,REGION XIII (CARAGA),Dinagat Islands,Dinagat Islands,2015,17.44,official_psa
coconut_young,Coconut Young,province,REGION XIII (CARAGA),Dinagat Islands,Dinagat Islands,2016,15.43,official_psa
coconut_young,Coconut Young,province,REGION XIII (CARAGA),Dinagat Islands,Dinagat Islands,2017,13.65,official_psa
coconut_young,Coconut Young,province,REGION XIII (CARAGA),Dinagat Islands,Dinagat Islands,2018,14.27,official_psa
coconut_young,Coconut Young,province,REGION XIII (CARAGA),Dinagat Islands,Dinagat Islands,2019,18.43,official_psa
coconut_young,Coconut Young,province,REGION XIII (CARAGA),Dinagat Islands,Dinagat Islands,2020,13.72,official_psa
coconut_young,Coconut Young,province,REGION XIII (CARAGA),Dinagat Islands,Dinagat Islands,2021,14.13,official_psa
coconut_young,Coconut Young,province,REGION XIII (CARAGA),Dinagat Islands,Dinagat Islands,2022,1.79,official_psa
coconut_young,Coconut Young,province,REGION XIII (CARAGA),Dinagat Islands,Dinagat Islands,2023,25.67,official_psa
coconut_young,Coconut Young,province,REGION XIII (CARAGA),Dinagat Islands,Dinagat Islands,2024,33.19,official_psa
coconut_young,Coconut Young,province,REGION XIII (CARAGA),Dinagat Islands,Dinagat Islands,2025,25.86,official_psa
coconut_young,Coconut Young,province,REGION XIII (CARAGA),Dinagat Islands,Dinagat Islands,2026,7.6,estimated_gap
coconut_young,Coconut Young,province,REGION XIII (CARAGA),Surigao del Norte,Surigao del Norte,2010,403.0,official_psa
coconut_young,Coconut Young,province,REGION XIII (CARAGA),Surigao del Norte,Surigao del Norte,2011,355.76,official_psa
coconut_young,Coconut Young,province,REGION XIII (CARAGA),Surigao del Norte,Surigao del Norte,2012,377.0,official_psa
coconut_young,Coconut Young,province,REGION XIII (CARAGA),Surigao del Norte,Surigao del Norte,2013,393.48,official_psa
coconut_young,Coconut Young,province,REGION XIII (CARAGA),Surigao del Norte,Surigao del Norte,2014,400.9,official_psa
coconut_young,Coconut Young,province,REGION XIII (CARAGA),Surigao del Norte,Surigao del Norte,2015,425.77,official_psa
coconut_young,Coconut Young,province,REGION XIII (CARAGA),Surigao del Norte,Surigao del Norte,2016,377.01,official_psa
coconut_young,Coconut Young,province,REGION XIII (CARAGA),Surigao del Norte,Surigao del Norte,2017,387.21,official_psa
coconut_young,Coconut Young,province,REGION XIII (CARAGA),Surigao del Norte,Surigao del Norte,2018,459.94,official_psa
coconut_young,Coconut Young,province,REGION XIII (CARAGA),Surigao del Norte,Surigao del Norte,2019,521.94,official_psa
coconut_young,Coconut Young,province,REGION XIII (CARAGA),Surigao del Norte,Surigao del Norte,2020,518.0,official_psa
coconut_young,Coconut Young,province,REGION XIII (CARAGA),Surigao del Norte,Surigao del Norte,2021,483.83,official_psa
coconut_young,Coconut Young,province,REGION XIII (CARAGA),Surigao del Norte,Surigao del Norte,2022,246.46,official_psa
coconut_young,Coconut Young,province,REGION XIII (CARAGA),Surigao del Norte,Surigao del Norte,2023,170.7,official_psa
coconut_young,Coconut Young,province,REGION XIII (CARAGA),Surigao del Norte,Surigao del Norte,2024,130.31,official_psa
coconut_young,Coconut Young,province,REGION XIII (CARAGA),Surigao del Norte,Surigao del Norte,2025,43.04,official_psa
coconut_young,Coconut Young,province,REGION XIII (CARAGA),Surigao del Norte,Surigao del Norte,2026,85.39,estimated_gap
coconut_young,Coconut Young,province,REGION XIII (CARAGA),Surigao del Sur,Surigao del Sur,2010,673.38,official_psa
coconut_young,Coconut Young,province,REGION XIII (CARAGA),Surigao del Sur,Surigao del Sur,2011,561.76,official_psa
coconut_young,Coconut Young,province,REGION XIII (CARAGA),Surigao del Sur,Surigao del Sur,2012,502.0,official_psa
coconut_young,Coconut Young,province,REGION XIII (CARAGA),Surigao del Sur,Surigao del Sur,2013,501.8,official_psa
coconut_young,Coconut Young,province,REGION XIII (CARAGA),Surigao del Sur,Surigao del Sur,2014,509.5,official_psa
coconut_young,Coconut Young,province,REGION XIII (CARAGA),Surigao del Sur,Surigao del Sur,2015,509.59,official_psa
coconut_young,Coconut Young,province,REGION XIII (CARAGA),Surigao del Sur,Surigao del Sur,2016,595.62,official_psa
coconut_young,Coconut Young,province,REGION XIII (CARAGA),Surigao del Sur,Surigao del Sur,2017,835.62,official_psa
coconut_young,Coconut Young,province,REGION XIII (CARAGA),Surigao del Sur,Surigao del Sur,2018,820.96,official_psa
coconut_young,Coconut Young,province,REGION XIII (CARAGA),Surigao del Sur,Surigao del Sur,2019,879.08,official_psa
coconut_young,Coconut Young,province,REGION XIII (CARAGA),Surigao del Sur,Surigao del Sur,2020,1028.79,official_psa
coconut_young,Coconut Young,province,REGION XIII (CARAGA),Surigao del Sur,Surigao del Sur,2021,1176.17,official_psa
coconut_young,Coconut Young,province,REGION XIII (CARAGA),Surigao del Sur,Surigao del Sur,2022,980.83,official_psa
coconut_young,Coconut Young,province,REGION XIII (CARAGA),Surigao del Sur,Surigao del Sur,2023,938.47,official_psa
coconut_young,Coconut Young,province,REGION XIII (CARAGA),Surigao del Sur,Surigao del Sur,2024,682.64,official_psa
coconut_young,Coconut Young,province,REGION XIII (CARAGA),Surigao del Sur,Surigao del Sur,2025,33.91,official_psa
coconut_young,Coconut Young,province,REGION XIII (CARAGA),Surigao del Sur,Surigao del Sur,2026,283.21,estimated_gap
coconut_young,Coconut Young,province,REGION XIII (CARAGA),City of Butuan,City of Butuan,2010,676.92,estimated_gap
coconut_young,Coconut Young,province,REGION XIII (CARAGA),City of Butuan,City of Butuan,2011,676.92,estimated_gap
coconut_young,Coconut Young,province,REGION XIII (CARAGA),City of Butuan,City of Butuan,2012,676.92,estimated_gap
coconut_young,Coconut Young,province,REGION XIII (CARAGA),City of Butuan,City of Butuan,2013,676.92,estimated_gap
coconut_young,Coconut Young,province,REGION XIII (CARAGA),City of Butuan,City of Butuan,2014,676.92,estimated_gap
coconut_young,Coconut Young,province,REGION XIII (CARAGA),City of Butuan,City of Butuan,2015,676.92,estimated_gap
coconut_young,Coconut Young,province,REGION XIII (CARAGA),City of Butuan,City of Butuan,2016,676.92,estimated_gap
coconut_young,Coconut Young,province,REGION XIII (CARAGA),City of Butuan,City of Butuan,2017,676.92,estimated_gap
coconut_young,Coconut Young,province,REGION XIII (CARAGA),City of Butuan,City of Butuan,2018,676.92,estimated_gap
coconut_young,Coconut Young,province,REGION XIII (CARAGA),City of Butuan,City of Butuan,2019,676.92,estimated_gap
coconut_young,Coconut Young,province,REGION XIII (CARAGA),City of Butuan,City of Butuan,2020,676.92,estimated_gap
coconut_young,Coconut Young,province,REGION XIII (CARAGA),City of Butuan,City of Butuan,2021,676.92,estimated_gap
coconut_young,Coconut Young,province,REGION XIII (CARAGA),City of Butuan,City of Butuan,2022,676.92,estimated_gap
coconut_young,Coconut Young,province,REGION XIII (CARAGA),City of Butuan,City of Butuan,2023,676.92,estimated_gap
coconut_young,Coconut Young,province,REGION XIII (CARAGA),City of Butuan,City of Butuan,2024,676.92,official_psa
coconut_young,Coconut Young,province,REGION XIII (CARAGA),City of Butuan,City of Butuan,2025,676.92,estimated_gap
coconut_young,Coconut Young,province,REGION XIII (CARAGA),City of Butuan,City of Butuan,2026,532.6,estimated_gap
coconut_young,Coconut Young,region,BANGSAMORO AUTONOMOUS REGION IN MUSLIM MINDANAO (BARMM),,BANGSAMORO AUTONOMOUS REGION IN MUSLIM MINDANAO (BARMM),2010,9369.21,official_psa
coconut_young,Coconut Young,region,BANGSAMORO AUTONOMOUS REGION IN MUSLIM MINDANAO (BARMM),,BANGSAMORO AUTONOMOUS REGION IN MUSLIM MINDANAO (BARMM),2011,9047.05,official_psa
coconut_young,Coconut Young,region,BANGSAMORO AUTONOMOUS REGION IN MUSLIM MINDANAO (BARMM),,BANGSAMORO AUTONOMOUS REGION IN MUSLIM MINDANAO (BARMM),2012,8726.58,official_psa
coconut_young,Coconut Young,region,BANGSAMORO AUTONOMOUS REGION IN MUSLIM MINDANAO (BARMM),,BANGSAMORO AUTONOMOUS REGION IN MUSLIM MINDANAO (BARMM),2013,9014.8,official_psa
coconut_young,Coconut Young,region,BANGSAMORO AUTONOMOUS REGION IN MUSLIM MINDANAO (BARMM),,BANGSAMORO AUTONOMOUS REGION IN MUSLIM MINDANAO (BARMM),2014,8905.4,official_psa
coconut_young,Coconut Young,region,BANGSAMORO AUTONOMOUS REGION IN MUSLIM MINDANAO (BARMM),,BANGSAMORO AUTONOMOUS REGION IN MUSLIM MINDANAO (BARMM),2015,11123.47,official_psa
coconut_young,Coconut Young,region,BANGSAMORO AUTONOMOUS REGION IN MUSLIM MINDANAO (BARMM),,BANGSAMORO AUTONOMOUS REGION IN MUSLIM MINDANAO (BARMM),2016,10856.79,official_psa
coconut_young,Coconut Young,region,BANGSAMORO AUTONOMOUS REGION IN MUSLIM MINDANAO (BARMM),,BANGSAMORO AUTONOMOUS REGION IN MUSLIM MINDANAO (BARMM),2017,10126.84,official_psa
coconut_young,Coconut Young,region,BANGSAMORO AUTONOMOUS REGION IN MUSLIM MINDANAO (BARMM),,BANGSAMORO AUTONOMOUS REGION IN MUSLIM MINDANAO (BARMM),2018,10303.13,official_psa
coconut_young,Coconut Young,region,BANGSAMORO AUTONOMOUS REGION IN MUSLIM MINDANAO (BARMM),,BANGSAMORO AUTONOMOUS REGION IN MUSLIM MINDANAO (BARMM),2019,10493.6,official_psa
coconut_young,Coconut Young,region,BANGSAMORO AUTONOMOUS REGION IN MUSLIM MINDANAO (BARMM),,BANGSAMORO AUTONOMOUS REGION IN MUSLIM MINDANAO (BARMM),2020,11178.24,official_psa
coconut_young,Coconut Young,region,BANGSAMORO AUTONOMOUS REGION IN MUSLIM MINDANAO (BARMM),,BANGSAMORO AUTONOMOUS REGION IN MUSLIM MINDANAO (BARMM),2021,11494.82,official_psa
coconut_young,Coconut Young,region,BANGSAMORO AUTONOMOUS REGION IN MUSLIM MINDANAO (BARMM),,BANGSAMORO AUTONOMOUS REGION IN MUSLIM MINDANAO (BARMM),2022,11369.81,official_psa
coconut_young,Coconut Young,region,BANGSAMORO AUTONOMOUS REGION IN MUSLIM MINDANAO (BARMM),,BANGSAMORO AUTONOMOUS REGION IN MUSLIM MINDANAO (BARMM),2023,11788.12,official_psa
coconut_young,Coconut Young,region,BANGSAMORO AUTONOMOUS REGION IN MUSLIM MINDANAO (BARMM),,BANGSAMORO AUTONOMOUS REGION IN MUSLIM MINDANAO (BARMM),2024,21269.37,official_psa
coconut_young,Coconut Young,region,BANGSAMORO AUTONOMOUS REGION IN MUSLIM MINDANAO (BARMM),,BANGSAMORO AUTONOMOUS REGION IN MUSLIM MINDANAO (BARMM),2025,25099.65,official_psa
coconut_young,Coconut Young,region,BANGSAMORO AUTONOMOUS REGION IN MUSLIM MINDANAO (BARMM),,BANGSAMORO AUTONOMOUS REGION IN MUSLIM MINDANAO (BARMM),2026,23166.46,estimated_gap
coconut_young,Coconut Young,province,BANGSAMORO AUTONOMOUS REGION IN MUSLIM MINDANAO (BARMM),Basilan,Basilan,2010,4324.56,official_psa
coconut_young,Coconut Young,province,BANGSAMORO AUTONOMOUS REGION IN MUSLIM MINDANAO (BARMM),Basilan,Basilan,2011,4034.93,official_psa
coconut_young,Coconut Young,province,BANGSAMORO AUTONOMOUS REGION IN MUSLIM MINDANAO (BARMM),Basilan,Basilan,2012,4215.33,official_psa
coconut_young,Coconut Young,province,BANGSAMORO AUTONOMOUS REGION IN MUSLIM MINDANAO (BARMM),Basilan,Basilan,2013,4345.0,official_psa
coconut_young,Coconut Young,province,BANGSAMORO AUTONOMOUS REGION IN MUSLIM MINDANAO (BARMM),Basilan,Basilan,2014,4297.75,official_psa
coconut_young,Coconut Young,province,BANGSAMORO AUTONOMOUS REGION IN MUSLIM MINDANAO (BARMM),Basilan,Basilan,2015,4067.0,official_psa
coconut_young,Coconut Young,province,BANGSAMORO AUTONOMOUS REGION IN MUSLIM MINDANAO (BARMM),Basilan,Basilan,2016,3467.0,official_psa
coconut_young,Coconut Young,province,BANGSAMORO AUTONOMOUS REGION IN MUSLIM MINDANAO (BARMM),Basilan,Basilan,2017,1876.0,official_psa
coconut_young,Coconut Young,province,BANGSAMORO AUTONOMOUS REGION IN MUSLIM MINDANAO (BARMM),Basilan,Basilan,2018,1378.24,official_psa
coconut_young,Coconut Young,province,BANGSAMORO AUTONOMOUS REGION IN MUSLIM MINDANAO (BARMM),Basilan,Basilan,2019,1273.25,official_psa
coconut_young,Coconut Young,province,BANGSAMORO AUTONOMOUS REGION IN MUSLIM MINDANAO (BARMM),Basilan,Basilan,2020,1265.32,official_psa
coconut_young,Coconut Young,province,BANGSAMORO AUTONOMOUS REGION IN MUSLIM MINDANAO (BARMM),Basilan,Basilan,2021,1300.67,official_psa
coconut_young,Coconut Young,province,BANGSAMORO AUTONOMOUS REGION IN MUSLIM MINDANAO (BARMM),Basilan,Basilan,2022,1315.73,official_psa
coconut_young,Coconut Young,province,BANGSAMORO AUTONOMOUS REGION IN MUSLIM MINDANAO (BARMM),Basilan,Basilan,2023,1331.73,official_psa
coconut_young,Coconut Young,province,BANGSAMORO AUTONOMOUS REGION IN MUSLIM MINDANAO (BARMM),Basilan,Basilan,2024,921.1,official_psa
coconut_young,Coconut Young,province,BANGSAMORO AUTONOMOUS REGION IN MUSLIM MINDANAO (BARMM),Basilan,Basilan,2025,1151.45,official_psa
coconut_young,Coconut Young,province,BANGSAMORO AUTONOMOUS REGION IN MUSLIM MINDANAO (BARMM),Basilan,Basilan,2026,16.63,estimated_gap
coconut_young,Coconut Young,province,BANGSAMORO AUTONOMOUS REGION IN MUSLIM MINDANAO (BARMM),Lanao del Sur,Lanao del Sur,2010,480.4,official_psa
coconut_young,Coconut Young,province,BANGSAMORO AUTONOMOUS REGION IN MUSLIM MINDANAO (BARMM),Lanao del Sur,Lanao del Sur,2011,489.12,official_psa
coconut_young,Coconut Young,province,BANGSAMORO AUTONOMOUS REGION IN MUSLIM MINDANAO (BARMM),Lanao del Sur,Lanao del Sur,2012,492.05,official_psa
coconut_young,Coconut Young,province,BANGSAMORO AUTONOMOUS REGION IN MUSLIM MINDANAO (BARMM),Lanao del Sur,Lanao del Sur,2013,863.05,official_psa
coconut_young,Coconut Young,province,BANGSAMORO AUTONOMOUS REGION IN MUSLIM MINDANAO (BARMM),Lanao del Sur,Lanao del Sur,2014,813.74,official_psa
coconut_young,Coconut Young,province,BANGSAMORO AUTONOMOUS REGION IN MUSLIM MINDANAO (BARMM),Lanao del Sur,Lanao del Sur,2015,3347.39,official_psa
coconut_young,Coconut Young,province,BANGSAMORO AUTONOMOUS REGION IN MUSLIM MINDANAO (BARMM),Lanao del Sur,Lanao del Sur,2016,3410.77,official_psa
coconut_young,Coconut Young,province,BANGSAMORO AUTONOMOUS REGION IN MUSLIM MINDANAO (BARMM),Lanao del Sur,Lanao del Sur,2017,3414.63,official_psa
coconut_young,Coconut Young,province,BANGSAMORO AUTONOMOUS REGION IN MUSLIM MINDANAO (BARMM),Lanao del Sur,Lanao del Sur,2018,3729.8,official_psa
coconut_young,Coconut Young,province,BANGSAMORO AUTONOMOUS REGION IN MUSLIM MINDANAO (BARMM),Lanao del Sur,Lanao del Sur,2019,3756.4,official_psa
coconut_young,Coconut Young,province,BANGSAMORO AUTONOMOUS REGION IN MUSLIM MINDANAO (BARMM),Lanao del Sur,Lanao del Sur,2020,3770.5,official_psa
coconut_young,Coconut Young,province,BANGSAMORO AUTONOMOUS REGION IN MUSLIM MINDANAO (BARMM),Lanao del Sur,Lanao del Sur,2021,3766.3,official_psa
coconut_young,Coconut Young,province,BANGSAMORO AUTONOMOUS REGION IN MUSLIM MINDANAO (BARMM),Lanao del Sur,Lanao del Sur,2022,3769.62,official_psa
coconut_young,Coconut Young,province,BANGSAMORO AUTONOMOUS REGION IN MUSLIM MINDANAO (BARMM),Lanao del Sur,Lanao del Sur,2023,3818.67,official_psa
coconut_young,Coconut Young,province,BANGSAMORO AUTONOMOUS REGION IN MUSLIM MINDANAO (BARMM),Lanao del Sur,Lanao del Sur,2024,7742.36,official_psa
coconut_young,Coconut Young,province,BANGSAMORO AUTONOMOUS REGION IN MUSLIM MINDANAO (BARMM),Lanao del Sur,Lanao del Sur,2025,8270.63,official_psa
coconut_young,Coconut Young,province,BANGSAMORO AUTONOMOUS REGION IN MUSLIM MINDANAO (BARMM),Lanao del Sur,Lanao del Sur,2026,11581.04,estimated_gap
coconut_young,Coconut Young,province,BANGSAMORO AUTONOMOUS REGION IN MUSLIM MINDANAO (BARMM),Maguindanao,Maguindanao,2010,334.0,official_psa
coconut_young,Coconut Young,province,BANGSAMORO AUTONOMOUS REGION IN MUSLIM MINDANAO (BARMM),Maguindanao,Maguindanao,2011,397.0,official_psa
coconut_young,Coconut Young,province,BANGSAMORO AUTONOMOUS REGION IN MUSLIM MINDANAO (BARMM),Maguindanao,Maguindanao,2012,378.5,official_psa
coconut_young,Coconut Young,province,BANGSAMORO AUTONOMOUS REGION IN MUSLIM MINDANAO (BARMM),Maguindanao,Maguindanao,2013,358.85,official_psa
coconut_young,Coconut Young,province,BANGSAMORO AUTONOMOUS REGION IN MUSLIM MINDANAO (BARMM),Maguindanao,Maguindanao,2014,345.91,official_psa
coconut_young,Coconut Young,province,BANGSAMORO AUTONOMOUS REGION IN MUSLIM MINDANAO (BARMM),Maguindanao,Maguindanao,2015,361.58,official_psa
coconut_young,Coconut Young,province,BANGSAMORO AUTONOMOUS REGION IN MUSLIM MINDANAO (BARMM),Maguindanao,Maguindanao,2016,368.32,official_psa
coconut_young,Coconut Young,province,BANGSAMORO AUTONOMOUS REGION IN MUSLIM MINDANAO (BARMM),Maguindanao,Maguindanao,2017,356.31,official_psa
coconut_young,Coconut Young,province,BANGSAMORO AUTONOMOUS REGION IN MUSLIM MINDANAO (BARMM),Maguindanao,Maguindanao,2018,364.09,official_psa
coconut_young,Coconut Young,province,BANGSAMORO AUTONOMOUS REGION IN MUSLIM MINDANAO (BARMM),Maguindanao,Maguindanao,2019,371.85,official_psa
coconut_young,Coconut Young,province,BANGSAMORO AUTONOMOUS REGION IN MUSLIM MINDANAO (BARMM),Maguindanao,Maguindanao,2020,380.42,official_psa
coconut_young,Coconut Young,province,BANGSAMORO AUTONOMOUS REGION IN MUSLIM MINDANAO (BARMM),Maguindanao,Maguindanao,2021,385.45,official_psa
coconut_young,Coconut Young,province,BANGSAMORO AUTONOMOUS REGION IN MUSLIM MINDANAO (BARMM),Maguindanao,Maguindanao,2022,429.44,official_psa
coconut_young,Coconut Young,province,BANGSAMORO AUTONOMOUS REGION IN MUSLIM MINDANAO (BARMM),Maguindanao,Maguindanao,2023,415.72,official_psa
coconut_young,Coconut Young,province,BANGSAMORO AUTONOMOUS REGION IN MUSLIM MINDANAO (BARMM),Maguindanao,Maguindanao,2024,5972.64,official_psa
coconut_young,Coconut Young,province,BANGSAMORO AUTONOMOUS REGION IN MUSLIM MINDANAO (BARMM),Maguindanao,Maguindanao,2025,6868.54,estimated_gap
coconut_young,Coconut Young,province,BANGSAMORO AUTONOMOUS REGION IN MUSLIM MINDANAO (BARMM),Maguindanao,Maguindanao,2026,7898.82,estimated_gap
coconut_young,Coconut Young,province,BANGSAMORO AUTONOMOUS REGION IN MUSLIM MINDANAO (BARMM),Maguindanao del Norte,Maguindanao del Norte,2010,319.0,estimated_gap
coconut_young,Coconut Young,province,BANGSAMORO AUTONOMOUS REGION IN MUSLIM MINDANAO (BARMM),Maguindanao del Norte,Maguindanao del Norte,2011,319.0,estimated_gap
coconut_young,Coconut Young,province,BANGSAMORO AUTONOMOUS REGION IN MUSLIM MINDANAO (BARMM),Maguindanao del Norte,Maguindanao del Norte,2012,319.0,estimated_gap
coconut_young,Coconut Young,province,BANGSAMORO AUTONOMOUS REGION IN MUSLIM MINDANAO (BARMM),Maguindanao del Norte,Maguindanao del Norte,2013,319.0,estimated_gap
coconut_young,Coconut Young,province,BANGSAMORO AUTONOMOUS REGION IN MUSLIM MINDANAO (BARMM),Maguindanao del Norte,Maguindanao del Norte,2014,319.0,estimated_gap
coconut_young,Coconut Young,province,BANGSAMORO AUTONOMOUS REGION IN MUSLIM MINDANAO (BARMM),Maguindanao del Norte,Maguindanao del Norte,2015,319.0,estimated_gap
coconut_young,Coconut Young,province,BANGSAMORO AUTONOMOUS REGION IN MUSLIM MINDANAO (BARMM),Maguindanao del Norte,Maguindanao del Norte,2016,319.0,estimated_gap
coconut_young,Coconut Young,province,BANGSAMORO AUTONOMOUS REGION IN MUSLIM MINDANAO (BARMM),Maguindanao del Norte,Maguindanao del Norte,2017,319.0,estimated_gap
coconut_young,Coconut Young,province,BANGSAMORO AUTONOMOUS REGION IN MUSLIM MINDANAO (BARMM),Maguindanao del Norte,Maguindanao del Norte,2018,319.0,estimated_gap
coconut_young,Coconut Young,province,BANGSAMORO AUTONOMOUS REGION IN MUSLIM MINDANAO (BARMM),Maguindanao del Norte,Maguindanao del Norte,2019,319.0,estimated_gap
coconut_young,Coconut Young,province,BANGSAMORO AUTONOMOUS REGION IN MUSLIM MINDANAO (BARMM),Maguindanao del Norte,Maguindanao del Norte,2020,319.0,estimated_gap
coconut_young,Coconut Young,province,BANGSAMORO AUTONOMOUS REGION IN MUSLIM MINDANAO (BARMM),Maguindanao del Norte,Maguindanao del Norte,2021,319.0,estimated_gap
coconut_young,Coconut Young,province,BANGSAMORO AUTONOMOUS REGION IN MUSLIM MINDANAO (BARMM),Maguindanao del Norte,Maguindanao del Norte,2022,319.0,estimated_gap
coconut_young,Coconut Young,province,BANGSAMORO AUTONOMOUS REGION IN MUSLIM MINDANAO (BARMM),Maguindanao del Norte,Maguindanao del Norte,2023,319.0,estimated_gap
coconut_young,Coconut Young,province,BANGSAMORO AUTONOMOUS REGION IN MUSLIM MINDANAO (BARMM),Maguindanao del Norte,Maguindanao del Norte,2024,319.0,estimated_gap
coconut_young,Coconut Young,province,BANGSAMORO AUTONOMOUS REGION IN MUSLIM MINDANAO (BARMM),Maguindanao del Norte,Maguindanao del Norte,2025,319.0,official_psa
coconut_young,Coconut Young,province,BANGSAMORO AUTONOMOUS REGION IN MUSLIM MINDANAO (BARMM),Maguindanao del Norte,Maguindanao del Norte,2026,292.99,estimated_gap
coconut_young,Coconut Young,province,BANGSAMORO AUTONOMOUS REGION IN MUSLIM MINDANAO (BARMM),Maguindanao del Sur,Maguindanao del Sur,2010,7868.89,estimated_gap
coconut_young,Coconut Young,province,BANGSAMORO AUTONOMOUS REGION IN MUSLIM MINDANAO (BARMM),Maguindanao del Sur,Maguindanao del Sur,2011,7868.89,estimated_gap
coconut_young,Coconut Young,province,BANGSAMORO AUTONOMOUS REGION IN MUSLIM MINDANAO (BARMM),Maguindanao del Sur,Maguindanao del Sur,2012,7868.89,estimated_gap
coconut_young,Coconut Young,province,BANGSAMORO AUTONOMOUS REGION IN MUSLIM MINDANAO (BARMM),Maguindanao del Sur,Maguindanao del Sur,2013,7868.89,estimated_gap
coconut_young,Coconut Young,province,BANGSAMORO AUTONOMOUS REGION IN MUSLIM MINDANAO (BARMM),Maguindanao del Sur,Maguindanao del Sur,2014,7868.89,estimated_gap
coconut_young,Coconut Young,province,BANGSAMORO AUTONOMOUS REGION IN MUSLIM MINDANAO (BARMM),Maguindanao del Sur,Maguindanao del Sur,2015,7868.89,estimated_gap
coconut_young,Coconut Young,province,BANGSAMORO AUTONOMOUS REGION IN MUSLIM MINDANAO (BARMM),Maguindanao del Sur,Maguindanao del Sur,2016,7868.89,estimated_gap
coconut_young,Coconut Young,province,BANGSAMORO AUTONOMOUS REGION IN MUSLIM MINDANAO (BARMM),Maguindanao del Sur,Maguindanao del Sur,2017,7868.89,estimated_gap
coconut_young,Coconut Young,province,BANGSAMORO AUTONOMOUS REGION IN MUSLIM MINDANAO (BARMM),Maguindanao del Sur,Maguindanao del Sur,2018,7868.89,estimated_gap
coconut_young,Coconut Young,province,BANGSAMORO AUTONOMOUS REGION IN MUSLIM MINDANAO (BARMM),Maguindanao del Sur,Maguindanao del Sur,2019,7868.89,estimated_gap
coconut_young,Coconut Young,province,BANGSAMORO AUTONOMOUS REGION IN MUSLIM MINDANAO (BARMM),Maguindanao del Sur,Maguindanao del Sur,2020,7868.89,estimated_gap
coconut_young,Coconut Young,province,BANGSAMORO AUTONOMOUS REGION IN MUSLIM MINDANAO (BARMM),Maguindanao del Sur,Maguindanao del Sur,2021,7868.89,estimated_gap
coconut_young,Coconut Young,province,BANGSAMORO AUTONOMOUS REGION IN MUSLIM MINDANAO (BARMM),Maguindanao del Sur,Maguindanao del Sur,2022,7868.89,estimated_gap
coconut_young,Coconut Young,province,BANGSAMORO AUTONOMOUS REGION IN MUSLIM MINDANAO (BARMM),Maguindanao del Sur,Maguindanao del Sur,2023,7868.89,estimated_gap
coconut_young,Coconut Young,province,BANGSAMORO AUTONOMOUS REGION IN MUSLIM MINDANAO (BARMM),Maguindanao del Sur,Maguindanao del Sur,2024,7868.89,estimated_gap
coconut_young,Coconut Young,province,BANGSAMORO AUTONOMOUS REGION IN MUSLIM MINDANAO (BARMM),Maguindanao del Sur,Maguindanao del Sur,2025,7868.89,official_psa
coconut_young,Coconut Young,province,BANGSAMORO AUTONOMOUS REGION IN MUSLIM MINDANAO (BARMM),Maguindanao del Sur,Maguindanao del Sur,2026,1957.99,estimated_gap
coconut_young,Coconut Young,province,BANGSAMORO AUTONOMOUS REGION IN MUSLIM MINDANAO (BARMM),Sulu,Sulu,2010,138.5,official_psa
coconut_young,Coconut Young,province,BANGSAMORO AUTONOMOUS REGION IN MUSLIM MINDANAO (BARMM),Sulu,Sulu,2011,129.0,official_psa
coconut_young,Coconut Young,province,BANGSAMORO AUTONOMOUS REGION IN MUSLIM MINDANAO (BARMM),Sulu,Sulu,2012,154.7,official_psa
coconut_young,Coconut Young,province,BANGSAMORO AUTONOMOUS REGION IN MUSLIM MINDANAO (BARMM),Sulu,Sulu,2013,162.9,official_psa
coconut_young,Coconut Young,province,BANGSAMORO AUTONOMOUS REGION IN MUSLIM MINDANAO (BARMM),Sulu,Sulu,2014,165.0,official_psa
coconut_young,Coconut Young,province,BANGSAMORO AUTONOMOUS REGION IN MUSLIM MINDANAO (BARMM),Sulu,Sulu,2015,162.5,official_psa
coconut_young,Coconut Young,province,BANGSAMORO AUTONOMOUS REGION IN MUSLIM MINDANAO (BARMM),Sulu,Sulu,2016,155.7,official_psa
coconut_young,Coconut Young,province,BANGSAMORO AUTONOMOUS REGION IN MUSLIM MINDANAO (BARMM),Sulu,Sulu,2017,157.9,official_psa
coconut_young,Coconut Young,province,BANGSAMORO AUTONOMOUS REGION IN MUSLIM MINDANAO (BARMM),Sulu,Sulu,2018,161.0,official_psa
coconut_young,Coconut Young,province,BANGSAMORO AUTONOMOUS REGION IN MUSLIM MINDANAO (BARMM),Sulu,Sulu,2019,161.1,official_psa
coconut_young,Coconut Young,province,BANGSAMORO AUTONOMOUS REGION IN MUSLIM MINDANAO (BARMM),Sulu,Sulu,2020,164.0,official_psa
coconut_young,Coconut Young,province,BANGSAMORO AUTONOMOUS REGION IN MUSLIM MINDANAO (BARMM),Sulu,Sulu,2021,167.4,official_psa
coconut_young,Coconut Young,province,BANGSAMORO AUTONOMOUS REGION IN MUSLIM MINDANAO (BARMM),Sulu,Sulu,2022,170.02,official_psa
coconut_young,Coconut Young,province,BANGSAMORO AUTONOMOUS REGION IN MUSLIM MINDANAO (BARMM),Sulu,Sulu,2023,173.0,official_psa
coconut_young,Coconut Young,province,BANGSAMORO AUTONOMOUS REGION IN MUSLIM MINDANAO (BARMM),Sulu,Sulu,2024,171.0,official_psa
coconut_young,Coconut Young,province,BANGSAMORO AUTONOMOUS REGION IN MUSLIM MINDANAO (BARMM),Sulu,Sulu,2025,165.57,official_psa
coconut_young,Coconut Young,province,BANGSAMORO AUTONOMOUS REGION IN MUSLIM MINDANAO (BARMM),Sulu,Sulu,2026,171.8,estimated_gap
coconut_young,Coconut Young,province,BANGSAMORO AUTONOMOUS REGION IN MUSLIM MINDANAO (BARMM),Tawi-tawi,Tawi-tawi,2010,4091.75,official_psa
coconut_young,Coconut Young,province,BANGSAMORO AUTONOMOUS REGION IN MUSLIM MINDANAO (BARMM),Tawi-tawi,Tawi-tawi,2011,3997.0,official_psa
coconut_young,Coconut Young,province,BANGSAMORO AUTONOMOUS REGION IN MUSLIM MINDANAO (BARMM),Tawi-tawi,Tawi-tawi,2012,3486.0,official_psa
coconut_young,Coconut Young,province,BANGSAMORO AUTONOMOUS REGION IN MUSLIM MINDANAO (BARMM),Tawi-tawi,Tawi-tawi,2013,3285.0,official_psa
coconut_young,Coconut Young,province,BANGSAMORO AUTONOMOUS REGION IN MUSLIM MINDANAO (BARMM),Tawi-tawi,Tawi-tawi,2014,3283.0,official_psa
coconut_young,Coconut Young,province,BANGSAMORO AUTONOMOUS REGION IN MUSLIM MINDANAO (BARMM),Tawi-tawi,Tawi-tawi,2015,3185.0,official_psa
coconut_young,Coconut Young,province,BANGSAMORO AUTONOMOUS REGION IN MUSLIM MINDANAO (BARMM),Tawi-tawi,Tawi-tawi,2016,3455.0,official_psa
coconut_young,Coconut Young,province,BANGSAMORO AUTONOMOUS REGION IN MUSLIM MINDANAO (BARMM),Tawi-tawi,Tawi-tawi,2017,4322.0,official_psa
coconut_young,Coconut Young,province,BANGSAMORO AUTONOMOUS REGION IN MUSLIM MINDANAO (BARMM),Tawi-tawi,Tawi-tawi,2018,4670.0,official_psa
coconut_young,Coconut Young,province,BANGSAMORO AUTONOMOUS REGION IN MUSLIM MINDANAO (BARMM),Tawi-tawi,Tawi-tawi,2019,4931.0,official_psa
coconut_young,Coconut Young,province,BANGSAMORO AUTONOMOUS REGION IN MUSLIM MINDANAO (BARMM),Tawi-tawi,Tawi-tawi,2020,5598.0,official_psa
coconut_young,Coconut Young,province,BANGSAMORO AUTONOMOUS REGION IN MUSLIM MINDANAO (BARMM),Tawi-tawi,Tawi-tawi,2021,5875.0,official_psa
coconut_young,Coconut Young,province,BANGSAMORO AUTONOMOUS REGION IN MUSLIM MINDANAO (BARMM),Tawi-tawi,Tawi-tawi,2022,5685.0,official_psa
coconut_young,Coconut Young,province,BANGSAMORO AUTONOMOUS REGION IN MUSLIM MINDANAO (BARMM),Tawi-tawi,Tawi-tawi,2023,6049.0,official_psa
coconut_young,Coconut Young,province,BANGSAMORO AUTONOMOUS REGION IN MUSLIM MINDANAO (BARMM),Tawi-tawi,Tawi-tawi,2024,6150.0,official_psa
coconut_young,Coconut Young,province,BANGSAMORO AUTONOMOUS REGION IN MUSLIM MINDANAO (BARMM),Tawi-tawi,Tawi-tawi,2025,7215.0,official_psa
coconut_young,Coconut Young,province,BANGSAMORO AUTONOMOUS REGION IN MUSLIM MINDANAO (BARMM),Tawi-tawi,Tawi-tawi,2026,8032.41,estimated_gap
