location_id,latitude,longitude,elevation_m,scenario,period,month,precipitation_mm,mean_temperature_c,minimum_temperature_c,maximum_temperature_c,relative_humidity_percent,wind_speed_ms,consecutive_dry_days_index,heavy_rain_days,heat_stress_days,drought_tendency,coconut_climate_suitability,temperature_spread_c,precipitation_spread_fraction,data_source_type,generation_version
south_cotabato,6.334,124.952,150,ssp126,historical,1,122.95,25.3,21.1,30.3,79.459,2.245,0.1517,1.639,0.0,0.1517,0.6952,0.35,0.08,synthetic_reference_based,climate-demo-1.0
south_cotabato,6.334,124.952,150,ssp126,historical,2,90.927,25.5,21.3,30.5,76.819,2.391,0.1695,1.212,0.0,0.1695,0.6652,0.35,0.08,synthetic_reference_based,climate-demo-1.0
south_cotabato,6.334,124.952,150,ssp126,historical,3,99.259,26.1,21.9,31.1,75.985,2.445,0.1649,1.323,0.0,0.1649,0.7121,0.35,0.08,synthetic_reference_based,climate-demo-1.0
south_cotabato,6.334,124.952,150,ssp126,historical,4,106.82,26.7,22.5,31.7,76.136,2.391,0.1607,1.424,0.5,0.1607,0.7581,0.35,0.08,synthetic_reference_based,climate-demo-1.0
south_cotabato,6.334,124.952,150,ssp126,historical,5,167.065,26.8,22.6,31.8,80.341,2.245,0.1272,2.228,0.75,0.1272,0.843,0.35,0.08,synthetic_reference_based,climate-demo-1.0
south_cotabato,6.334,124.952,150,ssp126,historical,6,227.657,26.3,22.1,31.3,85.553,2.045,0.0935,3.035,0.0,0.0935,0.7861,0.35,0.08,synthetic_reference_based,climate-demo-1.0
south_cotabato,6.334,124.952,150,ssp126,historical,7,265.928,25.9,21.7,30.9,87.319,1.845,0.0723,3.546,0.0,0.0723,0.7204,0.35,0.08,synthetic_reference_based,climate-demo-1.0
south_cotabato,6.334,124.952,150,ssp126,historical,8,262.801,26.0,21.8,31.0,87.256,1.699,0.074,3.504,0.0,0.074,0.7298,0.35,0.08,synthetic_reference_based,climate-demo-1.0
south_cotabato,6.334,124.952,150,ssp126,historical,9,221.219,26.1,21.9,31.1,86.424,1.645,0.0971,2.95,0.0,0.0971,0.7811,0.35,0.08,synthetic_reference_based,climate-demo-1.0
south_cotabato,6.334,124.952,150,ssp126,historical,10,209.856,26.1,21.9,31.1,86.197,1.699,0.1034,2.798,0.0,0.1034,0.7935,0.35,0.08,synthetic_reference_based,climate-demo-1.0
south_cotabato,6.334,124.952,150,ssp126,historical,11,181.942,25.9,21.7,30.9,84.639,1.845,0.1189,2.426,0.0,0.1189,0.8085,0.35,0.08,synthetic_reference_based,climate-demo-1.0
south_cotabato,6.334,124.952,150,ssp126,historical,12,148.856,25.5,21.3,30.5,81.977,2.045,0.1373,1.985,0.0,0.1373,0.7412,0.35,0.08,synthetic_reference_based,climate-demo-1.0
south_cotabato,6.334,124.952,150,ssp126,2021-2040,1,122.411,25.536,21.336,30.536,79.246,2.245,0.1655,1.647,0.0,0.1655,0.706,0.462,0.11,synthetic_reference_based,climate-demo-1.0
south_cotabato,6.334,124.952,150,ssp126,2021-2040,2,90.528,25.736,21.536,30.736,76.608,2.391,0.1832,1.218,0.0,0.1832,0.6762,0.462,0.11,synthetic_reference_based,climate-demo-1.0
south_cotabato,6.334,124.952,150,ssp126,2021-2040,3,98.814,26.336,22.136,31.336,75.774,2.445,0.1786,1.329,0.266,0.1786,0.723,0.462,0.11,synthetic_reference_based,climate-demo-1.0
south_cotabato,6.334,124.952,150,ssp126,2021-2040,4,106.328,26.936,22.736,31.936,75.924,2.391,0.1744,1.43,1.766,0.1744,0.7689,0.462,0.11,synthetic_reference_based,climate-demo-1.0
south_cotabato,6.334,124.952,150,ssp126,2021-2040,5,166.291,27.036,22.836,32.036,80.123,2.245,0.1411,2.237,2.016,0.1411,0.8492,0.462,0.11,synthetic_reference_based,climate-demo-1.0
south_cotabato,6.334,124.952,150,ssp126,2021-2040,6,226.625,26.536,22.336,31.536,85.33,2.045,0.1076,3.049,0.766,0.1076,0.7987,0.462,0.11,synthetic_reference_based,climate-demo-1.0
south_cotabato,6.334,124.952,150,ssp126,2021-2040,7,264.755,26.136,21.936,31.136,87.093,1.845,0.0864,3.562,0.0,0.0864,0.7332,0.462,0.11,synthetic_reference_based,climate-demo-1.0
south_cotabato,6.334,124.952,150,ssp126,2021-2040,8,261.653,26.236,22.036,31.236,87.031,1.699,0.0881,3.52,0.016,0.0881,0.7426,0.462,0.11,synthetic_reference_based,climate-demo-1.0
south_cotabato,6.334,124.952,150,ssp126,2021-2040,9,220.234,26.336,22.136,31.336,86.202,1.645,0.1111,2.963,0.266,0.1111,0.7937,0.462,0.11,synthetic_reference_based,climate-demo-1.0
south_cotabato,6.334,124.952,150,ssp126,2021-2040,10,208.894,26.336,22.136,31.336,85.975,1.699,0.1174,2.81,0.266,0.1174,0.806,0.462,0.11,synthetic_reference_based,climate-demo-1.0
south_cotabato,6.334,124.952,150,ssp126,2021-2040,11,181.098,26.136,21.936,31.136,84.419,1.845,0.1329,2.436,0.0,0.1329,0.8189,0.462,0.11,synthetic_reference_based,climate-demo-1.0
south_cotabato,6.334,124.952,150,ssp126,2021-2040,12,148.176,25.736,21.536,30.736,81.761,2.045,0.1512,1.993,0.0,0.1512,0.7517,0.462,0.11,synthetic_reference_based,climate-demo-1.0
south_cotabato,6.334,124.952,150,ssp126,2041-2060,1,121.872,25.772,21.572,30.772,79.032,2.245,0.1793,1.654,0.0,0.1793,0.7167,0.575,0.14,synthetic_reference_based,climate-demo-1.0
south_cotabato,6.334,124.952,150,ssp126,2041-2060,2,90.13,25.972,21.772,30.972,76.398,2.391,0.1969,1.223,0.031,0.1969,0.6871,0.575,0.14,synthetic_reference_based,climate-demo-1.0
south_cotabato,6.334,124.952,150,ssp126,2041-2060,3,98.369,26.572,22.373,31.572,75.562,2.445,0.1924,1.335,1.531,0.1924,0.7339,0.575,0.14,synthetic_reference_based,climate-demo-1.0
south_cotabato,6.334,124.952,150,ssp126,2041-2060,4,105.836,27.173,22.973,32.172,75.712,2.391,0.1882,1.437,3.031,0.1882,0.759,0.575,0.14,synthetic_reference_based,climate-demo-1.0
south_cotabato,6.334,124.952,150,ssp126,2041-2060,5,165.518,27.272,23.072,32.272,79.905,2.245,0.155,2.247,3.281,0.155,0.8313,0.575,0.14,synthetic_reference_based,climate-demo-1.0
south_cotabato,6.334,124.952,150,ssp126,2041-2060,6,225.594,26.772,22.572,31.772,85.107,2.045,0.1217,3.062,2.031,0.1217,0.8113,0.575,0.14,synthetic_reference_based,climate-demo-1.0
south_cotabato,6.334,124.952,150,ssp126,2041-2060,7,263.583,26.373,22.173,31.373,86.867,1.845,0.1006,3.578,1.031,0.1006,0.7459,0.575,0.14,synthetic_reference_based,climate-demo-1.0
south_cotabato,6.334,124.952,150,ssp126,2041-2060,8,260.504,26.472,22.272,31.472,86.805,1.699,0.1023,3.536,1.281,0.1023,0.7553,0.575,0.14,synthetic_reference_based,climate-demo-1.0
south_cotabato,6.334,124.952,150,ssp126,2041-2060,9,219.249,26.572,22.373,31.572,85.98,1.645,0.1252,2.976,1.531,0.1252,0.8062,0.575,0.14,synthetic_reference_based,climate-demo-1.0
south_cotabato,6.334,124.952,150,ssp126,2041-2060,10,207.933,26.572,22.373,31.572,85.754,1.699,0.1315,2.822,1.531,0.1315,0.8185,0.575,0.14,synthetic_reference_based,climate-demo-1.0
south_cotabato,6.334,124.952,150,ssp126,2041-2060,11,180.254,26.373,22.173,31.373,84.2,1.845,0.1469,2.447,1.031,0.1469,0.8293,0.575,0.14,synthetic_reference_based,climate-demo-1.0
south_cotabato,6.334,124.952,150,ssp126,2041-2060,12,147.496,25.972,21.772,30.972,81.545,2.045,0.1651,2.002,0.031,0.1651,0.7623,0.575,0.14,synthetic_reference_based,climate-demo-1.0
south_cotabato,6.334,124.952,150,ssp126,2061-2080,1,121.332,26.009,21.809,31.009,78.819,2.245,0.1931,1.661,0.797,0.1931,0.7275,0.688,0.17,synthetic_reference_based,climate-demo-1.0
south_cotabato,6.334,124.952,150,ssp126,2061-2080,2,89.731,26.209,22.009,31.209,76.187,2.391,0.2106,1.229,1.297,0.2106,0.6981,0.688,0.17,synthetic_reference_based,climate-demo-1.0
south_cotabato,6.334,124.952,150,ssp126,2061-2080,3,97.923,26.809,22.609,31.809,75.351,2.445,0.2061,1.341,2.797,0.2061,0.7448,0.688,0.17,synthetic_reference_based,climate-demo-1.0
south_cotabato,6.334,124.952,150,ssp126,2061-2080,4,105.343,27.409,23.209,32.409,75.499,2.391,0.202,1.443,4.297,0.202,0.7415,0.688,0.17,synthetic_reference_based,climate-demo-1.0
south_cotabato,6.334,124.952,150,ssp126,2061-2080,5,164.744,27.509,23.309,32.509,79.687,2.245,0.169,2.256,4.547,0.169,0.8134,0.688,0.17,synthetic_reference_based,climate-demo-1.0
south_cotabato,6.334,124.952,150,ssp126,2061-2080,6,224.562,27.009,22.809,32.009,84.884,2.045,0.1357,3.075,3.297,0.1357,0.8229,0.688,0.17,synthetic_reference_based,climate-demo-1.0
south_cotabato,6.334,124.952,150,ssp126,2061-2080,7,262.411,26.609,22.409,31.609,86.641,1.845,0.1147,3.593,2.297,0.1147,0.7587,0.688,0.17,synthetic_reference_based,climate-demo-1.0
south_cotabato,6.334,124.952,150,ssp126,2061-2080,8,259.355,26.709,22.509,31.709,86.58,1.699,0.1164,3.551,2.547,0.1164,0.768,0.688,0.17,synthetic_reference_based,climate-demo-1.0
south_cotabato,6.334,124.952,150,ssp126,2061-2080,9,218.264,26.809,22.609,31.809,85.758,1.645,0.1392,2.989,2.797,0.1392,0.8188,0.688,0.17,synthetic_reference_based,climate-demo-1.0
south_cotabato,6.334,124.952,150,ssp126,2061-2080,10,206.972,26.809,22.609,31.809,85.532,1.699,0.1455,2.834,2.797,0.1455,0.8311,0.688,0.17,synthetic_reference_based,climate-demo-1.0
south_cotabato,6.334,124.952,150,ssp126,2061-2080,11,179.41,26.609,22.409,31.609,83.981,1.845,0.1608,2.457,2.297,0.1608,0.8397,0.688,0.17,synthetic_reference_based,climate-demo-1.0
south_cotabato,6.334,124.952,150,ssp126,2061-2080,12,146.816,26.209,22.009,31.209,81.329,2.045,0.1789,2.01,1.297,0.1789,0.7729,0.688,0.17,synthetic_reference_based,climate-demo-1.0
south_cotabato,6.334,124.952,150,ssp126,2081-2100,1,120.793,26.245,22.045,31.245,78.606,2.245,0.2069,1.669,2.063,0.2069,0.7383,0.8,0.2,synthetic_reference_based,climate-demo-1.0
south_cotabato,6.334,124.952,150,ssp126,2081-2100,2,89.333,26.445,22.245,31.445,75.977,2.391,0.2244,1.234,2.563,0.2244,0.709,0.8,0.2,synthetic_reference_based,climate-demo-1.0
south_cotabato,6.334,124.952,150,ssp126,2081-2100,3,97.478,27.045,22.845,32.045,75.14,2.445,0.2198,1.346,4.063,0.2198,0.7503,0.8,0.2,synthetic_reference_based,climate-demo-1.0
south_cotabato,6.334,124.952,150,ssp126,2081-2100,4,104.851,27.645,23.445,32.645,75.287,2.391,0.2157,1.448,5.563,0.2157,0.724,0.8,0.2,synthetic_reference_based,climate-demo-1.0
south_cotabato,6.334,124.952,150,ssp126,2081-2100,5,163.97,27.745,23.545,32.745,79.469,2.245,0.1829,2.265,5.813,0.1829,0.7955,0.8,0.2,synthetic_reference_based,climate-demo-1.0
south_cotabato,6.334,124.952,150,ssp126,2081-2100,6,223.53,27.245,23.045,32.245,84.661,2.045,0.1498,3.088,4.563,0.1498,0.8071,0.8,0.2,synthetic_reference_based,climate-demo-1.0
south_cotabato,6.334,124.952,150,ssp126,2081-2100,7,261.239,26.845,22.645,31.845,86.415,1.845,0.1289,3.609,3.563,0.1289,0.7714,0.8,0.2,synthetic_reference_based,climate-demo-1.0
south_cotabato,6.334,124.952,150,ssp126,2081-2100,8,258.206,26.945,22.745,31.945,86.354,1.699,0.1306,3.567,3.813,0.1306,0.7807,0.8,0.2,synthetic_reference_based,climate-demo-1.0
south_cotabato,6.334,124.952,150,ssp126,2081-2100,9,217.28,27.045,22.845,32.045,85.536,1.645,0.1533,3.001,4.063,0.1533,0.8259,0.8,0.2,synthetic_reference_based,climate-demo-1.0
south_cotabato,6.334,124.952,150,ssp126,2081-2100,10,206.011,27.045,22.845,32.045,85.31,1.699,0.1595,2.846,4.063,0.1595,0.8382,0.8,0.2,synthetic_reference_based,climate-demo-1.0
south_cotabato,6.334,124.952,150,ssp126,2081-2100,11,178.566,26.845,22.645,31.845,83.761,1.845,0.1748,2.467,3.563,0.1748,0.85,0.8,0.2,synthetic_reference_based,climate-demo-1.0
south_cotabato,6.334,124.952,150,ssp126,2081-2100,12,146.136,26.445,22.245,31.445,81.113,2.045,0.1928,2.019,2.563,0.1928,0.7835,0.8,0.2,synthetic_reference_based,climate-demo-1.0
south_cotabato,6.334,124.952,150,ssp245,historical,1,122.95,25.3,21.1,30.3,79.459,2.275,0.1517,1.639,0.0,0.1517,0.6952,0.35,0.08,synthetic_reference_based,climate-demo-1.0
south_cotabato,6.334,124.952,150,ssp245,historical,2,90.927,25.5,21.3,30.5,76.819,2.421,0.1695,1.212,0.0,0.1695,0.6652,0.35,0.08,synthetic_reference_based,climate-demo-1.0
south_cotabato,6.334,124.952,150,ssp245,historical,3,99.259,26.1,21.9,31.1,75.985,2.475,0.1649,1.323,0.0,0.1649,0.7121,0.35,0.08,synthetic_reference_based,climate-demo-1.0
south_cotabato,6.334,124.952,150,ssp245,historical,4,106.82,26.7,22.5,31.7,76.136,2.421,0.1607,1.424,0.5,0.1607,0.7581,0.35,0.08,synthetic_reference_based,climate-demo-1.0
south_cotabato,6.334,124.952,150,ssp245,historical,5,167.065,26.8,22.6,31.8,80.341,2.275,0.1272,2.228,0.75,0.1272,0.843,0.35,0.08,synthetic_reference_based,climate-demo-1.0
south_cotabato,6.334,124.952,150,ssp245,historical,6,227.657,26.3,22.1,31.3,85.553,2.075,0.0935,3.035,0.0,0.0935,0.7861,0.35,0.08,synthetic_reference_based,climate-demo-1.0
south_cotabato,6.334,124.952,150,ssp245,historical,7,265.928,25.9,21.7,30.9,87.319,1.875,0.0723,3.546,0.0,0.0723,0.7204,0.35,0.08,synthetic_reference_based,climate-demo-1.0
south_cotabato,6.334,124.952,150,ssp245,historical,8,262.801,26.0,21.8,31.0,87.256,1.729,0.074,3.504,0.0,0.074,0.7298,0.35,0.08,synthetic_reference_based,climate-demo-1.0
south_cotabato,6.334,124.952,150,ssp245,historical,9,221.219,26.1,21.9,31.1,86.424,1.675,0.0971,2.95,0.0,0.0971,0.7811,0.35,0.08,synthetic_reference_based,climate-demo-1.0
south_cotabato,6.334,124.952,150,ssp245,historical,10,209.856,26.1,21.9,31.1,86.197,1.729,0.1034,2.798,0.0,0.1034,0.7935,0.35,0.08,synthetic_reference_based,climate-demo-1.0
south_cotabato,6.334,124.952,150,ssp245,historical,11,181.942,25.9,21.7,30.9,84.639,1.875,0.1189,2.426,0.0,0.1189,0.8085,0.35,0.08,synthetic_reference_based,climate-demo-1.0
south_cotabato,6.334,124.952,150,ssp245,historical,12,148.856,25.5,21.3,30.5,81.977,2.075,0.1373,1.985,0.0,0.1373,0.7412,0.35,0.08,synthetic_reference_based,climate-demo-1.0
south_cotabato,6.334,124.952,150,ssp245,2021-2040,1,122.051,25.694,21.494,30.694,79.104,2.275,0.1747,1.652,0.0,0.1747,0.7131,0.462,0.11,synthetic_reference_based,climate-demo-1.0
south_cotabato,6.334,124.952,150,ssp245,2021-2040,2,90.263,25.894,21.694,30.894,76.468,2.421,0.1924,1.222,0.0,0.1924,0.6835,0.462,0.11,synthetic_reference_based,climate-demo-1.0
south_cotabato,6.334,124.952,150,ssp245,2021-2040,3,98.517,26.494,22.294,31.494,75.633,2.475,0.1878,1.333,1.109,0.1878,0.7303,0.462,0.11,synthetic_reference_based,climate-demo-1.0
south_cotabato,6.334,124.952,150,ssp245,2021-2040,4,106.0,27.094,22.894,32.094,75.782,2.421,0.1836,1.435,2.609,0.1836,0.7649,0.462,0.11,synthetic_reference_based,climate-demo-1.0
south_cotabato,6.334,124.952,150,ssp245,2021-2040,5,165.776,27.194,22.994,32.194,79.978,2.275,0.1504,2.243,2.859,0.1504,0.8372,0.462,0.11,synthetic_reference_based,climate-demo-1.0
south_cotabato,6.334,124.952,150,ssp245,2021-2040,6,225.937,26.694,22.494,31.694,85.181,2.075,0.117,3.058,1.609,0.117,0.8071,0.462,0.11,synthetic_reference_based,climate-demo-1.0
south_cotabato,6.334,124.952,150,ssp245,2021-2040,7,263.974,26.294,22.094,31.294,86.942,1.875,0.0958,3.572,0.609,0.0958,0.7417,0.462,0.11,synthetic_reference_based,climate-demo-1.0
south_cotabato,6.334,124.952,150,ssp245,2021-2040,8,260.887,26.394,22.194,31.394,86.88,1.729,0.0976,3.531,0.859,0.0976,0.751,0.462,0.11,synthetic_reference_based,climate-demo-1.0
south_cotabato,6.334,124.952,150,ssp245,2021-2040,9,219.577,26.494,22.294,31.494,86.054,1.675,0.1205,2.972,1.109,0.1205,0.802,0.462,0.11,synthetic_reference_based,climate-demo-1.0
south_cotabato,6.334,124.952,150,ssp245,2021-2040,10,208.253,26.494,22.294,31.494,85.828,1.729,0.1268,2.818,1.109,0.1268,0.8144,0.462,0.11,synthetic_reference_based,climate-demo-1.0
south_cotabato,6.334,124.952,150,ssp245,2021-2040,11,180.535,26.294,22.094,31.294,84.273,1.875,0.1422,2.443,0.609,0.1422,0.8258,0.462,0.11,synthetic_reference_based,climate-demo-1.0
south_cotabato,6.334,124.952,150,ssp245,2021-2040,12,147.722,25.894,21.694,30.894,81.617,2.075,0.1604,1.999,0.0,0.1604,0.7588,0.462,0.11,synthetic_reference_based,climate-demo-1.0
south_cotabato,6.334,124.952,150,ssp245,2041-2060,1,121.153,26.088,21.888,31.088,78.748,2.275,0.1977,1.664,1.219,0.1977,0.7311,0.575,0.14,synthetic_reference_based,climate-demo-1.0
south_cotabato,6.334,124.952,150,ssp245,2041-2060,2,89.598,26.288,22.088,31.288,76.117,2.421,0.2152,1.23,1.719,0.2152,0.7017,0.575,0.14,synthetic_reference_based,climate-demo-1.0
south_cotabato,6.334,124.952,150,ssp245,2041-2060,3,97.775,26.888,22.688,31.888,75.28,2.475,0.2107,1.343,3.219,0.2107,0.7484,0.575,0.14,synthetic_reference_based,climate-demo-1.0
south_cotabato,6.334,124.952,150,ssp245,2041-2060,4,105.179,27.488,23.288,32.488,75.429,2.421,0.2066,1.444,4.719,0.2066,0.7357,0.575,0.14,synthetic_reference_based,climate-demo-1.0
south_cotabato,6.334,124.952,150,ssp245,2041-2060,5,164.486,27.588,23.388,32.588,79.615,2.275,0.1736,2.259,4.969,0.1736,0.8074,0.575,0.14,synthetic_reference_based,climate-demo-1.0
south_cotabato,6.334,124.952,150,ssp245,2041-2060,6,224.218,27.088,22.888,32.088,84.809,2.075,0.1404,3.079,3.719,0.1404,0.8176,0.575,0.14,synthetic_reference_based,climate-demo-1.0
south_cotabato,6.334,124.952,150,ssp245,2041-2060,7,262.02,26.688,22.488,31.688,86.565,1.875,0.1194,3.598,2.719,0.1194,0.7629,0.575,0.14,synthetic_reference_based,climate-demo-1.0
south_cotabato,6.334,124.952,150,ssp245,2041-2060,8,258.972,26.788,22.588,31.788,86.504,1.729,0.1211,3.557,2.969,0.1211,0.7723,0.575,0.14,synthetic_reference_based,climate-demo-1.0
south_cotabato,6.334,124.952,150,ssp245,2041-2060,9,217.936,26.888,22.688,31.888,85.684,1.675,0.1439,2.993,3.219,0.1439,0.8229,0.575,0.14,synthetic_reference_based,climate-demo-1.0
south_cotabato,6.334,124.952,150,ssp245,2041-2060,10,206.651,26.888,22.688,31.888,85.458,1.729,0.1502,2.838,3.219,0.1502,0.8352,0.575,0.14,synthetic_reference_based,climate-demo-1.0
south_cotabato,6.334,124.952,150,ssp245,2041-2060,11,179.129,26.688,22.488,31.688,83.908,1.875,0.1655,2.46,2.719,0.1655,0.8431,0.575,0.14,synthetic_reference_based,climate-demo-1.0
south_cotabato,6.334,124.952,150,ssp245,2041-2060,12,146.589,26.288,22.088,31.288,81.257,2.075,0.1836,2.013,1.719,0.1836,0.7764,0.575,0.14,synthetic_reference_based,climate-demo-1.0
south_cotabato,6.334,124.952,150,ssp245,2061-2080,1,120.254,26.481,22.281,31.481,78.393,2.275,0.2207,1.676,3.328,0.2207,0.749,0.688,0.17,synthetic_reference_based,climate-demo-1.0
south_cotabato,6.334,124.952,150,ssp245,2061-2080,2,88.934,26.681,22.481,31.681,75.766,2.421,0.2381,1.239,3.828,0.2381,0.72,0.688,0.17,synthetic_reference_based,climate-demo-1.0
south_cotabato,6.334,124.952,150,ssp245,2061-2080,3,97.032,27.281,23.081,32.281,74.928,2.475,0.2336,1.352,5.328,0.2336,0.7328,0.688,0.17,synthetic_reference_based,climate-demo-1.0
south_cotabato,6.334,124.952,150,ssp245,2061-2080,4,104.359,27.881,23.681,32.881,75.075,2.421,0.2295,1.454,6.828,0.2295,0.7065,0.688,0.17,synthetic_reference_based,climate-demo-1.0
south_cotabato,6.334,124.952,150,ssp245,2061-2080,5,163.197,27.981,23.781,32.981,79.251,2.275,0.1968,2.274,7.078,0.1968,0.7776,0.688,0.17,synthetic_reference_based,climate-demo-1.0
south_cotabato,6.334,124.952,150,ssp245,2061-2080,6,222.499,27.481,23.281,32.481,84.437,2.075,0.1639,3.1,5.828,0.1639,0.7913,0.688,0.17,synthetic_reference_based,climate-demo-1.0
south_cotabato,6.334,124.952,150,ssp245,2061-2080,7,260.066,27.081,22.881,32.081,86.189,1.875,0.143,3.624,4.828,0.143,0.7744,0.688,0.17,synthetic_reference_based,climate-demo-1.0
south_cotabato,6.334,124.952,150,ssp245,2061-2080,8,257.057,27.181,22.981,32.181,86.129,1.729,0.1447,3.582,5.078,0.1447,0.7717,0.688,0.17,synthetic_reference_based,climate-demo-1.0
south_cotabato,6.334,124.952,150,ssp245,2061-2080,9,216.295,27.281,23.081,32.281,85.313,1.675,0.1673,3.014,5.328,0.1673,0.8101,0.688,0.17,synthetic_reference_based,climate-demo-1.0
south_cotabato,6.334,124.952,150,ssp245,2061-2080,10,205.049,27.281,23.081,32.281,85.088,1.729,0.1736,2.857,5.328,0.1736,0.8223,0.688,0.17,synthetic_reference_based,climate-demo-1.0
south_cotabato,6.334,124.952,150,ssp245,2061-2080,11,177.722,27.081,22.881,32.081,83.542,1.875,0.1888,2.476,4.828,0.1888,0.8506,0.688,0.17,synthetic_reference_based,climate-demo-1.0
south_cotabato,6.334,124.952,150,ssp245,2061-2080,12,145.456,26.681,22.481,31.681,80.897,2.075,0.2067,2.027,3.828,0.2067,0.7941,0.688,0.17,synthetic_reference_based,climate-demo-1.0
south_cotabato,6.334,124.952,150,ssp245,2081-2100,1,119.355,26.875,22.675,31.875,78.037,2.275,0.2437,1.687,5.438,0.2437,0.767,0.8,0.2,synthetic_reference_based,climate-demo-1.0
south_cotabato,6.334,124.952,150,ssp245,2081-2100,2,88.27,27.075,22.875,32.075,75.415,2.421,0.261,1.248,5.937,0.261,0.7292,0.8,0.2,synthetic_reference_based,climate-demo-1.0
south_cotabato,6.334,124.952,150,ssp245,2081-2100,3,96.29,27.675,23.475,32.675,74.576,2.475,0.2565,1.361,7.438,0.2565,0.7037,0.8,0.2,synthetic_reference_based,climate-demo-1.0
south_cotabato,6.334,124.952,150,ssp245,2081-2100,4,103.538,28.275,24.075,33.275,74.721,2.421,0.2525,1.463,8.938,0.2525,0.6772,0.8,0.2,synthetic_reference_based,climate-demo-1.0
south_cotabato,6.334,124.952,150,ssp245,2081-2100,5,161.907,28.375,24.175,33.375,78.888,2.275,0.2201,2.288,9.188,0.2201,0.7478,0.8,0.2,synthetic_reference_based,climate-demo-1.0
south_cotabato,6.334,124.952,150,ssp245,2081-2100,6,220.78,27.875,23.675,32.875,84.066,2.075,0.1873,3.12,7.938,0.1873,0.7651,0.8,0.2,synthetic_reference_based,climate-demo-1.0
south_cotabato,6.334,124.952,150,ssp245,2081-2100,7,258.112,27.475,23.275,32.475,85.812,1.875,0.1666,3.648,6.938,0.1666,0.7484,0.8,0.2,synthetic_reference_based,climate-demo-1.0
south_cotabato,6.334,124.952,150,ssp245,2081-2100,8,255.143,27.575,23.375,32.575,85.753,1.729,0.1683,3.606,7.187,0.1683,0.7457,0.8,0.2,synthetic_reference_based,climate-demo-1.0
south_cotabato,6.334,124.952,150,ssp245,2081-2100,9,214.654,27.675,23.475,32.675,84.943,1.675,0.1907,3.034,7.438,0.1907,0.7838,0.8,0.2,synthetic_reference_based,climate-demo-1.0
south_cotabato,6.334,124.952,150,ssp245,2081-2100,10,203.447,27.675,23.475,32.675,84.719,1.729,0.197,2.875,7.438,0.197,0.796,0.8,0.2,synthetic_reference_based,climate-demo-1.0
south_cotabato,6.334,124.952,150,ssp245,2081-2100,11,176.315,27.475,23.275,32.475,83.176,1.875,0.212,2.492,6.938,0.212,0.8207,0.8,0.2,synthetic_reference_based,climate-demo-1.0
south_cotabato,6.334,124.952,150,ssp245,2081-2100,12,144.323,27.075,22.875,32.075,80.536,2.075,0.2298,2.04,5.937,0.2298,0.8027,0.8,0.2,synthetic_reference_based,climate-demo-1.0
south_cotabato,6.334,124.952,150,ssp370,historical,1,122.95,25.3,21.1,30.3,79.459,2.305,0.1517,1.639,0.0,0.1517,0.6952,0.35,0.08,synthetic_reference_based,climate-demo-1.0
south_cotabato,6.334,124.952,150,ssp370,historical,2,90.927,25.5,21.3,30.5,76.819,2.451,0.1695,1.212,0.0,0.1695,0.6652,0.35,0.08,synthetic_reference_based,climate-demo-1.0
south_cotabato,6.334,124.952,150,ssp370,historical,3,99.259,26.1,21.9,31.1,75.985,2.505,0.1649,1.323,0.0,0.1649,0.7121,0.35,0.08,synthetic_reference_based,climate-demo-1.0
south_cotabato,6.334,124.952,150,ssp370,historical,4,106.82,26.7,22.5,31.7,76.136,2.451,0.1607,1.424,0.5,0.1607,0.7581,0.35,0.08,synthetic_reference_based,climate-demo-1.0
south_cotabato,6.334,124.952,150,ssp370,historical,5,167.065,26.8,22.6,31.8,80.341,2.305,0.1272,2.228,0.75,0.1272,0.843,0.35,0.08,synthetic_reference_based,climate-demo-1.0
south_cotabato,6.334,124.952,150,ssp370,historical,6,227.657,26.3,22.1,31.3,85.553,2.105,0.0935,3.035,0.0,0.0935,0.7861,0.35,0.08,synthetic_reference_based,climate-demo-1.0
south_cotabato,6.334,124.952,150,ssp370,historical,7,265.928,25.9,21.7,30.9,87.319,1.905,0.0723,3.546,0.0,0.0723,0.7204,0.35,0.08,synthetic_reference_based,climate-demo-1.0
south_cotabato,6.334,124.952,150,ssp370,historical,8,262.801,26.0,21.8,31.0,87.256,1.759,0.074,3.504,0.0,0.074,0.7298,0.35,0.08,synthetic_reference_based,climate-demo-1.0
south_cotabato,6.334,124.952,150,ssp370,historical,9,221.219,26.1,21.9,31.1,86.424,1.705,0.0971,2.95,0.0,0.0971,0.7811,0.35,0.08,synthetic_reference_based,climate-demo-1.0
south_cotabato,6.334,124.952,150,ssp370,historical,10,209.856,26.1,21.9,31.1,86.197,1.759,0.1034,2.798,0.0,0.1034,0.7935,0.35,0.08,synthetic_reference_based,climate-demo-1.0
south_cotabato,6.334,124.952,150,ssp370,historical,11,181.942,25.9,21.7,30.9,84.639,1.905,0.1189,2.426,0.0,0.1189,0.8085,0.35,0.08,synthetic_reference_based,climate-demo-1.0
south_cotabato,6.334,124.952,150,ssp370,historical,12,148.856,25.5,21.3,30.5,81.977,2.105,0.1373,1.985,0.0,0.1373,0.7412,0.35,0.08,synthetic_reference_based,climate-demo-1.0
south_cotabato,6.334,124.952,150,ssp370,2021-2040,1,121.692,25.851,21.651,30.851,78.961,2.305,0.1839,1.657,0.0,0.1839,0.7203,0.462,0.11,synthetic_reference_based,climate-demo-1.0
south_cotabato,6.334,124.952,150,ssp370,2021-2040,2,89.997,26.051,21.851,31.051,76.327,2.451,0.2015,1.225,0.453,0.2015,0.6908,0.462,0.11,synthetic_reference_based,climate-demo-1.0
south_cotabato,6.334,124.952,150,ssp370,2021-2040,3,98.22,26.651,22.451,31.651,75.492,2.505,0.1969,1.337,1.953,0.1969,0.7376,0.462,0.11,synthetic_reference_based,climate-demo-1.0
south_cotabato,6.334,124.952,150,ssp370,2021-2040,4,105.672,27.251,23.051,32.251,75.641,2.451,0.1928,1.439,3.453,0.1928,0.7532,0.462,0.11,synthetic_reference_based,climate-demo-1.0
south_cotabato,6.334,124.952,150,ssp370,2021-2040,5,165.26,27.351,23.151,32.351,79.833,2.305,0.1597,2.25,3.703,0.1597,0.8253,0.462,0.11,synthetic_reference_based,climate-demo-1.0
south_cotabato,6.334,124.952,150,ssp370,2021-2040,6,225.25,26.851,22.651,31.851,85.032,2.105,0.1264,3.066,2.453,0.1264,0.8155,0.462,0.11,synthetic_reference_based,climate-demo-1.0
south_cotabato,6.334,124.952,150,ssp370,2021-2040,7,263.192,26.451,22.251,31.451,86.791,1.905,0.1053,3.583,1.453,0.1053,0.7502,0.462,0.11,synthetic_reference_based,climate-demo-1.0
south_cotabato,6.334,124.952,150,ssp370,2021-2040,8,260.121,26.551,22.351,31.551,86.73,1.759,0.107,3.541,1.703,0.107,0.7595,0.462,0.11,synthetic_reference_based,climate-demo-1.0
south_cotabato,6.334,124.952,150,ssp370,2021-2040,9,218.921,26.651,22.451,31.651,85.906,1.705,0.1299,2.98,1.953,0.1299,0.8104,0.462,0.11,synthetic_reference_based,climate-demo-1.0
south_cotabato,6.334,124.952,150,ssp370,2021-2040,10,207.613,26.651,22.451,31.651,85.68,1.759,0.1362,2.826,1.953,0.1362,0.8227,0.462,0.11,synthetic_reference_based,climate-demo-1.0
south_cotabato,6.334,124.952,150,ssp370,2021-2040,11,179.973,26.451,22.251,31.451,84.127,1.905,0.1515,2.45,1.453,0.1515,0.8327,0.462,0.11,synthetic_reference_based,climate-demo-1.0
south_cotabato,6.334,124.952,150,ssp370,2021-2040,12,147.269,26.051,21.851,31.051,81.473,2.105,0.1697,2.005,0.453,0.1697,0.7659,0.462,0.11,synthetic_reference_based,climate-demo-1.0
south_cotabato,6.334,124.952,150,ssp370,2041-2060,1,120.434,26.402,22.202,31.402,78.464,2.305,0.2161,1.673,2.906,0.2161,0.7455,0.575,0.14,synthetic_reference_based,climate-demo-1.0
south_cotabato,6.334,124.952,150,ssp370,2041-2060,2,89.067,26.602,22.402,31.602,75.836,2.451,0.2335,1.237,3.406,0.2335,0.7163,0.575,0.14,synthetic_reference_based,climate-demo-1.0
south_cotabato,6.334,124.952,150,ssp370,2041-2060,3,97.181,27.202,23.002,32.202,74.999,2.505,0.229,1.35,4.906,0.229,0.7387,0.575,0.14,synthetic_reference_based,climate-demo-1.0
south_cotabato,6.334,124.952,150,ssp370,2041-2060,4,104.523,27.803,23.603,32.802,75.145,2.451,0.2249,1.452,6.406,0.2249,0.7123,0.575,0.14,synthetic_reference_based,climate-demo-1.0
south_cotabato,6.334,124.952,150,ssp370,2041-2060,5,163.454,27.902,23.702,32.902,79.324,2.305,0.1922,2.271,6.656,0.1922,0.7836,0.575,0.14,synthetic_reference_based,climate-demo-1.0
south_cotabato,6.334,124.952,150,ssp370,2041-2060,6,222.843,27.402,23.202,32.403,84.512,2.105,0.1592,3.096,5.406,0.1592,0.7966,0.575,0.14,synthetic_reference_based,climate-demo-1.0
south_cotabato,6.334,124.952,150,ssp370,2041-2060,7,260.457,27.002,22.803,32.002,86.264,1.905,0.1383,3.619,4.406,0.1383,0.7796,0.575,0.14,synthetic_reference_based,climate-demo-1.0
south_cotabato,6.334,124.952,150,ssp370,2041-2060,8,257.44,27.102,22.902,32.102,86.204,1.759,0.14,3.577,4.656,0.14,0.7769,0.575,0.14,synthetic_reference_based,climate-demo-1.0
south_cotabato,6.334,124.952,150,ssp370,2041-2060,9,216.623,27.202,23.002,32.202,85.387,1.705,0.1627,3.01,4.906,0.1627,0.8154,0.575,0.14,synthetic_reference_based,climate-demo-1.0
south_cotabato,6.334,124.952,150,ssp370,2041-2060,10,205.37,27.202,23.002,32.202,85.162,1.759,0.1689,2.853,4.906,0.1689,0.8276,0.575,0.14,synthetic_reference_based,climate-demo-1.0
south_cotabato,6.334,124.952,150,ssp370,2041-2060,11,178.003,27.002,22.803,32.002,83.615,1.905,0.1841,2.473,4.406,0.1841,0.8566,0.575,0.14,synthetic_reference_based,climate-demo-1.0
south_cotabato,6.334,124.952,150,ssp370,2041-2060,12,145.683,26.602,22.402,31.602,80.969,2.105,0.2021,2.024,3.406,0.2021,0.7906,0.575,0.14,synthetic_reference_based,climate-demo-1.0
south_cotabato,6.334,124.952,150,ssp370,2061-2080,1,119.175,26.954,22.754,31.954,77.966,2.305,0.2483,1.689,5.859,0.2483,0.7706,0.688,0.17,synthetic_reference_based,climate-demo-1.0
south_cotabato,6.334,124.952,150,ssp370,2061-2080,2,88.137,27.154,22.954,32.154,75.345,2.451,0.2655,1.249,6.359,0.2655,0.7234,0.688,0.17,synthetic_reference_based,climate-demo-1.0
south_cotabato,6.334,124.952,150,ssp370,2061-2080,3,96.141,27.754,23.554,32.754,74.505,2.505,0.2611,1.363,7.859,0.2611,0.6979,0.688,0.17,synthetic_reference_based,climate-demo-1.0
south_cotabato,6.334,124.952,150,ssp370,2061-2080,4,103.374,28.354,24.154,33.354,74.65,2.451,0.2571,1.465,9.359,0.2571,0.6714,0.688,0.17,synthetic_reference_based,climate-demo-1.0
south_cotabato,6.334,124.952,150,ssp370,2061-2080,5,161.649,28.454,24.254,33.454,78.815,2.305,0.2247,2.291,9.609,0.2247,0.7418,0.688,0.17,synthetic_reference_based,climate-demo-1.0
south_cotabato,6.334,124.952,150,ssp370,2061-2080,6,220.436,27.954,23.754,32.954,83.991,2.105,0.192,3.124,8.359,0.192,0.7598,0.688,0.17,synthetic_reference_based,climate-demo-1.0
south_cotabato,6.334,124.952,150,ssp370,2061-2080,7,257.722,27.554,23.354,32.554,85.737,1.905,0.1713,3.653,7.359,0.1713,0.7432,0.688,0.17,synthetic_reference_based,climate-demo-1.0
south_cotabato,6.334,124.952,150,ssp370,2061-2080,8,254.76,27.654,23.454,32.654,85.678,1.759,0.173,3.611,7.609,0.173,0.7405,0.688,0.17,synthetic_reference_based,climate-demo-1.0
south_cotabato,6.334,124.952,150,ssp370,2061-2080,9,214.326,27.754,23.554,32.754,84.869,1.705,0.1954,3.038,7.859,0.1954,0.7785,0.688,0.17,synthetic_reference_based,climate-demo-1.0
south_cotabato,6.334,124.952,150,ssp370,2061-2080,10,203.127,27.754,23.554,32.754,84.645,1.759,0.2017,2.879,7.859,0.2017,0.7907,0.688,0.17,synthetic_reference_based,climate-demo-1.0
south_cotabato,6.334,124.952,150,ssp370,2061-2080,11,176.034,27.554,23.354,32.554,83.103,1.905,0.2167,2.495,7.359,0.2167,0.8147,0.688,0.17,synthetic_reference_based,climate-demo-1.0
south_cotabato,6.334,124.952,150,ssp370,2061-2080,12,144.096,27.154,22.954,32.154,80.464,2.105,0.2344,2.042,6.359,0.2344,0.7968,0.688,0.17,synthetic_reference_based,climate-demo-1.0
south_cotabato,6.334,124.952,150,ssp370,2081-2100,1,117.917,27.505,23.305,32.505,77.468,2.305,0.2805,1.704,8.813,0.2805,0.7351,0.8,0.2,synthetic_reference_based,climate-demo-1.0
south_cotabato,6.334,124.952,150,ssp370,2081-2100,2,87.207,27.705,23.505,32.705,74.854,2.451,0.2976,1.26,9.312,0.2976,0.6828,0.8,0.2,synthetic_reference_based,climate-demo-1.0
south_cotabato,6.334,124.952,150,ssp370,2081-2100,3,95.102,28.305,24.105,33.305,74.012,2.505,0.2932,1.375,10.812,0.2932,0.6572,0.8,0.2,synthetic_reference_based,climate-demo-1.0
south_cotabato,6.334,124.952,150,ssp370,2081-2100,4,102.225,28.905,24.705,33.905,74.155,2.451,0.2892,1.477,12.313,0.2892,0.6305,0.8,0.2,synthetic_reference_based,climate-demo-1.0
south_cotabato,6.334,124.952,150,ssp370,2081-2100,5,159.844,29.005,24.805,34.005,78.307,2.305,0.2572,2.31,12.563,0.2572,0.7001,0.8,0.2,synthetic_reference_based,climate-demo-1.0
south_cotabato,6.334,124.952,150,ssp370,2081-2100,6,218.029,28.505,24.305,33.505,83.471,2.105,0.2249,3.151,11.313,0.2249,0.7231,0.8,0.2,synthetic_reference_based,climate-demo-1.0
south_cotabato,6.334,124.952,150,ssp370,2081-2100,7,254.986,28.105,23.905,33.105,85.21,1.905,0.2043,3.685,10.313,0.2043,0.7068,0.8,0.2,synthetic_reference_based,climate-demo-1.0
south_cotabato,6.334,124.952,150,ssp370,2081-2100,8,252.079,28.205,24.005,33.205,85.152,1.759,0.206,3.643,10.562,0.206,0.704,0.8,0.2,synthetic_reference_based,climate-demo-1.0
south_cotabato,6.334,124.952,150,ssp370,2081-2100,9,212.028,28.305,24.105,33.305,84.351,1.705,0.2282,3.065,10.812,0.2282,0.7416,0.8,0.2,synthetic_reference_based,climate-demo-1.0
south_cotabato,6.334,124.952,150,ssp370,2081-2100,10,200.884,28.305,24.105,33.305,84.128,1.759,0.2344,2.903,10.812,0.2344,0.7538,0.8,0.2,synthetic_reference_based,climate-demo-1.0
south_cotabato,6.334,124.952,150,ssp370,2081-2100,11,174.065,28.105,23.905,33.105,82.591,1.905,0.2493,2.516,10.313,0.2493,0.7727,0.8,0.2,synthetic_reference_based,climate-demo-1.0
south_cotabato,6.334,124.952,150,ssp370,2081-2100,12,142.51,27.705,23.505,32.705,79.96,2.105,0.2668,2.06,9.312,0.2668,0.7553,0.8,0.2,synthetic_reference_based,climate-demo-1.0
south_cotabato,6.334,124.952,150,ssp585,historical,1,122.95,25.3,21.1,30.3,79.459,2.335,0.1517,1.639,0.0,0.1517,0.6952,0.35,0.08,synthetic_reference_based,climate-demo-1.0
south_cotabato,6.334,124.952,150,ssp585,historical,2,90.927,25.5,21.3,30.5,76.819,2.481,0.1695,1.212,0.0,0.1695,0.6652,0.35,0.08,synthetic_reference_based,climate-demo-1.0
south_cotabato,6.334,124.952,150,ssp585,historical,3,99.259,26.1,21.9,31.1,75.985,2.535,0.1649,1.323,0.0,0.1649,0.7121,0.35,0.08,synthetic_reference_based,climate-demo-1.0
south_cotabato,6.334,124.952,150,ssp585,historical,4,106.82,26.7,22.5,31.7,76.136,2.481,0.1607,1.424,0.5,0.1607,0.7581,0.35,0.08,synthetic_reference_based,climate-demo-1.0
south_cotabato,6.334,124.952,150,ssp585,historical,5,167.065,26.8,22.6,31.8,80.341,2.335,0.1272,2.228,0.75,0.1272,0.843,0.35,0.08,synthetic_reference_based,climate-demo-1.0
south_cotabato,6.334,124.952,150,ssp585,historical,6,227.657,26.3,22.1,31.3,85.553,2.135,0.0935,3.035,0.0,0.0935,0.7861,0.35,0.08,synthetic_reference_based,climate-demo-1.0
south_cotabato,6.334,124.952,150,ssp585,historical,7,265.928,25.9,21.7,30.9,87.319,1.935,0.0723,3.546,0.0,0.0723,0.7204,0.35,0.08,synthetic_reference_based,climate-demo-1.0
south_cotabato,6.334,124.952,150,ssp585,historical,8,262.801,26.0,21.8,31.0,87.256,1.789,0.074,3.504,0.0,0.074,0.7298,0.35,0.08,synthetic_reference_based,climate-demo-1.0
south_cotabato,6.334,124.952,150,ssp585,historical,9,221.219,26.1,21.9,31.1,86.424,1.735,0.0971,2.95,0.0,0.0971,0.7811,0.35,0.08,synthetic_reference_based,climate-demo-1.0
south_cotabato,6.334,124.952,150,ssp585,historical,10,209.856,26.1,21.9,31.1,86.197,1.789,0.1034,2.798,0.0,0.1034,0.7935,0.35,0.08,synthetic_reference_based,climate-demo-1.0
south_cotabato,6.334,124.952,150,ssp585,historical,11,181.942,25.9,21.7,30.9,84.639,1.935,0.1189,2.426,0.0,0.1189,0.8085,0.35,0.08,synthetic_reference_based,climate-demo-1.0
south_cotabato,6.334,124.952,150,ssp585,historical,12,148.856,25.5,21.3,30.5,81.977,2.135,0.1373,1.985,0.0,0.1373,0.7412,0.35,0.08,synthetic_reference_based,climate-demo-1.0
south_cotabato,6.334,124.952,150,ssp585,2021-2040,1,121.332,26.009,21.809,31.009,78.819,2.335,0.1931,1.661,0.797,0.1931,0.7275,0.462,0.11,synthetic_reference_based,climate-demo-1.0
south_cotabato,6.334,124.952,150,ssp585,2021-2040,2,89.731,26.209,22.009,31.209,76.187,2.481,0.2106,1.229,1.297,0.2106,0.6981,0.462,0.11,synthetic_reference_based,climate-demo-1.0
south_cotabato,6.334,124.952,150,ssp585,2021-2040,3,97.923,26.809,22.609,31.809,75.351,2.535,0.2061,1.341,2.797,0.2061,0.7448,0.462,0.11,synthetic_reference_based,climate-demo-1.0
south_cotabato,6.334,124.952,150,ssp585,2021-2040,4,105.343,27.409,23.209,32.409,75.499,2.481,0.202,1.443,4.297,0.202,0.7415,0.462,0.11,synthetic_reference_based,climate-demo-1.0
south_cotabato,6.334,124.952,150,ssp585,2021-2040,5,164.744,27.509,23.309,32.509,79.687,2.335,0.169,2.256,4.547,0.169,0.8134,0.462,0.11,synthetic_reference_based,climate-demo-1.0
south_cotabato,6.334,124.952,150,ssp585,2021-2040,6,224.562,27.009,22.809,32.009,84.884,2.135,0.1357,3.075,3.297,0.1357,0.8229,0.462,0.11,synthetic_reference_based,climate-demo-1.0
south_cotabato,6.334,124.952,150,ssp585,2021-2040,7,262.411,26.609,22.409,31.609,86.641,1.935,0.1147,3.593,2.297,0.1147,0.7587,0.462,0.11,synthetic_reference_based,climate-demo-1.0
south_cotabato,6.334,124.952,150,ssp585,2021-2040,8,259.355,26.709,22.509,31.709,86.58,1.789,0.1164,3.551,2.547,0.1164,0.768,0.462,0.11,synthetic_reference_based,climate-demo-1.0
south_cotabato,6.334,124.952,150,ssp585,2021-2040,9,218.264,26.809,22.609,31.809,85.758,1.735,0.1392,2.989,2.797,0.1392,0.8188,0.462,0.11,synthetic_reference_based,climate-demo-1.0
south_cotabato,6.334,124.952,150,ssp585,2021-2040,10,206.972,26.809,22.609,31.809,85.532,1.789,0.1455,2.834,2.797,0.1455,0.8311,0.462,0.11,synthetic_reference_based,climate-demo-1.0
south_cotabato,6.334,124.952,150,ssp585,2021-2040,11,179.41,26.609,22.409,31.609,83.981,1.935,0.1608,2.457,2.297,0.1608,0.8397,0.462,0.11,synthetic_reference_based,climate-demo-1.0
south_cotabato,6.334,124.952,150,ssp585,2021-2040,12,146.816,26.209,22.009,31.209,81.329,2.135,0.1789,2.01,1.297,0.1789,0.7729,0.462,0.11,synthetic_reference_based,climate-demo-1.0
south_cotabato,6.334,124.952,150,ssp585,2041-2060,1,119.715,26.718,22.518,31.718,78.179,2.335,0.2345,1.682,4.594,0.2345,0.7598,0.575,0.14,synthetic_reference_based,climate-demo-1.0
south_cotabato,6.334,124.952,150,ssp585,2041-2060,2,88.536,26.918,22.718,31.918,75.556,2.481,0.2518,1.244,5.094,0.2518,0.7309,0.575,0.14,synthetic_reference_based,climate-demo-1.0
south_cotabato,6.334,124.952,150,ssp585,2041-2060,3,96.587,27.518,23.318,32.518,74.717,2.535,0.2473,1.357,6.594,0.2473,0.7154,0.575,0.14,synthetic_reference_based,climate-demo-1.0
south_cotabato,6.334,124.952,150,ssp585,2041-2060,4,103.866,28.118,23.918,33.118,74.862,2.481,0.2433,1.46,8.094,0.2433,0.6889,0.575,0.14,synthetic_reference_based,climate-demo-1.0
south_cotabato,6.334,124.952,150,ssp585,2041-2060,5,162.423,28.218,24.018,33.218,79.033,2.335,0.2108,2.283,8.344,0.2108,0.7597,0.575,0.14,synthetic_reference_based,climate-demo-1.0
south_cotabato,6.334,124.952,150,ssp585,2041-2060,6,221.467,27.718,23.518,32.718,84.214,2.135,0.178,3.112,7.094,0.178,0.7756,0.575,0.14,synthetic_reference_based,climate-demo-1.0
south_cotabato,6.334,124.952,150,ssp585,2041-2060,7,258.894,27.318,23.118,32.318,85.963,1.935,0.1572,3.638,6.094,0.1572,0.7588,0.575,0.14,synthetic_reference_based,climate-demo-1.0
south_cotabato,6.334,124.952,150,ssp585,2041-2060,8,255.908,27.418,23.218,32.418,85.903,1.789,0.1588,3.596,6.344,0.1588,0.7561,0.575,0.14,synthetic_reference_based,climate-demo-1.0
south_cotabato,6.334,124.952,150,ssp585,2041-2060,9,215.31,27.518,23.318,32.518,85.091,1.735,0.1814,3.026,6.594,0.1814,0.7943,0.575,0.14,synthetic_reference_based,climate-demo-1.0
south_cotabato,6.334,124.952,150,ssp585,2041-2060,10,204.088,27.518,23.318,32.518,84.867,1.789,0.1876,2.868,6.594,0.1876,0.8065,0.575,0.14,synthetic_reference_based,climate-demo-1.0
south_cotabato,6.334,124.952,150,ssp585,2041-2060,11,176.878,27.318,23.118,32.318,83.323,1.935,0.2027,2.486,6.094,0.2027,0.8327,0.575,0.14,synthetic_reference_based,climate-demo-1.0
south_cotabato,6.334,124.952,150,ssp585,2041-2060,12,144.776,26.918,22.718,31.918,80.681,2.135,0.2206,2.035,5.094,0.2206,0.8047,0.575,0.14,synthetic_reference_based,climate-demo-1.0
south_cotabato,6.334,124.952,150,ssp585,2061-2080,1,118.097,27.426,23.226,32.426,77.539,2.335,0.2759,1.702,8.391,0.2759,0.741,0.688,0.17,synthetic_reference_based,climate-demo-1.0
south_cotabato,6.334,124.952,150,ssp585,2061-2080,2,87.34,27.626,23.426,32.626,74.924,2.481,0.293,1.259,8.891,0.293,0.6886,0.688,0.17,synthetic_reference_based,climate-demo-1.0
south_cotabato,6.334,124.952,150,ssp585,2061-2080,3,95.25,28.226,24.026,33.226,74.083,2.535,0.2886,1.373,10.391,0.2886,0.663,0.688,0.17,synthetic_reference_based,climate-demo-1.0
south_cotabato,6.334,124.952,150,ssp585,2061-2080,4,102.389,28.826,24.626,33.826,74.225,2.481,0.2846,1.476,11.891,0.2846,0.6364,0.688,0.17,synthetic_reference_based,climate-demo-1.0
south_cotabato,6.334,124.952,150,ssp585,2061-2080,5,160.102,28.926,24.726,33.926,78.38,2.335,0.2526,2.308,12.141,0.2526,0.706,0.688,0.17,synthetic_reference_based,climate-demo-1.0
south_cotabato,6.334,124.952,150,ssp585,2061-2080,6,218.373,28.426,24.226,33.426,83.545,2.135,0.2202,3.147,10.891,0.2202,0.7283,0.688,0.17,synthetic_reference_based,climate-demo-1.0
south_cotabato,6.334,124.952,150,ssp585,2061-2080,7,255.377,28.026,23.826,33.026,85.285,1.935,0.1996,3.681,9.891,0.1996,0.712,0.688,0.17,synthetic_reference_based,climate-demo-1.0
south_cotabato,6.334,124.952,150,ssp585,2061-2080,8,252.462,28.126,23.926,33.126,85.227,1.789,0.2012,3.639,10.141,0.2012,0.7092,0.688,0.17,synthetic_reference_based,climate-demo-1.0
south_cotabato,6.334,124.952,150,ssp585,2061-2080,9,212.356,28.226,24.026,33.226,84.425,1.735,0.2235,3.061,10.391,0.2235,0.7469,0.688,0.17,synthetic_reference_based,climate-demo-1.0
south_cotabato,6.334,124.952,150,ssp585,2061-2080,10,201.204,28.226,24.026,33.226,84.202,1.789,0.2297,2.9,10.391,0.2297,0.759,0.688,0.17,synthetic_reference_based,climate-demo-1.0
south_cotabato,6.334,124.952,150,ssp585,2061-2080,11,174.346,28.026,23.826,33.026,82.664,1.935,0.2446,2.513,9.891,0.2446,0.7787,0.688,0.17,synthetic_reference_based,climate-demo-1.0
south_cotabato,6.334,124.952,150,ssp585,2061-2080,12,142.736,27.626,23.426,32.626,80.032,2.135,0.2622,2.057,8.891,0.2622,0.7613,0.688,0.17,synthetic_reference_based,climate-demo-1.0
south_cotabato,6.334,124.952,150,ssp585,2081-2100,1,116.479,28.135,23.935,33.135,76.9,2.335,0.3173,1.721,12.188,0.3173,0.6882,0.8,0.2,synthetic_reference_based,climate-demo-1.0
south_cotabato,6.334,124.952,150,ssp585,2081-2100,2,86.144,28.335,24.135,33.335,74.293,2.481,0.3341,1.273,12.688,0.3341,0.6364,0.8,0.2,synthetic_reference_based,climate-demo-1.0
south_cotabato,6.334,124.952,150,ssp585,2081-2100,3,93.914,28.935,24.735,33.935,73.448,2.535,0.3298,1.387,14.188,0.3298,0.6106,0.8,0.2,synthetic_reference_based,climate-demo-1.0
south_cotabato,6.334,124.952,150,ssp585,2081-2100,4,100.912,29.535,25.335,34.535,73.588,2.481,0.3259,1.491,15.688,0.3259,0.5838,0.8,0.2,synthetic_reference_based,climate-demo-1.0
south_cotabato,6.334,124.952,150,ssp585,2081-2100,5,157.781,29.635,25.435,34.635,77.726,2.335,0.2943,2.331,15.938,0.2943,0.6524,0.8,0.2,synthetic_reference_based,climate-demo-1.0
south_cotabato,6.334,124.952,150,ssp585,2081-2100,6,215.278,29.135,24.935,34.135,82.876,2.135,0.2624,3.18,14.688,0.2624,0.6811,0.8,0.2,synthetic_reference_based,climate-demo-1.0
south_cotabato,6.334,124.952,150,ssp585,2081-2100,7,251.86,28.735,24.535,33.735,84.607,1.935,0.2421,3.721,13.688,0.2421,0.6653,0.8,0.2,synthetic_reference_based,climate-demo-1.0
south_cotabato,6.334,124.952,150,ssp585,2081-2100,8,249.016,28.835,24.635,33.835,84.55,1.789,0.2437,3.679,13.938,0.2437,0.6623,0.8,0.2,synthetic_reference_based,climate-demo-1.0
south_cotabato,6.334,124.952,150,ssp585,2081-2100,9,209.402,28.935,24.735,33.935,83.758,1.735,0.2657,3.094,14.188,0.2657,0.6995,0.8,0.2,synthetic_reference_based,climate-demo-1.0
south_cotabato,6.334,124.952,150,ssp585,2081-2100,10,198.321,28.935,24.735,33.935,83.536,1.789,0.2718,2.93,14.188,0.2718,0.7116,0.8,0.2,synthetic_reference_based,climate-demo-1.0
south_cotabato,6.334,124.952,150,ssp585,2081-2100,11,171.814,28.735,24.535,33.735,82.006,1.935,0.2865,2.538,13.688,0.2865,0.7248,0.8,0.2,synthetic_reference_based,climate-demo-1.0
south_cotabato,6.334,124.952,150,ssp585,2081-2100,12,140.697,28.335,24.135,33.335,79.384,2.135,0.3038,2.079,12.688,0.3038,0.708,0.8,0.2,synthetic_reference_based,climate-demo-1.0
davao,7.073,125.612,35,ssp126,historical,1,123.848,25.99,21.79,30.99,79.477,2.245,0.1512,1.651,0.0,0.1512,0.7378,0.35,0.08,synthetic_reference_based,climate-demo-1.0
davao,7.073,125.612,35,ssp126,historical,2,89.855,26.19,21.99,31.19,76.797,2.391,0.1701,1.198,0.0,0.1701,0.7052,0.35,0.08,synthetic_reference_based,climate-demo-1.0
davao,7.073,125.612,35,ssp126,historical,3,97.598,26.79,22.59,31.79,75.952,2.445,0.1658,1.301,0.725,0.1658,0.7514,0.35,0.08,synthetic_reference_based,climate-demo-1.0
davao,7.073,125.612,35,ssp126,historical,4,106.576,27.39,23.19,32.39,76.132,2.391,0.1608,1.421,2.225,0.1608,0.7523,0.35,0.08,synthetic_reference_based,climate-demo-1.0
davao,7.073,125.612,35,ssp126,historical,5,170.187,27.49,23.29,32.49,80.404,2.245,0.1255,2.269,2.475,0.1255,0.8297,0.35,0.08,synthetic_reference_based,climate-demo-1.0
davao,7.073,125.612,35,ssp126,historical,6,233.537,26.99,22.79,31.99,85.671,2.045,0.0903,3.114,1.225,0.0903,0.8211,0.35,0.08,synthetic_reference_based,climate-demo-1.0
davao,7.073,125.612,35,ssp126,historical,7,269.407,26.59,22.39,31.59,87.388,1.845,0.0703,3.592,0.225,0.0703,0.758,0.35,0.08,synthetic_reference_based,climate-demo-1.0
davao,7.073,125.612,35,ssp126,historical,8,260.906,26.69,22.49,31.69,87.218,1.699,0.0751,3.479,0.475,0.0751,0.7733,0.35,0.08,synthetic_reference_based,climate-demo-1.0
davao,7.073,125.612,35,ssp126,historical,9,217.37,26.79,22.59,31.79,86.347,1.645,0.0992,2.898,0.725,0.0992,0.8267,0.35,0.08,synthetic_reference_based,climate-demo-1.0
davao,7.073,125.612,35,ssp126,historical,10,208.193,26.79,22.59,31.79,86.164,1.699,0.1043,2.776,0.725,0.1043,0.8367,0.35,0.08,synthetic_reference_based,climate-demo-1.0
davao,7.073,125.612,35,ssp126,historical,11,184.375,26.59,22.39,31.59,84.687,1.845,0.1176,2.458,0.225,0.1176,0.8506,0.35,0.08,synthetic_reference_based,climate-demo-1.0
davao,7.073,125.612,35,ssp126,historical,12,152.722,26.19,21.99,31.19,82.054,2.045,0.1352,2.036,0.0,0.1352,0.7876,0.35,0.08,synthetic_reference_based,climate-demo-1.0
davao,7.073,125.612,35,ssp126,2021-2040,1,123.307,26.226,22.026,31.226,79.264,2.245,0.165,1.659,0.0,0.165,0.7485,0.462,0.11,synthetic_reference_based,climate-demo-1.0
davao,7.073,125.612,35,ssp126,2021-2040,2,89.455,26.426,22.226,31.426,76.587,2.391,0.1838,1.203,0.491,0.1838,0.7162,0.462,0.11,synthetic_reference_based,climate-demo-1.0
davao,7.073,125.612,35,ssp126,2021-2040,3,97.151,27.026,22.826,32.026,75.741,2.445,0.1795,1.307,1.991,0.1795,0.7591,0.462,0.11,synthetic_reference_based,climate-demo-1.0
davao,7.073,125.612,35,ssp126,2021-2040,4,106.081,27.626,23.426,32.626,75.919,2.391,0.1746,1.427,3.491,0.1746,0.7348,0.462,0.11,synthetic_reference_based,climate-demo-1.0
davao,7.073,125.612,35,ssp126,2021-2040,5,169.41,27.726,23.526,32.726,80.186,2.245,0.1394,2.279,3.741,0.1394,0.8118,0.462,0.11,synthetic_reference_based,climate-demo-1.0
davao,7.073,125.612,35,ssp126,2021-2040,6,232.502,27.226,23.026,32.226,85.448,2.045,0.1043,3.128,2.491,0.1043,0.8066,0.462,0.11,synthetic_reference_based,climate-demo-1.0
davao,7.073,125.612,35,ssp126,2021-2040,7,268.23,26.826,22.626,31.826,87.162,1.845,0.0845,3.609,1.491,0.0845,0.7708,0.462,0.11,synthetic_reference_based,climate-demo-1.0
davao,7.073,125.612,35,ssp126,2021-2040,8,259.752,26.926,22.726,31.926,86.993,1.699,0.0892,3.495,1.741,0.0892,0.786,0.462,0.11,synthetic_reference_based,climate-demo-1.0
davao,7.073,125.612,35,ssp126,2021-2040,9,216.382,27.026,22.826,32.026,86.125,1.645,0.1133,2.911,1.991,0.1133,0.8361,0.462,0.11,synthetic_reference_based,climate-demo-1.0
davao,7.073,125.612,35,ssp126,2021-2040,10,207.228,27.026,22.826,32.026,85.942,1.699,0.1184,2.788,1.991,0.1184,0.8461,0.462,0.11,synthetic_reference_based,climate-demo-1.0
davao,7.073,125.612,35,ssp126,2021-2040,11,183.527,26.826,22.626,31.826,84.468,1.845,0.1315,2.469,1.491,0.1315,0.863,0.462,0.11,synthetic_reference_based,climate-demo-1.0
davao,7.073,125.612,35,ssp126,2021-2040,12,152.04,26.426,22.226,31.426,81.838,2.045,0.149,2.045,0.491,0.149,0.7982,0.462,0.11,synthetic_reference_based,climate-demo-1.0
davao,7.073,125.612,35,ssp126,2041-2060,1,122.765,26.462,22.262,31.462,79.05,2.245,0.1788,1.666,1.256,0.1788,0.7593,0.575,0.14,synthetic_reference_based,climate-demo-1.0
davao,7.073,125.612,35,ssp126,2041-2060,2,89.055,26.662,22.462,31.662,76.376,2.391,0.1975,1.209,1.756,0.1975,0.7271,0.575,0.14,synthetic_reference_based,climate-demo-1.0
davao,7.073,125.612,35,ssp126,2041-2060,3,96.704,27.262,23.062,32.263,75.529,2.445,0.1933,1.313,3.256,0.1933,0.7416,0.575,0.14,synthetic_reference_based,climate-demo-1.0
davao,7.073,125.612,35,ssp126,2041-2060,4,105.587,27.862,23.662,32.862,75.707,2.391,0.1883,1.433,4.756,0.1883,0.7173,0.575,0.14,synthetic_reference_based,climate-demo-1.0
davao,7.073,125.612,35,ssp126,2041-2060,5,168.633,27.962,23.762,32.962,79.968,2.245,0.1533,2.289,5.006,0.1533,0.7939,0.575,0.14,synthetic_reference_based,climate-demo-1.0
davao,7.073,125.612,35,ssp126,2041-2060,6,231.466,27.462,23.262,32.462,85.224,2.045,0.1184,3.142,3.756,0.1184,0.7908,0.575,0.14,synthetic_reference_based,climate-demo-1.0
davao,7.073,125.612,35,ssp126,2041-2060,7,267.053,27.062,22.862,32.062,86.936,1.845,0.0986,3.625,2.756,0.0986,0.7761,0.575,0.14,synthetic_reference_based,climate-demo-1.0
davao,7.073,125.612,35,ssp126,2041-2060,8,258.599,27.162,22.962,32.162,86.767,1.699,0.1033,3.51,3.006,0.1033,0.7793,0.575,0.14,synthetic_reference_based,climate-demo-1.0
davao,7.073,125.612,35,ssp126,2041-2060,9,215.393,27.262,23.062,32.263,85.903,1.645,0.1273,2.924,3.256,0.1273,0.8203,0.575,0.14,synthetic_reference_based,climate-demo-1.0
davao,7.073,125.612,35,ssp126,2041-2060,10,206.263,27.262,23.062,32.263,85.72,1.699,0.1324,2.8,3.256,0.1324,0.8303,0.575,0.14,synthetic_reference_based,climate-demo-1.0
davao,7.073,125.612,35,ssp126,2041-2060,11,182.68,27.062,22.862,32.062,84.249,1.845,0.1455,2.48,2.756,0.1455,0.8664,0.575,0.14,synthetic_reference_based,climate-demo-1.0
davao,7.073,125.612,35,ssp126,2041-2060,12,151.357,26.662,22.462,31.662,81.622,2.045,0.1629,2.054,1.756,0.1629,0.8088,0.575,0.14,synthetic_reference_based,climate-demo-1.0
davao,7.073,125.612,35,ssp126,2061-2080,1,122.224,26.699,22.499,31.699,78.837,2.245,0.1926,1.674,2.522,0.1926,0.7701,0.688,0.17,synthetic_reference_based,climate-demo-1.0
davao,7.073,125.612,35,ssp126,2061-2080,2,88.654,26.899,22.699,31.899,76.166,2.391,0.2112,1.214,3.022,0.2112,0.7381,0.688,0.17,synthetic_reference_based,climate-demo-1.0
davao,7.073,125.612,35,ssp126,2061-2080,3,96.256,27.499,23.299,32.499,75.318,2.445,0.207,1.318,4.522,0.207,0.7242,0.688,0.17,synthetic_reference_based,climate-demo-1.0
davao,7.073,125.612,35,ssp126,2061-2080,4,105.093,28.099,23.899,33.099,75.494,2.391,0.2021,1.439,6.022,0.2021,0.6998,0.688,0.17,synthetic_reference_based,climate-demo-1.0
davao,7.073,125.612,35,ssp126,2061-2080,5,167.856,28.199,23.999,33.199,79.75,2.245,0.1672,2.299,6.272,0.1672,0.7761,0.688,0.17,synthetic_reference_based,climate-demo-1.0
davao,7.073,125.612,35,ssp126,2061-2080,6,230.43,27.699,23.499,32.699,85.001,2.045,0.1325,3.155,5.022,0.1325,0.7751,0.688,0.17,synthetic_reference_based,climate-demo-1.0
davao,7.073,125.612,35,ssp126,2061-2080,7,265.876,27.299,23.099,32.299,86.71,1.845,0.1128,3.641,4.022,0.1128,0.7605,0.688,0.17,synthetic_reference_based,climate-demo-1.0
davao,7.073,125.612,35,ssp126,2061-2080,8,257.445,27.399,23.199,32.399,86.541,1.699,0.1175,3.525,4.272,0.1175,0.7636,0.688,0.17,synthetic_reference_based,climate-demo-1.0
davao,7.073,125.612,35,ssp126,2061-2080,9,214.404,27.499,23.299,32.499,85.681,1.645,0.1414,2.936,4.522,0.1414,0.8045,0.688,0.17,synthetic_reference_based,climate-demo-1.0
davao,7.073,125.612,35,ssp126,2061-2080,10,205.297,27.499,23.299,32.499,85.498,1.699,0.1464,2.811,4.522,0.1464,0.8144,0.688,0.17,synthetic_reference_based,climate-demo-1.0
davao,7.073,125.612,35,ssp126,2061-2080,11,181.832,27.299,23.099,32.299,84.029,1.845,0.1595,2.49,4.022,0.1595,0.8484,0.688,0.17,synthetic_reference_based,climate-demo-1.0
davao,7.073,125.612,35,ssp126,2061-2080,12,150.674,26.899,22.699,31.899,81.406,2.045,0.1768,2.063,3.022,0.1768,0.8194,0.688,0.17,synthetic_reference_based,climate-demo-1.0
davao,7.073,125.612,35,ssp126,2081-2100,1,121.682,26.935,22.735,31.935,78.624,2.245,0.2064,1.681,3.787,0.2064,0.7808,0.8,0.2,synthetic_reference_based,climate-demo-1.0
davao,7.073,125.612,35,ssp126,2081-2100,2,88.254,27.135,22.935,32.135,75.955,2.391,0.225,1.219,4.287,0.225,0.7328,0.8,0.2,synthetic_reference_based,climate-demo-1.0
davao,7.073,125.612,35,ssp126,2081-2100,3,95.809,27.735,23.535,32.735,75.106,2.445,0.2208,1.323,5.787,0.2208,0.7067,0.8,0.2,synthetic_reference_based,climate-demo-1.0
davao,7.073,125.612,35,ssp126,2081-2100,4,104.598,28.335,24.135,33.335,75.282,2.391,0.2159,1.445,7.288,0.2159,0.6822,0.8,0.2,synthetic_reference_based,climate-demo-1.0
davao,7.073,125.612,35,ssp126,2081-2100,5,167.08,28.435,24.235,33.435,79.532,2.245,0.1812,2.308,7.537,0.1812,0.7582,0.8,0.2,synthetic_reference_based,climate-demo-1.0
davao,7.073,125.612,35,ssp126,2081-2100,6,229.394,27.935,23.735,32.935,84.778,2.045,0.1466,3.169,6.287,0.1466,0.7593,0.8,0.2,synthetic_reference_based,climate-demo-1.0
davao,7.073,125.612,35,ssp126,2081-2100,7,264.698,27.535,23.335,32.535,86.484,1.845,0.1269,3.656,5.288,0.1269,0.7449,0.8,0.2,synthetic_reference_based,climate-demo-1.0
davao,7.073,125.612,35,ssp126,2081-2100,8,256.291,27.635,23.435,32.635,86.316,1.699,0.1316,3.54,5.537,0.1316,0.748,0.8,0.2,synthetic_reference_based,climate-demo-1.0
davao,7.073,125.612,35,ssp126,2081-2100,9,213.415,27.735,23.535,32.735,85.458,1.645,0.1554,2.948,5.787,0.1554,0.7887,0.8,0.2,synthetic_reference_based,climate-demo-1.0
davao,7.073,125.612,35,ssp126,2081-2100,10,204.332,27.735,23.535,32.735,85.277,1.699,0.1605,2.823,5.787,0.1605,0.7986,0.8,0.2,synthetic_reference_based,climate-demo-1.0
davao,7.073,125.612,35,ssp126,2081-2100,11,180.985,27.535,23.335,32.535,83.81,1.845,0.1735,2.5,5.288,0.1735,0.8304,0.8,0.2,synthetic_reference_based,climate-demo-1.0
davao,7.073,125.612,35,ssp126,2081-2100,12,149.992,27.135,22.935,32.135,81.19,2.045,0.1907,2.072,4.287,0.1907,0.8138,0.8,0.2,synthetic_reference_based,climate-demo-1.0
davao,7.073,125.612,35,ssp245,historical,1,123.848,25.99,21.79,30.99,79.477,2.275,0.1512,1.651,0.0,0.1512,0.7378,0.35,0.08,synthetic_reference_based,climate-demo-1.0
davao,7.073,125.612,35,ssp245,historical,2,89.855,26.19,21.99,31.19,76.797,2.421,0.1701,1.198,0.0,0.1701,0.7052,0.35,0.08,synthetic_reference_based,climate-demo-1.0
davao,7.073,125.612,35,ssp245,historical,3,97.598,26.79,22.59,31.79,75.952,2.475,0.1658,1.301,0.725,0.1658,0.7514,0.35,0.08,synthetic_reference_based,climate-demo-1.0
davao,7.073,125.612,35,ssp245,historical,4,106.576,27.39,23.19,32.39,76.132,2.421,0.1608,1.421,2.225,0.1608,0.7523,0.35,0.08,synthetic_reference_based,climate-demo-1.0
davao,7.073,125.612,35,ssp245,historical,5,170.187,27.49,23.29,32.49,80.404,2.275,0.1255,2.269,2.475,0.1255,0.8297,0.35,0.08,synthetic_reference_based,climate-demo-1.0
davao,7.073,125.612,35,ssp245,historical,6,233.537,26.99,22.79,31.99,85.671,2.075,0.0903,3.114,1.225,0.0903,0.8211,0.35,0.08,synthetic_reference_based,climate-demo-1.0
davao,7.073,125.612,35,ssp245,historical,7,269.407,26.59,22.39,31.59,87.388,1.875,0.0703,3.592,0.225,0.0703,0.758,0.35,0.08,synthetic_reference_based,climate-demo-1.0
davao,7.073,125.612,35,ssp245,historical,8,260.906,26.69,22.49,31.69,87.218,1.729,0.0751,3.479,0.475,0.0751,0.7733,0.35,0.08,synthetic_reference_based,climate-demo-1.0
davao,7.073,125.612,35,ssp245,historical,9,217.37,26.79,22.59,31.79,86.347,1.675,0.0992,2.898,0.725,0.0992,0.8267,0.35,0.08,synthetic_reference_based,climate-demo-1.0
davao,7.073,125.612,35,ssp245,historical,10,208.193,26.79,22.59,31.79,86.164,1.729,0.1043,2.776,0.725,0.1043,0.8367,0.35,0.08,synthetic_reference_based,climate-demo-1.0
davao,7.073,125.612,35,ssp245,historical,11,184.375,26.59,22.39,31.59,84.687,1.875,0.1176,2.458,0.225,0.1176,0.8506,0.35,0.08,synthetic_reference_based,climate-demo-1.0
davao,7.073,125.612,35,ssp245,historical,12,152.722,26.19,21.99,31.19,82.054,2.075,0.1352,2.036,0.0,0.1352,0.7876,0.35,0.08,synthetic_reference_based,climate-demo-1.0
davao,7.073,125.612,35,ssp245,2021-2040,1,122.946,26.384,22.184,31.384,79.121,2.275,0.1742,1.664,0.834,0.1742,0.7557,0.462,0.11,synthetic_reference_based,climate-demo-1.0
davao,7.073,125.612,35,ssp245,2021-2040,2,89.188,26.584,22.384,31.584,76.446,2.421,0.193,1.207,1.334,0.193,0.7235,0.462,0.11,synthetic_reference_based,climate-demo-1.0
davao,7.073,125.612,35,ssp245,2021-2040,3,96.853,27.184,22.984,32.184,75.6,2.475,0.1887,1.311,2.834,0.1887,0.7475,0.462,0.11,synthetic_reference_based,climate-demo-1.0
davao,7.073,125.612,35,ssp245,2021-2040,4,105.752,27.784,23.584,32.784,75.778,2.421,0.1837,1.431,4.334,0.1837,0.7231,0.462,0.11,synthetic_reference_based,climate-demo-1.0
davao,7.073,125.612,35,ssp245,2021-2040,5,168.892,27.884,23.684,32.884,80.04,2.275,0.1487,2.286,4.584,0.1487,0.7999,0.462,0.11,synthetic_reference_based,climate-demo-1.0
davao,7.073,125.612,35,ssp245,2021-2040,6,231.811,27.384,23.184,32.384,85.299,2.075,0.1137,3.137,3.334,0.1137,0.7961,0.462,0.11,synthetic_reference_based,climate-demo-1.0
davao,7.073,125.612,35,ssp245,2021-2040,7,267.445,26.984,22.784,31.984,87.011,1.875,0.0939,3.619,2.334,0.0939,0.7793,0.462,0.11,synthetic_reference_based,climate-demo-1.0
davao,7.073,125.612,35,ssp245,2021-2040,8,258.983,27.084,22.884,32.084,86.842,1.729,0.0986,3.505,2.584,0.0986,0.7845,0.462,0.11,synthetic_reference_based,climate-demo-1.0
davao,7.073,125.612,35,ssp245,2021-2040,9,215.722,27.184,22.984,32.184,85.977,1.675,0.1227,2.919,2.834,0.1227,0.8256,0.462,0.11,synthetic_reference_based,climate-demo-1.0
davao,7.073,125.612,35,ssp245,2021-2040,10,206.584,27.184,22.984,32.184,85.794,1.729,0.1277,2.796,2.834,0.1277,0.8355,0.462,0.11,synthetic_reference_based,climate-demo-1.0
davao,7.073,125.612,35,ssp245,2021-2040,11,182.962,26.984,22.784,31.984,84.322,1.875,0.1409,2.476,2.334,0.1409,0.8704,0.462,0.11,synthetic_reference_based,climate-demo-1.0
davao,7.073,125.612,35,ssp245,2021-2040,12,151.585,26.584,22.384,31.584,81.694,2.075,0.1583,2.051,1.334,0.1583,0.8053,0.462,0.11,synthetic_reference_based,climate-demo-1.0
davao,7.073,125.612,35,ssp245,2041-2060,1,122.043,26.778,22.578,31.778,78.766,2.275,0.1972,1.676,2.944,0.1972,0.7737,0.575,0.14,synthetic_reference_based,climate-demo-1.0
davao,7.073,125.612,35,ssp245,2041-2060,2,88.521,26.978,22.778,31.978,76.095,2.421,0.2158,1.216,3.444,0.2158,0.7417,0.575,0.14,synthetic_reference_based,climate-demo-1.0
davao,7.073,125.612,35,ssp245,2041-2060,3,96.107,27.578,23.378,32.578,75.247,2.475,0.2116,1.32,4.944,0.2116,0.7184,0.575,0.14,synthetic_reference_based,climate-demo-1.0
davao,7.073,125.612,35,ssp245,2041-2060,4,104.928,28.178,23.978,33.178,75.424,2.421,0.2067,1.441,6.444,0.2067,0.6939,0.575,0.14,synthetic_reference_based,climate-demo-1.0
davao,7.073,125.612,35,ssp245,2041-2060,5,167.597,28.278,24.078,33.278,79.677,2.275,0.1719,2.302,6.694,0.1719,0.7701,0.575,0.14,synthetic_reference_based,climate-demo-1.0
davao,7.073,125.612,35,ssp245,2041-2060,6,230.085,27.778,23.578,32.778,84.927,2.075,0.1372,3.16,5.444,0.1372,0.7698,0.575,0.14,synthetic_reference_based,climate-demo-1.0
davao,7.073,125.612,35,ssp245,2041-2060,7,265.483,27.378,23.178,32.377,86.635,1.875,0.1175,3.646,4.444,0.1175,0.7553,0.575,0.14,synthetic_reference_based,climate-demo-1.0
davao,7.073,125.612,35,ssp245,2041-2060,8,257.06,27.478,23.278,32.478,86.466,1.729,0.1222,3.53,4.694,0.1222,0.7584,0.575,0.14,synthetic_reference_based,climate-demo-1.0
davao,7.073,125.612,35,ssp245,2041-2060,9,214.075,27.578,23.378,32.578,85.606,1.675,0.1461,2.94,4.944,0.1461,0.7992,0.575,0.14,synthetic_reference_based,climate-demo-1.0
davao,7.073,125.612,35,ssp245,2041-2060,10,204.976,27.578,23.378,32.578,85.425,1.729,0.1511,2.815,4.944,0.1511,0.8092,0.575,0.14,synthetic_reference_based,climate-demo-1.0
davao,7.073,125.612,35,ssp245,2041-2060,11,181.55,27.378,23.178,32.377,83.956,1.875,0.1641,2.493,4.444,0.1641,0.8424,0.575,0.14,synthetic_reference_based,climate-demo-1.0
davao,7.073,125.612,35,ssp245,2041-2060,12,150.447,26.978,22.778,31.978,81.334,2.075,0.1814,2.066,3.444,0.1814,0.8229,0.575,0.14,synthetic_reference_based,climate-demo-1.0
davao,7.073,125.612,35,ssp245,2061-2080,1,121.141,27.171,22.971,32.171,78.41,2.275,0.2202,1.688,5.053,0.2202,0.7711,0.688,0.17,synthetic_reference_based,climate-demo-1.0
davao,7.073,125.612,35,ssp245,2061-2080,2,87.854,27.371,23.171,32.371,75.745,2.421,0.2387,1.224,5.553,0.2387,0.7154,0.688,0.17,synthetic_reference_based,climate-demo-1.0
davao,7.073,125.612,35,ssp245,2061-2080,3,95.362,27.971,23.771,32.971,74.895,2.475,0.2345,1.329,7.053,0.2345,0.6893,0.688,0.17,synthetic_reference_based,climate-demo-1.0
davao,7.073,125.612,35,ssp245,2061-2080,4,104.104,28.571,24.371,33.571,75.07,2.421,0.2297,1.451,8.553,0.2297,0.6647,0.688,0.17,synthetic_reference_based,climate-demo-1.0
davao,7.073,125.612,35,ssp245,2061-2080,5,166.303,28.671,24.471,33.671,79.314,2.275,0.1951,2.317,8.803,0.1951,0.7403,0.688,0.17,synthetic_reference_based,climate-demo-1.0
davao,7.073,125.612,35,ssp245,2061-2080,6,228.358,28.171,23.971,33.171,84.555,2.075,0.1606,3.182,7.553,0.1606,0.7436,0.688,0.17,synthetic_reference_based,climate-demo-1.0
davao,7.073,125.612,35,ssp245,2061-2080,7,263.521,27.771,23.571,32.771,86.258,1.875,0.1411,3.672,6.553,0.1411,0.7293,0.688,0.17,synthetic_reference_based,climate-demo-1.0
davao,7.073,125.612,35,ssp245,2061-2080,8,255.138,27.871,23.671,32.871,86.09,1.729,0.1458,3.555,6.803,0.1458,0.7324,0.688,0.17,synthetic_reference_based,climate-demo-1.0
davao,7.073,125.612,35,ssp245,2061-2080,9,212.427,27.971,23.771,32.971,85.236,1.675,0.1695,2.96,7.053,0.1695,0.7729,0.688,0.17,synthetic_reference_based,climate-demo-1.0
davao,7.073,125.612,35,ssp245,2061-2080,10,203.367,27.971,23.771,32.971,85.055,1.729,0.1745,2.834,7.053,0.1745,0.7828,0.688,0.17,synthetic_reference_based,climate-demo-1.0
davao,7.073,125.612,35,ssp245,2061-2080,11,180.137,27.771,23.571,32.771,83.59,1.875,0.1874,2.51,6.553,0.1874,0.8124,0.688,0.17,synthetic_reference_based,climate-demo-1.0
davao,7.073,125.612,35,ssp245,2061-2080,12,149.309,27.371,23.171,32.371,80.974,2.075,0.2046,2.08,5.553,0.2046,0.796,0.688,0.17,synthetic_reference_based,climate-demo-1.0
davao,7.073,125.612,35,ssp245,2081-2100,1,120.239,27.565,23.365,32.565,78.055,2.275,0.2432,1.699,7.162,0.2432,0.7417,0.8,0.2,synthetic_reference_based,climate-demo-1.0
davao,7.073,125.612,35,ssp245,2081-2100,2,87.187,27.765,23.565,32.765,75.394,2.421,0.2616,1.232,7.662,0.2616,0.6864,0.8,0.2,synthetic_reference_based,climate-demo-1.0
davao,7.073,125.612,35,ssp245,2081-2100,3,94.616,28.365,24.165,33.365,74.542,2.475,0.2574,1.337,9.162,0.2574,0.6602,0.8,0.2,synthetic_reference_based,climate-demo-1.0
davao,7.073,125.612,35,ssp245,2081-2100,4,103.28,28.965,24.765,33.965,74.716,2.421,0.2526,1.46,10.662,0.2526,0.6355,0.8,0.2,synthetic_reference_based,climate-demo-1.0
davao,7.073,125.612,35,ssp245,2081-2100,5,165.008,29.065,24.865,34.065,78.95,2.275,0.2183,2.332,10.912,0.2183,0.7104,0.8,0.2,synthetic_reference_based,climate-demo-1.0
davao,7.073,125.612,35,ssp245,2081-2100,6,226.632,28.565,24.365,33.565,84.183,2.075,0.1841,3.203,9.662,0.1841,0.7173,0.8,0.2,synthetic_reference_based,climate-demo-1.0
davao,7.073,125.612,35,ssp245,2081-2100,7,261.56,28.165,23.965,33.165,85.881,1.875,0.1647,3.697,8.662,0.1647,0.7033,0.8,0.2,synthetic_reference_based,climate-demo-1.0
davao,7.073,125.612,35,ssp245,2081-2100,8,253.215,28.265,24.065,33.265,85.714,1.729,0.1693,3.579,8.912,0.1693,0.7064,0.8,0.2,synthetic_reference_based,climate-demo-1.0
davao,7.073,125.612,35,ssp245,2081-2100,9,210.779,28.365,24.165,33.365,84.866,1.675,0.1929,2.979,9.162,0.1929,0.7466,0.8,0.2,synthetic_reference_based,climate-demo-1.0
davao,7.073,125.612,35,ssp245,2081-2100,10,201.758,28.365,24.165,33.365,84.685,1.729,0.1979,2.852,9.162,0.1979,0.7564,0.8,0.2,synthetic_reference_based,climate-demo-1.0
davao,7.073,125.612,35,ssp245,2081-2100,11,178.725,28.165,23.965,33.165,83.224,1.875,0.2107,2.526,8.662,0.2107,0.7824,0.8,0.2,synthetic_reference_based,climate-demo-1.0
davao,7.073,125.612,35,ssp245,2081-2100,12,148.171,27.765,23.565,32.765,80.613,2.075,0.2277,2.094,7.662,0.2277,0.7664,0.8,0.2,synthetic_reference_based,climate-demo-1.0
davao,7.073,125.612,35,ssp370,historical,1,123.848,25.99,21.79,30.99,79.477,2.305,0.1512,1.651,0.0,0.1512,0.7378,0.35,0.08,synthetic_reference_based,climate-demo-1.0
davao,7.073,125.612,35,ssp370,historical,2,89.855,26.19,21.99,31.19,76.797,2.451,0.1701,1.198,0.0,0.1701,0.7052,0.35,0.08,synthetic_reference_based,climate-demo-1.0
davao,7.073,125.612,35,ssp370,historical,3,97.598,26.79,22.59,31.79,75.952,2.505,0.1658,1.301,0.725,0.1658,0.7514,0.35,0.08,synthetic_reference_based,climate-demo-1.0
davao,7.073,125.612,35,ssp370,historical,4,106.576,27.39,23.19,32.39,76.132,2.451,0.1608,1.421,2.225,0.1608,0.7523,0.35,0.08,synthetic_reference_based,climate-demo-1.0
davao,7.073,125.612,35,ssp370,historical,5,170.187,27.49,23.29,32.49,80.404,2.305,0.1255,2.269,2.475,0.1255,0.8297,0.35,0.08,synthetic_reference_based,climate-demo-1.0
davao,7.073,125.612,35,ssp370,historical,6,233.537,26.99,22.79,31.99,85.671,2.105,0.0903,3.114,1.225,0.0903,0.8211,0.35,0.08,synthetic_reference_based,climate-demo-1.0
davao,7.073,125.612,35,ssp370,historical,7,269.407,26.59,22.39,31.59,87.388,1.905,0.0703,3.592,0.225,0.0703,0.758,0.35,0.08,synthetic_reference_based,climate-demo-1.0
davao,7.073,125.612,35,ssp370,historical,8,260.906,26.69,22.49,31.69,87.218,1.759,0.0751,3.479,0.475,0.0751,0.7733,0.35,0.08,synthetic_reference_based,climate-demo-1.0
davao,7.073,125.612,35,ssp370,historical,9,217.37,26.79,22.59,31.79,86.347,1.705,0.0992,2.898,0.725,0.0992,0.8267,0.35,0.08,synthetic_reference_based,climate-demo-1.0
davao,7.073,125.612,35,ssp370,historical,10,208.193,26.79,22.59,31.79,86.164,1.759,0.1043,2.776,0.725,0.1043,0.8367,0.35,0.08,synthetic_reference_based,climate-demo-1.0
davao,7.073,125.612,35,ssp370,historical,11,184.375,26.59,22.39,31.59,84.687,1.905,0.1176,2.458,0.225,0.1176,0.8506,0.35,0.08,synthetic_reference_based,climate-demo-1.0
davao,7.073,125.612,35,ssp370,historical,12,152.722,26.19,21.99,31.19,82.054,2.105,0.1352,2.036,0.0,0.1352,0.7876,0.35,0.08,synthetic_reference_based,climate-demo-1.0
davao,7.073,125.612,35,ssp370,2021-2040,1,122.585,26.541,22.341,31.541,78.979,2.305,0.1834,1.669,1.678,0.1834,0.7629,0.462,0.11,synthetic_reference_based,climate-demo-1.0
davao,7.073,125.612,35,ssp370,2021-2040,2,88.921,26.741,22.541,31.741,76.306,2.451,0.2021,1.211,2.178,0.2021,0.7308,0.462,0.11,synthetic_reference_based,climate-demo-1.0
davao,7.073,125.612,35,ssp370,2021-2040,3,96.555,27.341,23.141,32.341,75.459,2.505,0.1979,1.314,3.678,0.1979,0.7358,0.462,0.11,synthetic_reference_based,climate-demo-1.0
davao,7.073,125.612,35,ssp370,2021-2040,4,105.422,27.941,23.741,32.941,75.636,2.451,0.1929,1.435,5.178,0.1929,0.7114,0.462,0.11,synthetic_reference_based,climate-demo-1.0
davao,7.073,125.612,35,ssp370,2021-2040,5,168.374,28.041,23.841,33.041,79.895,2.305,0.158,2.292,5.428,0.158,0.788,0.462,0.11,synthetic_reference_based,climate-demo-1.0
davao,7.073,125.612,35,ssp370,2021-2040,6,231.12,27.541,23.341,32.541,85.15,2.105,0.1231,3.146,4.178,0.1231,0.7856,0.462,0.11,synthetic_reference_based,climate-demo-1.0
davao,7.073,125.612,35,ssp370,2021-2040,7,266.66,27.141,22.941,32.141,86.861,1.905,0.1034,3.63,3.178,0.1034,0.7709,0.462,0.11,synthetic_reference_based,climate-demo-1.0
davao,7.073,125.612,35,ssp370,2021-2040,8,258.214,27.241,23.041,32.241,86.692,1.759,0.108,3.515,3.428,0.108,0.7741,0.462,0.11,synthetic_reference_based,climate-demo-1.0
davao,7.073,125.612,35,ssp370,2021-2040,9,215.063,27.341,23.141,32.341,85.829,1.705,0.132,2.928,3.678,0.132,0.815,0.462,0.11,synthetic_reference_based,climate-demo-1.0
davao,7.073,125.612,35,ssp370,2021-2040,10,205.941,27.341,23.141,32.341,85.646,1.759,0.1371,2.804,3.678,0.1371,0.825,0.462,0.11,synthetic_reference_based,climate-demo-1.0
davao,7.073,125.612,35,ssp370,2021-2040,11,182.397,27.141,22.941,32.141,84.175,1.905,0.1502,2.483,3.178,0.1502,0.8604,0.462,0.11,synthetic_reference_based,climate-demo-1.0
davao,7.073,125.612,35,ssp370,2021-2040,12,151.129,26.741,22.541,31.741,81.55,2.105,0.1675,2.057,2.178,0.1675,0.8123,0.462,0.11,synthetic_reference_based,climate-demo-1.0
davao,7.073,125.612,35,ssp370,2041-2060,1,121.321,27.092,22.892,32.092,78.481,2.305,0.2156,1.686,4.631,0.2156,0.7769,0.575,0.14,synthetic_reference_based,climate-demo-1.0
davao,7.073,125.612,35,ssp370,2041-2060,2,87.987,27.292,23.092,32.292,75.815,2.451,0.2341,1.222,5.131,0.2341,0.7212,0.575,0.14,synthetic_reference_based,climate-demo-1.0
davao,7.073,125.612,35,ssp370,2041-2060,3,95.511,27.892,23.692,32.892,74.965,2.505,0.2299,1.327,6.631,0.2299,0.6951,0.575,0.14,synthetic_reference_based,climate-demo-1.0
davao,7.073,125.612,35,ssp370,2041-2060,4,104.269,28.492,24.292,33.492,75.14,2.451,0.2251,1.449,8.131,0.2251,0.6706,0.575,0.14,synthetic_reference_based,climate-demo-1.0
davao,7.073,125.612,35,ssp370,2041-2060,5,166.562,28.592,24.392,33.592,79.386,2.305,0.1905,2.314,8.381,0.1905,0.7462,0.575,0.14,synthetic_reference_based,climate-demo-1.0
davao,7.073,125.612,35,ssp370,2041-2060,6,228.703,28.092,23.892,33.092,84.629,2.105,0.1559,3.177,7.131,0.1559,0.7488,0.575,0.14,synthetic_reference_based,climate-demo-1.0
davao,7.073,125.612,35,ssp370,2041-2060,7,263.914,27.692,23.492,32.692,86.333,1.905,0.1364,3.667,6.131,0.1364,0.7345,0.575,0.14,synthetic_reference_based,climate-demo-1.0
davao,7.073,125.612,35,ssp370,2041-2060,8,255.522,27.792,23.592,32.792,86.165,1.759,0.141,3.55,6.381,0.141,0.7376,0.575,0.14,synthetic_reference_based,climate-demo-1.0
davao,7.073,125.612,35,ssp370,2041-2060,9,212.756,27.892,23.692,32.892,85.31,1.705,0.1648,2.956,6.631,0.1648,0.7782,0.575,0.14,synthetic_reference_based,climate-demo-1.0
davao,7.073,125.612,35,ssp370,2041-2060,10,203.689,27.892,23.692,32.892,85.129,1.759,0.1698,2.83,6.631,0.1698,0.7881,0.575,0.14,synthetic_reference_based,climate-demo-1.0
davao,7.073,125.612,35,ssp370,2041-2060,11,180.42,27.692,23.492,32.692,83.663,1.905,0.1828,2.507,6.131,0.1828,0.8184,0.575,0.14,synthetic_reference_based,climate-demo-1.0
davao,7.073,125.612,35,ssp370,2041-2060,12,149.536,27.292,23.092,32.292,81.046,2.105,0.1999,2.078,5.131,0.1999,0.8019,0.575,0.14,synthetic_reference_based,climate-demo-1.0
davao,7.073,125.612,35,ssp370,2061-2080,1,120.058,27.644,23.444,32.644,77.984,2.305,0.2478,1.702,7.584,0.2478,0.7359,0.688,0.17,synthetic_reference_based,climate-demo-1.0
davao,7.073,125.612,35,ssp370,2061-2080,2,87.054,27.844,23.644,32.844,75.324,2.451,0.2661,1.234,8.084,0.2661,0.6806,0.688,0.17,synthetic_reference_based,climate-demo-1.0
davao,7.073,125.612,35,ssp370,2061-2080,3,94.467,28.444,24.244,33.444,74.472,2.505,0.262,1.339,9.584,0.262,0.6543,0.688,0.17,synthetic_reference_based,climate-demo-1.0
davao,7.073,125.612,35,ssp370,2061-2080,4,103.115,29.044,24.844,34.044,74.645,2.451,0.2572,1.461,11.084,0.2572,0.6297,0.688,0.17,synthetic_reference_based,climate-demo-1.0
davao,7.073,125.612,35,ssp370,2061-2080,5,164.749,29.144,24.944,34.144,78.877,2.305,0.223,2.335,11.334,0.223,0.7045,0.688,0.17,synthetic_reference_based,climate-demo-1.0
davao,7.073,125.612,35,ssp370,2061-2080,6,226.287,28.644,24.444,33.644,84.108,2.105,0.1888,3.207,10.084,0.1888,0.7121,0.688,0.17,synthetic_reference_based,climate-demo-1.0
davao,7.073,125.612,35,ssp370,2061-2080,7,261.167,28.244,24.044,33.244,85.806,1.905,0.1694,3.702,9.084,0.1694,0.6981,0.688,0.17,synthetic_reference_based,climate-demo-1.0
davao,7.073,125.612,35,ssp370,2061-2080,8,252.831,28.344,24.144,33.344,85.639,1.759,0.174,3.583,9.334,0.174,0.7012,0.688,0.17,synthetic_reference_based,climate-demo-1.0
davao,7.073,125.612,35,ssp370,2061-2080,9,210.449,28.444,24.244,33.444,84.791,1.705,0.1976,2.983,9.584,0.1976,0.7413,0.688,0.17,synthetic_reference_based,climate-demo-1.0
davao,7.073,125.612,35,ssp370,2061-2080,10,201.437,28.444,24.244,33.444,84.611,1.759,0.2026,2.855,9.584,0.2026,0.7511,0.688,0.17,synthetic_reference_based,climate-demo-1.0
davao,7.073,125.612,35,ssp370,2061-2080,11,178.442,28.244,24.044,33.244,83.151,1.905,0.2154,2.529,9.084,0.2154,0.7764,0.688,0.17,synthetic_reference_based,climate-demo-1.0
davao,7.073,125.612,35,ssp370,2061-2080,12,147.943,27.844,23.644,32.844,80.541,2.105,0.2323,2.097,8.084,0.2323,0.7604,0.688,0.17,synthetic_reference_based,climate-demo-1.0
davao,7.073,125.612,35,ssp370,2081-2100,1,118.795,28.195,23.995,33.195,77.486,2.305,0.28,1.717,10.538,0.28,0.6949,0.8,0.2,synthetic_reference_based,climate-demo-1.0
davao,7.073,125.612,35,ssp370,2081-2100,2,86.12,28.395,24.195,33.395,74.832,2.451,0.2982,1.245,11.037,0.2982,0.64,0.8,0.2,synthetic_reference_based,climate-demo-1.0
davao,7.073,125.612,35,ssp370,2081-2100,3,93.424,28.995,24.795,33.995,73.978,2.505,0.2941,1.35,12.537,0.2941,0.6136,0.8,0.2,synthetic_reference_based,climate-demo-1.0
davao,7.073,125.612,35,ssp370,2081-2100,4,101.962,29.595,25.395,34.595,74.149,2.451,0.2894,1.474,14.037,0.2894,0.5888,0.8,0.2,synthetic_reference_based,climate-demo-1.0
davao,7.073,125.612,35,ssp370,2081-2100,5,162.936,29.695,25.495,34.695,78.369,2.305,0.2555,2.355,14.288,0.2555,0.6627,0.8,0.2,synthetic_reference_based,climate-demo-1.0
davao,7.073,125.612,35,ssp370,2081-2100,6,223.87,29.195,24.995,34.195,83.587,2.105,0.2216,3.236,13.038,0.2216,0.6753,0.8,0.2,synthetic_reference_based,climate-demo-1.0
davao,7.073,125.612,35,ssp370,2081-2100,7,258.421,28.795,24.595,33.795,85.278,1.905,0.2024,3.735,12.038,0.2024,0.6617,0.8,0.2,synthetic_reference_based,climate-demo-1.0
davao,7.073,125.612,35,ssp370,2081-2100,8,250.139,28.895,24.695,33.895,85.113,1.759,0.207,3.615,12.287,0.207,0.6647,0.8,0.2,synthetic_reference_based,climate-demo-1.0
davao,7.073,125.612,35,ssp370,2081-2100,9,208.142,28.995,24.795,33.995,84.273,1.705,0.2304,3.008,12.537,0.2304,0.7045,0.8,0.2,synthetic_reference_based,climate-demo-1.0
davao,7.073,125.612,35,ssp370,2081-2100,10,199.184,28.995,24.795,33.995,84.094,1.759,0.2353,2.879,12.537,0.2353,0.7142,0.8,0.2,synthetic_reference_based,climate-demo-1.0
davao,7.073,125.612,35,ssp370,2081-2100,11,176.465,28.795,24.595,33.795,82.639,1.905,0.248,2.551,12.038,0.248,0.7345,0.8,0.2,synthetic_reference_based,climate-demo-1.0
davao,7.073,125.612,35,ssp370,2081-2100,12,146.35,28.395,24.195,33.395,80.037,2.105,0.2647,2.115,11.037,0.2647,0.719,0.8,0.2,synthetic_reference_based,climate-demo-1.0
davao,7.073,125.612,35,ssp585,historical,1,123.848,25.99,21.79,30.99,79.477,2.335,0.1512,1.651,0.0,0.1512,0.7378,0.35,0.08,synthetic_reference_based,climate-demo-1.0
davao,7.073,125.612,35,ssp585,historical,2,89.855,26.19,21.99,31.19,76.797,2.481,0.1701,1.198,0.0,0.1701,0.7052,0.35,0.08,synthetic_reference_based,climate-demo-1.0
davao,7.073,125.612,35,ssp585,historical,3,97.598,26.79,22.59,31.79,75.952,2.535,0.1658,1.301,0.725,0.1658,0.7514,0.35,0.08,synthetic_reference_based,climate-demo-1.0
davao,7.073,125.612,35,ssp585,historical,4,106.576,27.39,23.19,32.39,76.132,2.481,0.1608,1.421,2.225,0.1608,0.7523,0.35,0.08,synthetic_reference_based,climate-demo-1.0
davao,7.073,125.612,35,ssp585,historical,5,170.187,27.49,23.29,32.49,80.404,2.335,0.1255,2.269,2.475,0.1255,0.8297,0.35,0.08,synthetic_reference_based,climate-demo-1.0
davao,7.073,125.612,35,ssp585,historical,6,233.537,26.99,22.79,31.99,85.671,2.135,0.0903,3.114,1.225,0.0903,0.8211,0.35,0.08,synthetic_reference_based,climate-demo-1.0
davao,7.073,125.612,35,ssp585,historical,7,269.407,26.59,22.39,31.59,87.388,1.935,0.0703,3.592,0.225,0.0703,0.758,0.35,0.08,synthetic_reference_based,climate-demo-1.0
davao,7.073,125.612,35,ssp585,historical,8,260.906,26.69,22.49,31.69,87.218,1.789,0.0751,3.479,0.475,0.0751,0.7733,0.35,0.08,synthetic_reference_based,climate-demo-1.0
davao,7.073,125.612,35,ssp585,historical,9,217.37,26.79,22.59,31.79,86.347,1.735,0.0992,2.898,0.725,0.0992,0.8267,0.35,0.08,synthetic_reference_based,climate-demo-1.0
davao,7.073,125.612,35,ssp585,historical,10,208.193,26.79,22.59,31.79,86.164,1.789,0.1043,2.776,0.725,0.1043,0.8367,0.35,0.08,synthetic_reference_based,climate-demo-1.0
davao,7.073,125.612,35,ssp585,historical,11,184.375,26.59,22.39,31.59,84.687,1.935,0.1176,2.458,0.225,0.1176,0.8506,0.35,0.08,synthetic_reference_based,climate-demo-1.0
davao,7.073,125.612,35,ssp585,historical,12,152.722,26.19,21.99,31.19,82.054,2.135,0.1352,2.036,0.0,0.1352,0.7876,0.35,0.08,synthetic_reference_based,climate-demo-1.0
davao,7.073,125.612,35,ssp585,2021-2040,1,122.224,26.699,22.499,31.699,78.837,2.335,0.1926,1.674,2.522,0.1926,0.7701,0.462,0.11,synthetic_reference_based,climate-demo-1.0
davao,7.073,125.612,35,ssp585,2021-2040,2,88.654,26.899,22.699,31.899,76.166,2.481,0.2112,1.214,3.022,0.2112,0.7381,0.462,0.11,synthetic_reference_based,climate-demo-1.0
davao,7.073,125.612,35,ssp585,2021-2040,3,96.256,27.499,23.299,32.499,75.318,2.535,0.207,1.318,4.522,0.207,0.7242,0.462,0.11,synthetic_reference_based,climate-demo-1.0
davao,7.073,125.612,35,ssp585,2021-2040,4,105.093,28.099,23.899,33.099,75.494,2.481,0.2021,1.439,6.022,0.2021,0.6998,0.462,0.11,synthetic_reference_based,climate-demo-1.0
davao,7.073,125.612,35,ssp585,2021-2040,5,167.856,28.199,23.999,33.199,79.75,2.335,0.1672,2.299,6.272,0.1672,0.7761,0.462,0.11,synthetic_reference_based,climate-demo-1.0
davao,7.073,125.612,35,ssp585,2021-2040,6,230.43,27.699,23.499,32.699,85.001,2.135,0.1325,3.155,5.022,0.1325,0.7751,0.462,0.11,synthetic_reference_based,climate-demo-1.0
davao,7.073,125.612,35,ssp585,2021-2040,7,265.876,27.299,23.099,32.299,86.71,1.935,0.1128,3.641,4.022,0.1128,0.7605,0.462,0.11,synthetic_reference_based,climate-demo-1.0
davao,7.073,125.612,35,ssp585,2021-2040,8,257.445,27.399,23.199,32.399,86.541,1.789,0.1175,3.525,4.272,0.1175,0.7636,0.462,0.11,synthetic_reference_based,climate-demo-1.0
davao,7.073,125.612,35,ssp585,2021-2040,9,214.404,27.499,23.299,32.499,85.681,1.735,0.1414,2.936,4.522,0.1414,0.8045,0.462,0.11,synthetic_reference_based,climate-demo-1.0
davao,7.073,125.612,35,ssp585,2021-2040,10,205.297,27.499,23.299,32.499,85.498,1.789,0.1464,2.811,4.522,0.1464,0.8144,0.462,0.11,synthetic_reference_based,climate-demo-1.0
davao,7.073,125.612,35,ssp585,2021-2040,11,181.832,27.299,23.099,32.299,84.029,1.935,0.1595,2.49,4.022,0.1595,0.8484,0.462,0.11,synthetic_reference_based,climate-demo-1.0
davao,7.073,125.612,35,ssp585,2021-2040,12,150.674,26.899,22.699,31.899,81.406,2.135,0.1768,2.063,3.022,0.1768,0.8194,0.462,0.11,synthetic_reference_based,climate-demo-1.0
davao,7.073,125.612,35,ssp585,2041-2060,1,120.6,27.408,23.208,32.408,78.197,2.335,0.234,1.695,6.319,0.234,0.7535,0.575,0.14,synthetic_reference_based,climate-demo-1.0
davao,7.073,125.612,35,ssp585,2041-2060,2,87.454,27.607,23.408,32.608,75.534,2.481,0.2524,1.229,6.819,0.2524,0.698,0.575,0.14,synthetic_reference_based,climate-demo-1.0
davao,7.073,125.612,35,ssp585,2041-2060,3,94.915,28.208,24.008,33.207,74.683,2.535,0.2483,1.334,8.319,0.2483,0.6718,0.575,0.14,synthetic_reference_based,climate-demo-1.0
davao,7.073,125.612,35,ssp585,2041-2060,4,103.61,28.808,24.608,33.808,74.857,2.481,0.2434,1.456,9.819,0.2434,0.6472,0.575,0.14,synthetic_reference_based,climate-demo-1.0
davao,7.073,125.612,35,ssp585,2041-2060,5,165.526,28.908,24.708,33.908,79.096,2.335,0.209,2.326,10.069,0.209,0.7224,0.575,0.14,synthetic_reference_based,climate-demo-1.0
davao,7.073,125.612,35,ssp585,2041-2060,6,227.322,28.408,24.208,33.408,84.331,2.135,0.1747,3.195,8.819,0.1747,0.7278,0.575,0.14,synthetic_reference_based,climate-demo-1.0
davao,7.073,125.612,35,ssp585,2041-2060,7,262.344,28.008,23.808,33.008,86.032,1.935,0.1553,3.687,7.819,0.1553,0.7137,0.575,0.14,synthetic_reference_based,climate-demo-1.0
davao,7.073,125.612,35,ssp585,2041-2060,8,253.984,28.107,23.908,33.108,85.865,1.789,0.1599,3.569,8.069,0.1599,0.7168,0.575,0.14,synthetic_reference_based,climate-demo-1.0
davao,7.073,125.612,35,ssp585,2041-2060,9,211.438,28.208,24.008,33.207,85.014,1.735,0.1835,2.971,8.319,0.1835,0.7571,0.575,0.14,synthetic_reference_based,climate-demo-1.0
davao,7.073,125.612,35,ssp585,2041-2060,10,202.402,28.208,24.008,33.207,84.833,1.789,0.1886,2.844,8.319,0.1886,0.767,0.575,0.14,synthetic_reference_based,climate-demo-1.0
davao,7.073,125.612,35,ssp585,2041-2060,11,179.29,28.008,23.808,33.008,83.371,1.935,0.2014,2.52,7.819,0.2014,0.7944,0.575,0.14,synthetic_reference_based,climate-demo-1.0
davao,7.073,125.612,35,ssp585,2041-2060,12,148.626,27.607,23.408,32.608,80.758,2.135,0.2184,2.089,6.819,0.2184,0.7782,0.575,0.14,synthetic_reference_based,climate-demo-1.0
davao,7.073,125.612,35,ssp585,2061-2080,1,118.975,28.116,23.916,33.116,77.557,2.335,0.2754,1.715,10.116,0.2754,0.7007,0.688,0.17,synthetic_reference_based,climate-demo-1.0
davao,7.073,125.612,35,ssp585,2061-2080,2,86.253,28.316,24.116,33.316,74.903,2.481,0.2936,1.243,10.616,0.2936,0.6458,0.688,0.17,synthetic_reference_based,climate-demo-1.0
davao,7.073,125.612,35,ssp585,2061-2080,3,93.573,28.916,24.716,33.916,74.049,2.535,0.2895,1.349,12.116,0.2895,0.6194,0.688,0.17,synthetic_reference_based,climate-demo-1.0
davao,7.073,125.612,35,ssp585,2061-2080,4,102.126,29.516,25.316,34.516,74.22,2.481,0.2848,1.472,13.616,0.2848,0.5946,0.688,0.17,synthetic_reference_based,climate-demo-1.0
davao,7.073,125.612,35,ssp585,2061-2080,5,163.195,29.616,25.416,34.616,78.441,2.335,0.2508,2.352,13.866,0.2508,0.6687,0.688,0.17,synthetic_reference_based,climate-demo-1.0
davao,7.073,125.612,35,ssp585,2061-2080,6,224.215,29.116,24.916,34.116,83.662,2.135,0.2169,3.232,12.616,0.2169,0.6806,0.688,0.17,synthetic_reference_based,climate-demo-1.0
davao,7.073,125.612,35,ssp585,2061-2080,7,258.813,28.716,24.516,33.716,85.354,1.935,0.1977,3.73,11.616,0.1977,0.6669,0.688,0.17,synthetic_reference_based,climate-demo-1.0
davao,7.073,125.612,35,ssp585,2061-2080,8,250.524,28.816,24.616,33.816,85.188,1.789,0.2023,3.611,11.866,0.2023,0.6699,0.688,0.17,synthetic_reference_based,climate-demo-1.0
davao,7.073,125.612,35,ssp585,2061-2080,9,208.472,28.916,24.716,33.916,84.347,1.735,0.2257,3.005,12.116,0.2257,0.7097,0.688,0.17,synthetic_reference_based,climate-demo-1.0
davao,7.073,125.612,35,ssp585,2061-2080,10,199.506,28.916,24.716,33.916,84.168,1.789,0.2307,2.876,12.116,0.2307,0.7195,0.688,0.17,synthetic_reference_based,climate-demo-1.0
davao,7.073,125.612,35,ssp585,2061-2080,11,176.747,28.716,24.516,33.716,82.712,1.935,0.2433,2.548,11.616,0.2433,0.7405,0.688,0.17,synthetic_reference_based,climate-demo-1.0
davao,7.073,125.612,35,ssp585,2061-2080,12,146.578,28.316,24.116,33.316,80.109,2.135,0.2601,2.113,10.616,0.2601,0.7249,0.688,0.17,synthetic_reference_based,climate-demo-1.0
davao,7.073,125.612,35,ssp585,2081-2100,1,117.351,28.825,24.625,33.825,76.917,2.335,0.3168,1.734,13.912,0.3168,0.648,0.8,0.2,synthetic_reference_based,climate-demo-1.0
davao,7.073,125.612,35,ssp585,2081-2100,2,85.053,29.025,24.825,34.025,74.271,2.481,0.3347,1.257,14.412,0.3347,0.5936,0.8,0.2,synthetic_reference_based,climate-demo-1.0
davao,7.073,125.612,35,ssp585,2081-2100,3,92.231,29.625,25.425,34.625,73.415,2.535,0.3308,1.363,15.913,0.3308,0.567,0.8,0.2,synthetic_reference_based,climate-demo-1.0
davao,7.073,125.612,35,ssp585,2081-2100,4,100.643,30.225,26.025,35.225,73.583,2.481,0.3261,1.487,17.413,0.3261,0.5421,0.8,0.2,synthetic_reference_based,climate-demo-1.0
davao,7.073,125.612,35,ssp585,2081-2100,5,160.865,30.325,26.125,35.325,77.787,2.335,0.2926,2.377,17.662,0.2926,0.615,0.8,0.2,synthetic_reference_based,climate-demo-1.0
davao,7.073,125.612,35,ssp585,2081-2100,6,221.107,29.825,25.625,34.825,82.992,2.135,0.2592,3.266,16.412,0.2592,0.6333,0.8,0.2,synthetic_reference_based,climate-demo-1.0
davao,7.073,125.612,35,ssp585,2081-2100,7,255.282,29.425,25.225,34.425,84.676,1.935,0.2402,3.771,15.413,0.2402,0.6201,0.8,0.2,synthetic_reference_based,climate-demo-1.0
davao,7.073,125.612,35,ssp585,2081-2100,8,247.063,29.525,25.325,34.525,84.511,1.789,0.2447,3.65,15.662,0.2447,0.6231,0.8,0.2,synthetic_reference_based,climate-demo-1.0
davao,7.073,125.612,35,ssp585,2081-2100,9,205.505,29.625,25.425,34.625,83.68,1.735,0.2678,3.036,15.913,0.2678,0.6623,0.8,0.2,synthetic_reference_based,climate-demo-1.0
davao,7.073,125.612,35,ssp585,2081-2100,10,196.61,29.625,25.425,34.625,83.502,1.789,0.2728,2.905,15.913,0.2728,0.672,0.8,0.2,synthetic_reference_based,climate-demo-1.0
davao,7.073,125.612,35,ssp585,2081-2100,11,174.205,29.425,25.225,34.425,82.054,1.935,0.2852,2.574,15.413,0.2852,0.6865,0.8,0.2,synthetic_reference_based,climate-demo-1.0
davao,7.073,125.612,35,ssp585,2081-2100,12,144.53,29.025,24.825,34.025,79.461,2.135,0.3017,2.135,14.412,0.3017,0.6716,0.8,0.2,synthetic_reference_based,climate-demo-1.0
leyte,11.244,125.004,55,ssp126,historical,1,121.481,25.87,21.67,30.87,79.43,2.245,0.1525,1.62,0.0,0.1525,0.7275,0.35,0.08,synthetic_reference_based,climate-demo-1.0
leyte,11.244,125.004,55,ssp126,historical,2,92.357,26.07,21.87,31.07,76.847,2.391,0.1687,1.231,0.0,0.1687,0.7013,0.35,0.08,synthetic_reference_based,climate-demo-1.0
leyte,11.244,125.004,55,ssp126,historical,3,104.339,26.67,22.47,31.67,76.087,2.445,0.162,1.391,0.425,0.162,0.753,0.35,0.08,synthetic_reference_based,climate-demo-1.0
leyte,11.244,125.004,55,ssp126,historical,4,113.485,27.27,23.07,32.27,76.27,2.391,0.157,1.513,1.925,0.157,0.7686,0.35,0.08,synthetic_reference_based,climate-demo-1.0
leyte,11.244,125.004,55,ssp126,historical,5,173.275,27.37,23.17,32.37,80.466,2.245,0.1237,2.31,2.175,0.1237,0.841,0.35,0.08,synthetic_reference_based,climate-demo-1.0
leyte,11.244,125.004,55,ssp126,historical,6,227.594,26.87,22.67,31.87,85.552,2.045,0.0936,3.035,0.925,0.0936,0.8204,0.35,0.08,synthetic_reference_based,climate-demo-1.0
leyte,11.244,125.004,55,ssp126,historical,7,262.071,26.47,22.27,31.47,87.241,1.845,0.0744,3.494,0.0,0.0744,0.7588,0.35,0.08,synthetic_reference_based,climate-demo-1.0
leyte,11.244,125.004,55,ssp126,historical,8,264.303,26.57,22.37,31.57,87.286,1.699,0.0732,3.524,0.175,0.0732,0.7624,0.35,0.08,synthetic_reference_based,climate-demo-1.0
leyte,11.244,125.004,55,ssp126,historical,9,230.579,26.67,22.47,31.67,86.612,1.645,0.0919,3.074,0.425,0.0919,0.8051,0.35,0.08,synthetic_reference_based,climate-demo-1.0
leyte,11.244,125.004,55,ssp126,historical,10,223.088,26.67,22.47,31.67,86.462,1.699,0.0961,2.975,0.425,0.0961,0.8133,0.35,0.08,synthetic_reference_based,climate-demo-1.0
leyte,11.244,125.004,55,ssp126,historical,11,190.528,26.47,22.27,31.47,84.811,1.845,0.1142,2.54,0.0,0.1142,0.8367,0.35,0.08,synthetic_reference_based,climate-demo-1.0
leyte,11.244,125.004,55,ssp126,historical,12,150.235,26.07,21.87,31.07,82.005,2.045,0.1365,2.003,0.0,0.1365,0.7772,0.35,0.08,synthetic_reference_based,climate-demo-1.0
leyte,11.244,125.004,55,ssp126,2021-2040,1,120.929,26.106,21.906,31.106,79.216,2.245,0.1663,1.627,0.0,0.1663,0.7382,0.462,0.11,synthetic_reference_based,climate-demo-1.0
leyte,11.244,125.004,55,ssp126,2021-2040,2,91.949,26.306,22.106,31.306,76.636,2.391,0.1824,1.237,0.191,0.1824,0.7122,0.462,0.11,synthetic_reference_based,climate-demo-1.0
leyte,11.244,125.004,55,ssp126,2021-2040,3,103.883,26.906,22.706,31.906,75.875,2.445,0.1758,1.398,1.691,0.1758,0.7639,0.462,0.11,synthetic_reference_based,climate-demo-1.0
leyte,11.244,125.004,55,ssp126,2021-2040,4,112.981,27.506,23.306,32.506,76.057,2.391,0.1707,1.52,3.191,0.1707,0.7511,0.462,0.11,synthetic_reference_based,climate-demo-1.0
leyte,11.244,125.004,55,ssp126,2021-2040,5,172.483,27.606,23.406,32.606,80.247,2.245,0.1377,2.32,3.441,0.1377,0.8231,0.462,0.11,synthetic_reference_based,climate-demo-1.0
leyte,11.244,125.004,55,ssp126,2021-2040,6,226.538,27.106,22.906,32.106,85.328,2.045,0.1076,3.048,2.191,0.1076,0.8202,0.462,0.11,synthetic_reference_based,climate-demo-1.0
leyte,11.244,125.004,55,ssp126,2021-2040,7,260.871,26.706,22.506,31.706,87.015,1.845,0.0886,3.51,1.191,0.0886,0.7716,0.462,0.11,synthetic_reference_based,climate-demo-1.0
leyte,11.244,125.004,55,ssp126,2021-2040,8,263.128,26.806,22.606,31.806,87.06,1.699,0.0873,3.54,1.441,0.0873,0.7752,0.462,0.11,synthetic_reference_based,climate-demo-1.0
leyte,11.244,125.004,55,ssp126,2021-2040,9,229.571,26.906,22.706,31.906,86.389,1.645,0.106,3.088,1.691,0.106,0.8177,0.462,0.11,synthetic_reference_based,climate-demo-1.0
leyte,11.244,125.004,55,ssp126,2021-2040,10,222.105,26.906,22.706,31.906,86.24,1.699,0.1101,2.988,1.691,0.1101,0.8258,0.462,0.11,synthetic_reference_based,climate-demo-1.0
leyte,11.244,125.004,55,ssp126,2021-2040,11,189.664,26.706,22.506,31.706,84.591,1.845,0.1281,2.552,1.191,0.1281,0.8492,0.462,0.11,synthetic_reference_based,climate-demo-1.0
leyte,11.244,125.004,55,ssp126,2021-2040,12,149.539,26.306,22.106,31.306,81.788,2.045,0.1504,2.012,0.191,0.1504,0.7877,0.462,0.11,synthetic_reference_based,climate-demo-1.0
leyte,11.244,125.004,55,ssp126,2041-2060,1,120.377,26.342,22.143,31.342,79.003,2.245,0.1801,1.634,0.956,0.1801,0.749,0.575,0.14,synthetic_reference_based,climate-demo-1.0
leyte,11.244,125.004,55,ssp126,2041-2060,2,91.541,26.542,22.342,31.542,76.426,2.391,0.1961,1.243,1.456,0.1961,0.7232,0.575,0.14,synthetic_reference_based,climate-demo-1.0
leyte,11.244,125.004,55,ssp126,2041-2060,3,103.427,27.143,22.943,32.142,75.664,2.445,0.1895,1.404,2.956,0.1895,0.7577,0.575,0.14,synthetic_reference_based,climate-demo-1.0
leyte,11.244,125.004,55,ssp126,2041-2060,4,112.477,27.743,23.543,32.743,75.845,2.391,0.1845,1.527,4.456,0.1845,0.7335,0.575,0.14,synthetic_reference_based,climate-demo-1.0
leyte,11.244,125.004,55,ssp126,2041-2060,5,171.692,27.842,23.643,32.842,80.029,2.245,0.1516,2.33,4.706,0.1516,0.8052,0.575,0.14,synthetic_reference_based,climate-demo-1.0
leyte,11.244,125.004,55,ssp126,2041-2060,6,225.482,27.342,23.143,32.342,85.105,2.045,0.1217,3.061,3.456,0.1217,0.8045,0.575,0.14,synthetic_reference_based,climate-demo-1.0
leyte,11.244,125.004,55,ssp126,2041-2060,7,259.671,26.943,22.743,31.943,86.788,1.845,0.1027,3.525,2.456,0.1027,0.7844,0.575,0.14,synthetic_reference_based,climate-demo-1.0
leyte,11.244,125.004,55,ssp126,2041-2060,8,261.952,27.042,22.842,32.043,86.834,1.699,0.1015,3.556,2.706,0.1015,0.7828,0.575,0.14,synthetic_reference_based,climate-demo-1.0
leyte,11.244,125.004,55,ssp126,2041-2060,9,228.563,27.143,22.943,32.142,86.166,1.645,0.12,3.102,2.956,0.12,0.8132,0.575,0.14,synthetic_reference_based,climate-demo-1.0
leyte,11.244,125.004,55,ssp126,2041-2060,10,221.121,27.143,22.943,32.142,86.017,1.699,0.1242,3.001,2.956,0.1242,0.8213,0.575,0.14,synthetic_reference_based,climate-demo-1.0
leyte,11.244,125.004,55,ssp126,2041-2060,11,188.801,26.943,22.743,31.943,84.371,1.845,0.1421,2.563,2.456,0.1421,0.8616,0.575,0.14,synthetic_reference_based,climate-demo-1.0
leyte,11.244,125.004,55,ssp126,2041-2060,12,148.843,26.542,22.342,31.542,81.572,2.045,0.1643,2.02,1.456,0.1643,0.7983,0.575,0.14,synthetic_reference_based,climate-demo-1.0
leyte,11.244,125.004,55,ssp126,2061-2080,1,119.825,26.579,22.379,31.579,78.789,2.245,0.1939,1.641,2.222,0.1939,0.7597,0.688,0.17,synthetic_reference_based,climate-demo-1.0
leyte,11.244,125.004,55,ssp126,2061-2080,2,91.133,26.779,22.579,31.779,76.215,2.391,0.2099,1.248,2.722,0.2099,0.7341,0.688,0.17,synthetic_reference_based,climate-demo-1.0
leyte,11.244,125.004,55,ssp126,2061-2080,3,102.971,27.379,23.179,32.379,75.452,2.445,0.2033,1.41,4.222,0.2033,0.7402,0.688,0.17,synthetic_reference_based,climate-demo-1.0
leyte,11.244,125.004,55,ssp126,2061-2080,4,111.973,27.979,23.779,32.979,75.632,2.391,0.1983,1.533,5.722,0.1983,0.716,0.688,0.17,synthetic_reference_based,climate-demo-1.0
leyte,11.244,125.004,55,ssp126,2061-2080,5,170.9,28.079,23.879,33.079,79.81,2.245,0.1656,2.34,5.972,0.1656,0.7872,0.688,0.17,synthetic_reference_based,climate-demo-1.0
leyte,11.244,125.004,55,ssp126,2061-2080,6,224.427,27.579,23.379,32.579,84.881,2.045,0.1358,3.073,4.722,0.1358,0.7888,0.688,0.17,synthetic_reference_based,climate-demo-1.0
leyte,11.244,125.004,55,ssp126,2061-2080,7,258.471,27.179,22.979,32.179,86.562,1.845,0.1169,3.539,3.722,0.1169,0.7757,0.688,0.17,synthetic_reference_based,climate-demo-1.0
leyte,11.244,125.004,55,ssp126,2061-2080,8,260.776,27.279,23.079,32.279,86.608,1.699,0.1156,3.571,3.972,0.1156,0.7672,0.688,0.17,synthetic_reference_based,climate-demo-1.0
leyte,11.244,125.004,55,ssp126,2061-2080,9,227.555,27.379,23.179,32.379,85.944,1.645,0.1341,3.116,4.222,0.1341,0.7974,0.688,0.17,synthetic_reference_based,climate-demo-1.0
leyte,11.244,125.004,55,ssp126,2061-2080,10,220.137,27.379,23.179,32.379,85.795,1.699,0.1382,3.014,4.222,0.1382,0.8055,0.688,0.17,synthetic_reference_based,climate-demo-1.0
leyte,11.244,125.004,55,ssp126,2061-2080,11,187.937,27.179,22.979,32.179,84.151,1.845,0.1561,2.573,3.722,0.1561,0.8525,0.688,0.17,synthetic_reference_based,climate-demo-1.0
leyte,11.244,125.004,55,ssp126,2061-2080,12,148.147,26.779,22.579,31.779,81.355,2.045,0.1782,2.029,2.722,0.1782,0.8089,0.688,0.17,synthetic_reference_based,climate-demo-1.0
leyte,11.244,125.004,55,ssp126,2081-2100,1,119.274,26.815,22.615,31.815,78.575,2.245,0.2077,1.648,3.488,0.2077,0.7705,0.8,0.2,synthetic_reference_based,climate-demo-1.0
leyte,11.244,125.004,55,ssp126,2081-2100,2,90.725,27.015,22.815,32.015,76.005,2.391,0.2236,1.253,3.988,0.2236,0.7433,0.8,0.2,synthetic_reference_based,climate-demo-1.0
leyte,11.244,125.004,55,ssp126,2081-2100,3,102.515,27.615,23.415,32.615,75.24,2.445,0.217,1.416,5.488,0.217,0.7227,0.8,0.2,synthetic_reference_based,climate-demo-1.0
leyte,11.244,125.004,55,ssp126,2081-2100,4,111.47,28.215,24.015,33.215,75.419,2.391,0.2121,1.54,6.988,0.2121,0.6984,0.8,0.2,synthetic_reference_based,climate-demo-1.0
leyte,11.244,125.004,55,ssp126,2081-2100,5,170.108,28.315,24.115,33.315,79.592,2.245,0.1795,2.35,7.238,0.1795,0.7693,0.8,0.2,synthetic_reference_based,climate-demo-1.0
leyte,11.244,125.004,55,ssp126,2081-2100,6,223.371,27.815,23.615,32.815,84.657,2.045,0.1499,3.085,5.988,0.1499,0.7731,0.8,0.2,synthetic_reference_based,climate-demo-1.0
leyte,11.244,125.004,55,ssp126,2081-2100,7,257.271,27.415,23.215,32.415,86.335,1.845,0.1311,3.554,4.988,0.1311,0.7602,0.8,0.2,synthetic_reference_based,climate-demo-1.0
leyte,11.244,125.004,55,ssp126,2081-2100,8,259.6,27.515,23.315,32.515,86.382,1.699,0.1298,3.586,5.238,0.1298,0.7516,0.8,0.2,synthetic_reference_based,climate-demo-1.0
leyte,11.244,125.004,55,ssp126,2081-2100,9,226.547,27.615,23.415,32.615,85.721,1.645,0.1481,3.129,5.488,0.1481,0.7816,0.8,0.2,synthetic_reference_based,climate-demo-1.0
leyte,11.244,125.004,55,ssp126,2081-2100,10,219.153,27.615,23.415,32.615,85.573,1.699,0.1522,3.027,5.488,0.1522,0.7897,0.8,0.2,synthetic_reference_based,climate-demo-1.0
leyte,11.244,125.004,55,ssp126,2081-2100,11,187.073,27.415,23.215,32.415,83.931,1.845,0.1701,2.584,4.988,0.1701,0.8366,0.8,0.2,synthetic_reference_based,climate-demo-1.0
leyte,11.244,125.004,55,ssp126,2081-2100,12,147.451,27.015,22.815,32.015,81.139,2.045,0.1921,2.037,3.988,0.1921,0.8176,0.8,0.2,synthetic_reference_based,climate-demo-1.0
leyte,11.244,125.004,55,ssp245,historical,1,121.481,25.87,21.67,30.87,79.43,2.275,0.1525,1.62,0.0,0.1525,0.7275,0.35,0.08,synthetic_reference_based,climate-demo-1.0
leyte,11.244,125.004,55,ssp245,historical,2,92.357,26.07,21.87,31.07,76.847,2.421,0.1687,1.231,0.0,0.1687,0.7013,0.35,0.08,synthetic_reference_based,climate-demo-1.0
leyte,11.244,125.004,55,ssp245,historical,3,104.339,26.67,22.47,31.67,76.087,2.475,0.162,1.391,0.425,0.162,0.753,0.35,0.08,synthetic_reference_based,climate-demo-1.0
leyte,11.244,125.004,55,ssp245,historical,4,113.485,27.27,23.07,32.27,76.27,2.421,0.157,1.513,1.925,0.157,0.7686,0.35,0.08,synthetic_reference_based,climate-demo-1.0
leyte,11.244,125.004,55,ssp245,historical,5,173.275,27.37,23.17,32.37,80.466,2.275,0.1237,2.31,2.175,0.1237,0.841,0.35,0.08,synthetic_reference_based,climate-demo-1.0
leyte,11.244,125.004,55,ssp245,historical,6,227.594,26.87,22.67,31.87,85.552,2.075,0.0936,3.035,0.925,0.0936,0.8204,0.35,0.08,synthetic_reference_based,climate-demo-1.0
leyte,11.244,125.004,55,ssp245,historical,7,262.071,26.47,22.27,31.47,87.241,1.875,0.0744,3.494,0.0,0.0744,0.7588,0.35,0.08,synthetic_reference_based,climate-demo-1.0
leyte,11.244,125.004,55,ssp245,historical,8,264.303,26.57,22.37,31.57,87.286,1.729,0.0732,3.524,0.175,0.0732,0.7624,0.35,0.08,synthetic_reference_based,climate-demo-1.0
leyte,11.244,125.004,55,ssp245,historical,9,230.579,26.67,22.47,31.67,86.612,1.675,0.0919,3.074,0.425,0.0919,0.8051,0.35,0.08,synthetic_reference_based,climate-demo-1.0
leyte,11.244,125.004,55,ssp245,historical,10,223.088,26.67,22.47,31.67,86.462,1.729,0.0961,2.975,0.425,0.0961,0.8133,0.35,0.08,synthetic_reference_based,climate-demo-1.0
leyte,11.244,125.004,55,ssp245,historical,11,190.528,26.47,22.27,31.47,84.811,1.875,0.1142,2.54,0.0,0.1142,0.8367,0.35,0.08,synthetic_reference_based,climate-demo-1.0
leyte,11.244,125.004,55,ssp245,historical,12,150.235,26.07,21.87,31.07,82.005,2.075,0.1365,2.003,0.0,0.1365,0.7772,0.35,0.08,synthetic_reference_based,climate-demo-1.0
leyte,11.244,125.004,55,ssp245,2021-2040,1,120.561,26.264,22.064,31.264,79.074,2.275,0.1755,1.632,0.534,0.1755,0.7454,0.462,0.11,synthetic_reference_based,climate-demo-1.0
leyte,11.244,125.004,55,ssp245,2021-2040,2,91.677,26.464,22.264,31.464,76.496,2.421,0.1916,1.241,1.034,0.1916,0.7195,0.462,0.11,synthetic_reference_based,climate-demo-1.0
leyte,11.244,125.004,55,ssp245,2021-2040,3,103.579,27.064,22.864,32.064,75.734,2.475,0.185,1.402,2.534,0.185,0.7635,0.462,0.11,synthetic_reference_based,climate-demo-1.0
leyte,11.244,125.004,55,ssp245,2021-2040,4,112.645,27.664,23.464,32.664,75.915,2.421,0.1799,1.524,4.034,0.1799,0.7394,0.462,0.11,synthetic_reference_based,climate-demo-1.0
leyte,11.244,125.004,55,ssp245,2021-2040,5,171.956,27.764,23.564,32.764,80.102,2.275,0.147,2.327,4.284,0.147,0.8111,0.462,0.11,synthetic_reference_based,climate-demo-1.0
leyte,11.244,125.004,55,ssp245,2021-2040,6,225.834,27.264,23.064,32.264,85.179,2.075,0.117,3.056,3.034,0.117,0.8098,0.462,0.11,synthetic_reference_based,climate-demo-1.0
leyte,11.244,125.004,55,ssp245,2021-2040,7,260.071,26.864,22.664,31.864,86.864,1.875,0.098,3.52,2.034,0.098,0.7801,0.462,0.11,synthetic_reference_based,climate-demo-1.0
leyte,11.244,125.004,55,ssp245,2021-2040,8,262.344,26.964,22.764,31.964,86.909,1.729,0.0968,3.55,2.284,0.0968,0.7837,0.462,0.11,synthetic_reference_based,climate-demo-1.0
leyte,11.244,125.004,55,ssp245,2021-2040,9,228.899,27.064,22.864,32.064,86.24,1.675,0.1153,3.098,2.534,0.1153,0.8184,0.462,0.11,synthetic_reference_based,climate-demo-1.0
leyte,11.244,125.004,55,ssp245,2021-2040,10,221.449,27.064,22.864,32.064,86.091,1.729,0.1195,2.997,2.534,0.1195,0.8265,0.462,0.11,synthetic_reference_based,climate-demo-1.0
leyte,11.244,125.004,55,ssp245,2021-2040,11,189.088,26.864,22.664,31.864,84.444,1.875,0.1375,2.559,2.034,0.1375,0.8574,0.462,0.11,synthetic_reference_based,climate-demo-1.0
leyte,11.244,125.004,55,ssp245,2021-2040,12,149.075,26.464,22.264,31.464,81.644,2.075,0.1597,2.017,1.034,0.1597,0.7948,0.462,0.11,synthetic_reference_based,climate-demo-1.0
leyte,11.244,125.004,55,ssp245,2041-2060,1,119.641,26.658,22.458,31.658,78.718,2.275,0.1985,1.643,2.644,0.1985,0.7633,0.575,0.14,synthetic_reference_based,climate-demo-1.0
leyte,11.244,125.004,55,ssp245,2041-2060,2,90.997,26.858,22.658,31.858,76.145,2.421,0.2144,1.25,3.144,0.2144,0.7378,0.575,0.14,synthetic_reference_based,climate-demo-1.0
leyte,11.244,125.004,55,ssp245,2041-2060,3,102.819,27.458,23.258,32.458,75.381,2.475,0.2079,1.412,4.644,0.2079,0.7344,0.575,0.14,synthetic_reference_based,climate-demo-1.0
leyte,11.244,125.004,55,ssp245,2041-2060,4,111.806,28.058,23.858,33.058,75.561,2.421,0.2029,1.535,6.144,0.2029,0.7101,0.575,0.14,synthetic_reference_based,climate-demo-1.0
leyte,11.244,125.004,55,ssp245,2041-2060,5,170.636,28.158,23.958,33.158,79.738,2.275,0.1702,2.343,6.394,0.1702,0.7813,0.575,0.14,synthetic_reference_based,climate-demo-1.0
leyte,11.244,125.004,55,ssp245,2041-2060,6,224.075,27.658,23.458,32.658,84.806,2.075,0.1405,3.077,5.144,0.1405,0.7836,0.575,0.14,synthetic_reference_based,climate-demo-1.0
leyte,11.244,125.004,55,ssp245,2041-2060,7,258.071,27.258,23.058,32.258,86.486,1.875,0.1216,3.544,4.144,0.1216,0.7705,0.575,0.14,synthetic_reference_based,climate-demo-1.0
leyte,11.244,125.004,55,ssp245,2041-2060,8,260.384,27.358,23.158,32.358,86.533,1.729,0.1203,3.576,4.394,0.1203,0.762,0.575,0.14,synthetic_reference_based,climate-demo-1.0
leyte,11.244,125.004,55,ssp245,2041-2060,9,227.219,27.458,23.258,32.458,85.869,1.675,0.1388,3.12,4.644,0.1388,0.7921,0.575,0.14,synthetic_reference_based,climate-demo-1.0
leyte,11.244,125.004,55,ssp245,2041-2060,10,219.809,27.458,23.258,32.458,85.721,1.729,0.1429,3.019,4.644,0.1429,0.8002,0.575,0.14,synthetic_reference_based,climate-demo-1.0
leyte,11.244,125.004,55,ssp245,2041-2060,11,187.649,27.258,23.058,32.258,84.078,1.875,0.1608,2.577,4.144,0.1608,0.8472,0.575,0.14,synthetic_reference_based,climate-demo-1.0
leyte,11.244,125.004,55,ssp245,2041-2060,12,147.915,26.858,22.658,31.858,81.283,2.075,0.1828,2.031,3.144,0.1828,0.8124,0.575,0.14,synthetic_reference_based,climate-demo-1.0
leyte,11.244,125.004,55,ssp245,2061-2080,1,118.722,27.051,22.851,32.051,78.362,2.275,0.2215,1.654,4.753,0.2215,0.7751,0.688,0.17,synthetic_reference_based,climate-demo-1.0
leyte,11.244,125.004,55,ssp245,2061-2080,2,90.317,27.251,23.051,32.251,75.794,2.421,0.2373,1.258,5.253,0.2373,0.7258,0.688,0.17,synthetic_reference_based,climate-demo-1.0
leyte,11.244,125.004,55,ssp245,2061-2080,3,102.06,27.851,23.651,32.851,75.029,2.475,0.2308,1.422,6.753,0.2308,0.7052,0.688,0.17,synthetic_reference_based,climate-demo-1.0
leyte,11.244,125.004,55,ssp245,2061-2080,4,110.966,28.451,24.251,33.451,75.207,2.421,0.2259,1.546,8.253,0.2259,0.6809,0.688,0.17,synthetic_reference_based,climate-demo-1.0
leyte,11.244,125.004,55,ssp245,2061-2080,5,169.316,28.551,24.351,33.551,79.374,2.275,0.1934,2.359,8.503,0.1934,0.7514,0.688,0.17,synthetic_reference_based,climate-demo-1.0
leyte,11.244,125.004,55,ssp245,2061-2080,6,222.315,28.051,23.851,33.051,84.434,2.075,0.164,3.098,7.253,0.164,0.7573,0.688,0.17,synthetic_reference_based,climate-demo-1.0
leyte,11.244,125.004,55,ssp245,2061-2080,7,256.072,27.651,23.451,32.651,86.109,1.875,0.1452,3.568,6.253,0.1452,0.7446,0.688,0.17,synthetic_reference_based,climate-demo-1.0
leyte,11.244,125.004,55,ssp245,2061-2080,8,258.424,27.751,23.551,32.751,86.156,1.729,0.1439,3.601,6.503,0.1439,0.736,0.688,0.17,synthetic_reference_based,climate-demo-1.0
leyte,11.244,125.004,55,ssp245,2061-2080,9,225.539,27.851,23.651,32.851,85.498,1.675,0.1622,3.143,6.753,0.1622,0.7658,0.688,0.17,synthetic_reference_based,climate-demo-1.0
leyte,11.244,125.004,55,ssp245,2061-2080,10,218.169,27.851,23.651,32.851,85.351,1.729,0.1663,3.04,6.753,0.1663,0.7739,0.688,0.17,synthetic_reference_based,climate-demo-1.0
leyte,11.244,125.004,55,ssp245,2061-2080,11,186.209,27.651,23.451,32.651,83.712,1.875,0.1841,2.595,6.253,0.1841,0.8207,0.688,0.17,synthetic_reference_based,climate-demo-1.0
leyte,11.244,125.004,55,ssp245,2061-2080,12,146.756,27.251,23.051,32.251,80.923,2.075,0.206,2.045,5.253,0.206,0.7998,0.688,0.17,synthetic_reference_based,climate-demo-1.0
leyte,11.244,125.004,55,ssp245,2081-2100,1,117.802,27.445,23.245,32.445,78.006,2.275,0.2446,1.665,6.863,0.2446,0.7458,0.8,0.2,synthetic_reference_based,climate-demo-1.0
leyte,11.244,125.004,55,ssp245,2081-2100,2,89.637,27.645,23.445,32.645,75.443,2.421,0.2602,1.267,7.362,0.2602,0.6968,0.8,0.2,synthetic_reference_based,climate-demo-1.0
leyte,11.244,125.004,55,ssp245,2081-2100,3,101.3,28.245,24.045,33.245,74.676,2.475,0.2537,1.432,8.863,0.2537,0.6761,0.8,0.2,synthetic_reference_based,climate-demo-1.0
leyte,11.244,125.004,55,ssp245,2081-2100,4,110.126,28.845,24.645,33.845,74.853,2.421,0.2488,1.556,10.363,0.2488,0.6517,0.8,0.2,synthetic_reference_based,climate-demo-1.0
leyte,11.244,125.004,55,ssp245,2081-2100,5,167.996,28.945,24.745,33.945,79.01,2.275,0.2167,2.374,10.612,0.2167,0.7216,0.8,0.2,synthetic_reference_based,climate-demo-1.0
leyte,11.244,125.004,55,ssp245,2081-2100,6,220.555,28.445,24.245,33.445,84.061,2.075,0.1875,3.117,9.362,0.1875,0.7311,0.8,0.2,synthetic_reference_based,climate-demo-1.0
leyte,11.244,125.004,55,ssp245,2081-2100,7,254.072,28.045,23.845,33.045,85.731,1.875,0.1688,3.591,8.363,0.1688,0.7186,0.8,0.2,synthetic_reference_based,climate-demo-1.0
leyte,11.244,125.004,55,ssp245,2081-2100,8,256.465,28.145,23.945,33.145,85.779,1.729,0.1675,3.625,8.612,0.1675,0.71,0.8,0.2,synthetic_reference_based,climate-demo-1.0
leyte,11.244,125.004,55,ssp245,2081-2100,9,223.86,28.245,24.045,33.245,85.127,1.675,0.1856,3.164,8.863,0.1856,0.7395,0.8,0.2,synthetic_reference_based,climate-demo-1.0
leyte,11.244,125.004,55,ssp245,2081-2100,10,216.53,28.245,24.045,33.245,84.981,1.729,0.1897,3.06,8.863,0.1897,0.7475,0.8,0.2,synthetic_reference_based,climate-demo-1.0
leyte,11.244,125.004,55,ssp245,2081-2100,11,184.769,28.045,23.845,33.045,83.345,1.875,0.2074,2.611,8.363,0.2074,0.7941,0.8,0.2,synthetic_reference_based,climate-demo-1.0
leyte,11.244,125.004,55,ssp245,2081-2100,12,145.596,27.645,23.445,32.645,80.562,2.075,0.2291,2.058,7.362,0.2291,0.7702,0.8,0.2,synthetic_reference_based,climate-demo-1.0
leyte,11.244,125.004,55,ssp370,historical,1,121.481,25.87,21.67,30.87,79.43,2.305,0.1525,1.62,0.0,0.1525,0.7275,0.35,0.08,synthetic_reference_based,climate-demo-1.0
leyte,11.244,125.004,55,ssp370,historical,2,92.357,26.07,21.87,31.07,76.847,2.451,0.1687,1.231,0.0,0.1687,0.7013,0.35,0.08,synthetic_reference_based,climate-demo-1.0
leyte,11.244,125.004,55,ssp370,historical,3,104.339,26.67,22.47,31.67,76.087,2.505,0.162,1.391,0.425,0.162,0.753,0.35,0.08,synthetic_reference_based,climate-demo-1.0
leyte,11.244,125.004,55,ssp370,historical,4,113.485,27.27,23.07,32.27,76.27,2.451,0.157,1.513,1.925,0.157,0.7686,0.35,0.08,synthetic_reference_based,climate-demo-1.0
leyte,11.244,125.004,55,ssp370,historical,5,173.275,27.37,23.17,32.37,80.466,2.305,0.1237,2.31,2.175,0.1237,0.841,0.35,0.08,synthetic_reference_based,climate-demo-1.0
leyte,11.244,125.004,55,ssp370,historical,6,227.594,26.87,22.67,31.87,85.552,2.105,0.0936,3.035,0.925,0.0936,0.8204,0.35,0.08,synthetic_reference_based,climate-demo-1.0
leyte,11.244,125.004,55,ssp370,historical,7,262.071,26.47,22.27,31.47,87.241,1.905,0.0744,3.494,0.0,0.0744,0.7588,0.35,0.08,synthetic_reference_based,climate-demo-1.0
leyte,11.244,125.004,55,ssp370,historical,8,264.303,26.57,22.37,31.57,87.286,1.759,0.0732,3.524,0.175,0.0732,0.7624,0.35,0.08,synthetic_reference_based,climate-demo-1.0
leyte,11.244,125.004,55,ssp370,historical,9,230.579,26.67,22.47,31.67,86.612,1.705,0.0919,3.074,0.425,0.0919,0.8051,0.35,0.08,synthetic_reference_based,climate-demo-1.0
leyte,11.244,125.004,55,ssp370,historical,10,223.088,26.67,22.47,31.67,86.462,1.759,0.0961,2.975,0.425,0.0961,0.8133,0.35,0.08,synthetic_reference_based,climate-demo-1.0
leyte,11.244,125.004,55,ssp370,historical,11,190.528,26.47,22.27,31.47,84.811,1.905,0.1142,2.54,0.0,0.1142,0.8367,0.35,0.08,synthetic_reference_based,climate-demo-1.0
leyte,11.244,125.004,55,ssp370,historical,12,150.235,26.07,21.87,31.07,82.005,2.105,0.1365,2.003,0.0,0.1365,0.7772,0.35,0.08,synthetic_reference_based,climate-demo-1.0
leyte,11.244,125.004,55,ssp370,2021-2040,1,120.193,26.421,22.221,31.421,78.931,2.305,0.1847,1.636,1.378,0.1847,0.7526,0.462,0.11,synthetic_reference_based,climate-demo-1.0
leyte,11.244,125.004,55,ssp370,2021-2040,2,91.405,26.621,22.421,31.621,76.356,2.451,0.2007,1.244,1.878,0.2007,0.7268,0.462,0.11,synthetic_reference_based,climate-demo-1.0
leyte,11.244,125.004,55,ssp370,2021-2040,3,103.275,27.221,23.021,32.221,75.593,2.505,0.1941,1.406,3.378,0.1941,0.7518,0.462,0.11,synthetic_reference_based,climate-demo-1.0
leyte,11.244,125.004,55,ssp370,2021-2040,4,112.309,27.821,23.621,32.821,75.774,2.451,0.1891,1.529,4.878,0.1891,0.7277,0.462,0.11,synthetic_reference_based,climate-demo-1.0
leyte,11.244,125.004,55,ssp370,2021-2040,5,171.428,27.921,23.721,32.921,79.956,2.305,0.1563,2.334,5.128,0.1563,0.7992,0.462,0.11,synthetic_reference_based,climate-demo-1.0
leyte,11.244,125.004,55,ssp370,2021-2040,6,225.131,27.421,23.221,32.421,85.03,2.105,0.1264,3.065,3.878,0.1264,0.7993,0.462,0.11,synthetic_reference_based,climate-demo-1.0
leyte,11.244,125.004,55,ssp370,2021-2040,7,259.271,27.021,22.821,32.021,86.713,1.905,0.1075,3.53,2.878,0.1075,0.7861,0.462,0.11,synthetic_reference_based,climate-demo-1.0
leyte,11.244,125.004,55,ssp370,2021-2040,8,261.56,27.121,22.921,32.121,86.759,1.759,0.1062,3.561,3.128,0.1062,0.7776,0.462,0.11,synthetic_reference_based,climate-demo-1.0
leyte,11.244,125.004,55,ssp370,2021-2040,9,228.227,27.221,23.021,32.221,86.092,1.705,0.1247,3.107,3.378,0.1247,0.8079,0.462,0.11,synthetic_reference_based,climate-demo-1.0
leyte,11.244,125.004,55,ssp370,2021-2040,10,220.793,27.221,23.021,32.221,85.943,1.759,0.1288,3.006,3.378,0.1288,0.816,0.462,0.11,synthetic_reference_based,climate-demo-1.0
leyte,11.244,125.004,55,ssp370,2021-2040,11,188.513,27.021,22.821,32.021,84.298,1.905,0.1468,2.566,2.878,0.1468,0.8632,0.462,0.11,synthetic_reference_based,climate-demo-1.0
leyte,11.244,125.004,55,ssp370,2021-2040,12,148.611,26.621,22.421,31.621,81.5,2.105,0.1689,2.023,1.878,0.1689,0.8018,0.462,0.11,synthetic_reference_based,climate-demo-1.0
leyte,11.244,125.004,55,ssp370,2041-2060,1,118.906,26.972,22.772,31.972,78.433,2.305,0.2169,1.652,4.331,0.2169,0.7776,0.575,0.14,synthetic_reference_based,climate-demo-1.0
leyte,11.244,125.004,55,ssp370,2041-2060,2,90.453,27.172,22.972,32.172,75.864,2.451,0.2327,1.257,4.831,0.2327,0.7316,0.575,0.14,synthetic_reference_based,climate-demo-1.0
leyte,11.244,125.004,55,ssp370,2041-2060,3,102.211,27.772,23.572,32.772,75.099,2.505,0.2262,1.42,6.331,0.2262,0.7111,0.575,0.14,synthetic_reference_based,climate-demo-1.0
leyte,11.244,125.004,55,ssp370,2041-2060,4,111.134,28.373,24.173,33.372,75.278,2.451,0.2213,1.544,7.831,0.2213,0.6868,0.575,0.14,synthetic_reference_based,climate-demo-1.0
leyte,11.244,125.004,55,ssp370,2041-2060,5,169.58,28.472,24.272,33.472,79.447,2.305,0.1888,2.356,8.081,0.1888,0.7574,0.575,0.14,synthetic_reference_based,climate-demo-1.0
leyte,11.244,125.004,55,ssp370,2041-2060,6,222.667,27.972,23.772,32.972,84.508,2.105,0.1593,3.094,6.831,0.1593,0.7626,0.575,0.14,synthetic_reference_based,climate-demo-1.0
leyte,11.244,125.004,55,ssp370,2041-2060,7,256.471,27.572,23.373,32.573,86.184,1.905,0.1405,3.563,5.831,0.1405,0.7498,0.575,0.14,synthetic_reference_based,climate-demo-1.0
leyte,11.244,125.004,55,ssp370,2041-2060,8,258.816,27.672,23.472,32.672,86.231,1.759,0.1392,3.596,6.081,0.1392,0.7412,0.575,0.14,synthetic_reference_based,climate-demo-1.0
leyte,11.244,125.004,55,ssp370,2041-2060,9,225.875,27.772,23.572,32.772,85.573,1.705,0.1575,3.138,6.331,0.1575,0.7711,0.575,0.14,synthetic_reference_based,climate-demo-1.0
leyte,11.244,125.004,55,ssp370,2041-2060,10,218.497,27.772,23.572,32.772,85.425,1.759,0.1616,3.036,6.331,0.1616,0.7791,0.575,0.14,synthetic_reference_based,climate-demo-1.0
leyte,11.244,125.004,55,ssp370,2041-2060,11,186.497,27.572,23.373,32.573,83.785,1.905,0.1794,2.591,5.831,0.1794,0.826,0.575,0.14,synthetic_reference_based,climate-demo-1.0
leyte,11.244,125.004,55,ssp370,2041-2060,12,146.987,27.172,22.972,32.172,80.995,2.105,0.2013,2.042,4.831,0.2013,0.8058,0.575,0.14,synthetic_reference_based,climate-demo-1.0
leyte,11.244,125.004,55,ssp370,2061-2080,1,117.618,27.524,23.324,32.524,77.935,2.305,0.2492,1.667,7.284,0.2492,0.7399,0.688,0.17,synthetic_reference_based,climate-demo-1.0
leyte,11.244,125.004,55,ssp370,2061-2080,2,89.501,27.724,23.524,32.724,75.373,2.451,0.2648,1.269,7.784,0.2648,0.691,0.688,0.17,synthetic_reference_based,climate-demo-1.0
leyte,11.244,125.004,55,ssp370,2061-2080,3,101.148,28.324,24.124,33.324,74.605,2.505,0.2583,1.434,9.284,0.2583,0.6703,0.688,0.17,synthetic_reference_based,climate-demo-1.0
leyte,11.244,125.004,55,ssp370,2061-2080,4,109.958,28.924,24.724,33.924,74.782,2.451,0.2534,1.558,10.784,0.2534,0.6458,0.688,0.17,synthetic_reference_based,climate-demo-1.0
leyte,11.244,125.004,55,ssp370,2061-2080,5,167.732,29.024,24.824,34.024,78.937,2.305,0.2213,2.377,11.034,0.2213,0.7156,0.688,0.17,synthetic_reference_based,climate-demo-1.0
leyte,11.244,125.004,55,ssp370,2061-2080,6,220.203,28.524,24.324,33.524,83.987,2.105,0.1922,3.121,9.784,0.1922,0.7259,0.688,0.17,synthetic_reference_based,climate-demo-1.0
leyte,11.244,125.004,55,ssp370,2061-2080,7,253.672,28.124,23.924,33.124,85.656,1.905,0.1736,3.595,8.784,0.1736,0.7135,0.688,0.17,synthetic_reference_based,climate-demo-1.0
leyte,11.244,125.004,55,ssp370,2061-2080,8,256.073,28.224,24.024,33.224,85.704,1.759,0.1722,3.629,9.034,0.1722,0.7048,0.688,0.17,synthetic_reference_based,climate-demo-1.0
leyte,11.244,125.004,55,ssp370,2061-2080,9,223.524,28.324,24.124,33.324,85.053,1.705,0.1903,3.168,9.284,0.1903,0.7343,0.688,0.17,synthetic_reference_based,climate-demo-1.0
leyte,11.244,125.004,55,ssp370,2061-2080,10,216.202,28.324,24.124,33.324,84.907,1.759,0.1944,3.064,9.284,0.1944,0.7423,0.688,0.17,synthetic_reference_based,climate-demo-1.0
leyte,11.244,125.004,55,ssp370,2061-2080,11,184.481,28.124,23.924,33.124,83.272,1.905,0.212,2.615,8.784,0.212,0.7888,0.688,0.17,synthetic_reference_based,climate-demo-1.0
leyte,11.244,125.004,55,ssp370,2061-2080,12,145.364,27.724,23.524,32.724,80.49,2.105,0.2337,2.06,7.784,0.2337,0.7643,0.688,0.17,synthetic_reference_based,climate-demo-1.0
leyte,11.244,125.004,55,ssp370,2081-2100,1,116.33,28.075,23.875,33.075,77.437,2.305,0.2814,1.681,10.238,0.2814,0.6988,0.8,0.2,synthetic_reference_based,climate-demo-1.0
leyte,11.244,125.004,55,ssp370,2081-2100,2,88.55,28.275,24.075,33.275,74.881,2.451,0.2968,1.28,10.737,0.2968,0.6504,0.8,0.2,synthetic_reference_based,climate-demo-1.0
leyte,11.244,125.004,55,ssp370,2081-2100,3,100.084,28.875,24.675,33.875,74.112,2.505,0.2904,1.447,12.238,0.2904,0.6295,0.8,0.2,synthetic_reference_based,climate-demo-1.0
leyte,11.244,125.004,55,ssp370,2081-2100,4,108.782,29.475,25.275,34.475,74.286,2.451,0.2856,1.572,13.738,0.2856,0.6049,0.8,0.2,synthetic_reference_based,climate-demo-1.0
leyte,11.244,125.004,55,ssp370,2081-2100,5,165.885,29.575,25.375,34.575,78.428,2.305,0.2538,2.398,13.988,0.2538,0.6738,0.8,0.2,synthetic_reference_based,climate-demo-1.0
leyte,11.244,125.004,55,ssp370,2081-2100,6,217.74,29.075,24.875,34.075,83.465,2.105,0.225,3.147,12.738,0.225,0.6892,0.8,0.2,synthetic_reference_based,climate-demo-1.0
leyte,11.244,125.004,55,ssp370,2081-2100,7,250.872,28.675,24.475,33.675,85.127,1.905,0.2066,3.626,11.738,0.2066,0.6771,0.8,0.2,synthetic_reference_based,climate-demo-1.0
leyte,11.244,125.004,55,ssp370,2081-2100,8,253.329,28.775,24.575,33.775,85.177,1.759,0.2053,3.661,11.987,0.2053,0.6685,0.8,0.2,synthetic_reference_based,climate-demo-1.0
leyte,11.244,125.004,55,ssp370,2081-2100,9,221.172,28.875,24.675,33.875,84.533,1.705,0.2231,3.197,12.238,0.2231,0.6975,0.8,0.2,synthetic_reference_based,climate-demo-1.0
leyte,11.244,125.004,55,ssp370,2081-2100,10,213.906,28.875,24.675,33.875,84.388,1.759,0.2272,3.092,12.238,0.2272,0.7054,0.8,0.2,synthetic_reference_based,climate-demo-1.0
leyte,11.244,125.004,55,ssp370,2081-2100,11,182.466,28.675,24.475,33.675,82.759,1.905,0.2446,2.637,11.738,0.2446,0.7495,0.8,0.2,synthetic_reference_based,climate-demo-1.0
leyte,11.244,125.004,55,ssp370,2081-2100,12,143.74,28.275,24.075,33.275,79.985,2.105,0.2661,2.078,10.737,0.2661,0.7228,0.8,0.2,synthetic_reference_based,climate-demo-1.0
leyte,11.244,125.004,55,ssp585,historical,1,121.481,25.87,21.67,30.87,79.43,2.335,0.1525,1.62,0.0,0.1525,0.7275,0.35,0.08,synthetic_reference_based,climate-demo-1.0
leyte,11.244,125.004,55,ssp585,historical,2,92.357,26.07,21.87,31.07,76.847,2.481,0.1687,1.231,0.0,0.1687,0.7013,0.35,0.08,synthetic_reference_based,climate-demo-1.0
leyte,11.244,125.004,55,ssp585,historical,3,104.339,26.67,22.47,31.67,76.087,2.535,0.162,1.391,0.425,0.162,0.753,0.35,0.08,synthetic_reference_based,climate-demo-1.0
leyte,11.244,125.004,55,ssp585,historical,4,113.485,27.27,23.07,32.27,76.27,2.481,0.157,1.513,1.925,0.157,0.7686,0.35,0.08,synthetic_reference_based,climate-demo-1.0
leyte,11.244,125.004,55,ssp585,historical,5,173.275,27.37,23.17,32.37,80.466,2.335,0.1237,2.31,2.175,0.1237,0.841,0.35,0.08,synthetic_reference_based,climate-demo-1.0
leyte,11.244,125.004,55,ssp585,historical,6,227.594,26.87,22.67,31.87,85.552,2.135,0.0936,3.035,0.925,0.0936,0.8204,0.35,0.08,synthetic_reference_based,climate-demo-1.0
leyte,11.244,125.004,55,ssp585,historical,7,262.071,26.47,22.27,31.47,87.241,1.935,0.0744,3.494,0.0,0.0744,0.7588,0.35,0.08,synthetic_reference_based,climate-demo-1.0
leyte,11.244,125.004,55,ssp585,historical,8,264.303,26.57,22.37,31.57,87.286,1.789,0.0732,3.524,0.175,0.0732,0.7624,0.35,0.08,synthetic_reference_based,climate-demo-1.0
leyte,11.244,125.004,55,ssp585,historical,9,230.579,26.67,22.47,31.67,86.612,1.735,0.0919,3.074,0.425,0.0919,0.8051,0.35,0.08,synthetic_reference_based,climate-demo-1.0
leyte,11.244,125.004,55,ssp585,historical,10,223.088,26.67,22.47,31.67,86.462,1.789,0.0961,2.975,0.425,0.0961,0.8133,0.35,0.08,synthetic_reference_based,climate-demo-1.0
leyte,11.244,125.004,55,ssp585,historical,11,190.528,26.47,22.27,31.47,84.811,1.935,0.1142,2.54,0.0,0.1142,0.8367,0.35,0.08,synthetic_reference_based,climate-demo-1.0
leyte,11.244,125.004,55,ssp585,historical,12,150.235,26.07,21.87,31.07,82.005,2.135,0.1365,2.003,0.0,0.1365,0.7772,0.35,0.08,synthetic_reference_based,climate-demo-1.0
leyte,11.244,125.004,55,ssp585,2021-2040,1,119.825,26.579,22.379,31.579,78.789,2.335,0.1939,1.641,2.222,0.1939,0.7597,0.462,0.11,synthetic_reference_based,climate-demo-1.0
leyte,11.244,125.004,55,ssp585,2021-2040,2,91.133,26.779,22.579,31.779,76.215,2.481,0.2099,1.248,2.722,0.2099,0.7341,0.462,0.11,synthetic_reference_based,climate-demo-1.0
leyte,11.244,125.004,55,ssp585,2021-2040,3,102.971,27.379,23.179,32.379,75.452,2.535,0.2033,1.41,4.222,0.2033,0.7402,0.462,0.11,synthetic_reference_based,climate-demo-1.0
leyte,11.244,125.004,55,ssp585,2021-2040,4,111.973,27.979,23.779,32.979,75.632,2.481,0.1983,1.533,5.722,0.1983,0.716,0.462,0.11,synthetic_reference_based,climate-demo-1.0
leyte,11.244,125.004,55,ssp585,2021-2040,5,170.9,28.079,23.879,33.079,79.81,2.335,0.1656,2.34,5.972,0.1656,0.7872,0.462,0.11,synthetic_reference_based,climate-demo-1.0
leyte,11.244,125.004,55,ssp585,2021-2040,6,224.427,27.579,23.379,32.579,84.881,2.135,0.1358,3.073,4.722,0.1358,0.7888,0.462,0.11,synthetic_reference_based,climate-demo-1.0
leyte,11.244,125.004,55,ssp585,2021-2040,7,258.471,27.179,22.979,32.179,86.562,1.935,0.1169,3.539,3.722,0.1169,0.7757,0.462,0.11,synthetic_reference_based,climate-demo-1.0
leyte,11.244,125.004,55,ssp585,2021-2040,8,260.776,27.279,23.079,32.279,86.608,1.789,0.1156,3.571,3.972,0.1156,0.7672,0.462,0.11,synthetic_reference_based,climate-demo-1.0
leyte,11.244,125.004,55,ssp585,2021-2040,9,227.555,27.379,23.179,32.379,85.944,1.735,0.1341,3.116,4.222,0.1341,0.7974,0.462,0.11,synthetic_reference_based,climate-demo-1.0
leyte,11.244,125.004,55,ssp585,2021-2040,10,220.137,27.379,23.179,32.379,85.795,1.789,0.1382,3.014,4.222,0.1382,0.8055,0.462,0.11,synthetic_reference_based,climate-demo-1.0
leyte,11.244,125.004,55,ssp585,2021-2040,11,187.937,27.179,22.979,32.179,84.151,1.935,0.1561,2.573,3.722,0.1561,0.8525,0.462,0.11,synthetic_reference_based,climate-demo-1.0
leyte,11.244,125.004,55,ssp585,2021-2040,12,148.147,26.779,22.579,31.779,81.355,2.135,0.1782,2.029,2.722,0.1782,0.8089,0.462,0.11,synthetic_reference_based,climate-demo-1.0
leyte,11.244,125.004,55,ssp585,2041-2060,1,118.17,27.288,23.088,32.288,78.148,2.335,0.2354,1.661,6.019,0.2354,0.7575,0.575,0.14,synthetic_reference_based,climate-demo-1.0
leyte,11.244,125.004,55,ssp585,2041-2060,2,89.909,27.488,23.288,32.487,75.583,2.481,0.2511,1.264,6.519,0.2511,0.7084,0.575,0.14,synthetic_reference_based,climate-demo-1.0
leyte,11.244,125.004,55,ssp585,2041-2060,3,101.604,28.088,23.888,33.088,74.817,2.535,0.2446,1.428,8.019,0.2446,0.6878,0.575,0.14,synthetic_reference_based,climate-demo-1.0
leyte,11.244,125.004,55,ssp585,2041-2060,4,110.462,28.688,24.488,33.688,74.994,2.481,0.2396,1.552,9.519,0.2396,0.6634,0.575,0.14,synthetic_reference_based,climate-demo-1.0
leyte,11.244,125.004,55,ssp585,2041-2060,5,168.524,28.788,24.588,33.788,79.155,2.335,0.2074,2.368,9.769,0.2074,0.7335,0.575,0.14,synthetic_reference_based,climate-demo-1.0
leyte,11.244,125.004,55,ssp585,2041-2060,6,221.259,28.288,24.088,33.288,84.21,2.135,0.1781,3.109,8.519,0.1781,0.7416,0.575,0.14,synthetic_reference_based,climate-demo-1.0
leyte,11.244,125.004,55,ssp585,2041-2060,7,254.872,27.888,23.688,32.888,85.882,1.935,0.1594,3.582,7.519,0.1594,0.729,0.575,0.14,synthetic_reference_based,climate-demo-1.0
leyte,11.244,125.004,55,ssp585,2041-2060,8,257.249,27.988,23.788,32.988,85.93,1.789,0.1581,3.615,7.769,0.1581,0.7204,0.575,0.14,synthetic_reference_based,climate-demo-1.0
leyte,11.244,125.004,55,ssp585,2041-2060,9,224.531,28.088,23.888,33.088,85.276,1.735,0.1763,3.155,8.019,0.1763,0.7501,0.575,0.14,synthetic_reference_based,climate-demo-1.0
leyte,11.244,125.004,55,ssp585,2041-2060,10,217.185,28.088,23.888,33.088,85.129,1.789,0.1803,3.052,8.019,0.1803,0.7581,0.575,0.14,synthetic_reference_based,climate-demo-1.0
leyte,11.244,125.004,55,ssp585,2041-2060,11,185.345,27.888,23.688,32.888,83.492,1.935,0.198,2.605,7.519,0.198,0.8047,0.575,0.14,synthetic_reference_based,climate-demo-1.0
leyte,11.244,125.004,55,ssp585,2041-2060,12,146.06,27.488,23.288,32.487,80.706,2.135,0.2199,2.053,6.519,0.2199,0.7821,0.575,0.14,synthetic_reference_based,climate-demo-1.0
leyte,11.244,125.004,55,ssp585,2061-2080,1,116.514,27.996,23.796,32.996,77.508,2.335,0.2768,1.679,9.816,0.2768,0.7047,0.688,0.17,synthetic_reference_based,climate-demo-1.0
leyte,11.244,125.004,55,ssp585,2061-2080,2,88.686,28.196,23.996,33.196,74.951,2.481,0.2922,1.278,10.316,0.2922,0.6562,0.688,0.17,synthetic_reference_based,climate-demo-1.0
leyte,11.244,125.004,55,ssp585,2061-2080,3,100.236,28.796,24.596,33.796,74.182,2.535,0.2858,1.445,11.816,0.2858,0.6353,0.688,0.17,synthetic_reference_based,climate-demo-1.0
leyte,11.244,125.004,55,ssp585,2061-2080,4,108.95,29.396,25.196,34.396,74.356,2.481,0.281,1.57,13.316,0.281,0.6108,0.688,0.17,synthetic_reference_based,climate-demo-1.0
leyte,11.244,125.004,55,ssp585,2061-2080,5,166.148,29.496,25.296,34.496,78.5,2.335,0.2492,2.395,13.566,0.2492,0.6798,0.688,0.17,synthetic_reference_based,climate-demo-1.0
leyte,11.244,125.004,55,ssp585,2061-2080,6,218.092,28.996,24.796,33.996,83.539,2.135,0.2203,3.143,12.316,0.2203,0.6944,0.688,0.17,synthetic_reference_based,climate-demo-1.0
leyte,11.244,125.004,55,ssp585,2061-2080,7,251.272,28.596,24.396,33.596,85.203,1.935,0.2019,3.622,11.316,0.2019,0.6823,0.688,0.17,synthetic_reference_based,climate-demo-1.0
leyte,11.244,125.004,55,ssp585,2061-2080,8,253.721,28.696,24.496,33.696,85.252,1.789,0.2005,3.657,11.566,0.2005,0.6737,0.688,0.17,synthetic_reference_based,climate-demo-1.0
leyte,11.244,125.004,55,ssp585,2061-2080,9,221.508,28.796,24.596,33.796,84.608,1.735,0.2184,3.193,11.816,0.2184,0.7027,0.688,0.17,synthetic_reference_based,climate-demo-1.0
leyte,11.244,125.004,55,ssp585,2061-2080,10,214.234,28.796,24.596,33.796,84.462,1.789,0.2225,3.088,11.816,0.2225,0.7106,0.688,0.17,synthetic_reference_based,climate-demo-1.0
leyte,11.244,125.004,55,ssp585,2061-2080,11,182.754,28.596,24.396,33.596,82.833,1.935,0.24,2.634,11.316,0.24,0.7555,0.688,0.17,synthetic_reference_based,climate-demo-1.0
leyte,11.244,125.004,55,ssp585,2061-2080,12,143.972,28.196,23.996,33.196,80.057,2.135,0.2615,2.075,10.316,0.2615,0.7287,0.688,0.17,synthetic_reference_based,climate-demo-1.0
leyte,11.244,125.004,55,ssp585,2081-2100,1,114.858,28.705,24.505,33.705,76.867,2.335,0.3182,1.697,13.613,0.3182,0.6519,0.8,0.2,synthetic_reference_based,climate-demo-1.0
leyte,11.244,125.004,55,ssp585,2081-2100,2,87.462,28.905,24.705,33.905,74.319,2.481,0.3334,1.292,14.113,0.3334,0.604,0.8,0.2,synthetic_reference_based,climate-demo-1.0
leyte,11.244,125.004,55,ssp585,2081-2100,3,98.868,29.505,25.305,34.505,73.547,2.535,0.3271,1.461,15.613,0.3271,0.5829,0.8,0.2,synthetic_reference_based,climate-demo-1.0
leyte,11.244,125.004,55,ssp585,2081-2100,4,107.438,30.105,25.905,35.105,73.719,2.481,0.3223,1.587,17.113,0.3223,0.5582,0.8,0.2,synthetic_reference_based,climate-demo-1.0
leyte,11.244,125.004,55,ssp585,2081-2100,5,163.773,30.205,26.005,35.205,77.845,2.335,0.291,2.419,17.363,0.291,0.626,0.8,0.2,synthetic_reference_based,climate-demo-1.0
leyte,11.244,125.004,55,ssp585,2081-2100,6,214.924,29.705,25.505,34.705,82.868,2.135,0.2626,3.175,16.113,0.2626,0.6473,0.8,0.2,synthetic_reference_based,climate-demo-1.0
leyte,11.244,125.004,55,ssp585,2081-2100,7,247.673,29.305,25.105,34.305,84.523,1.935,0.2444,3.659,15.113,0.2444,0.6356,0.8,0.2,synthetic_reference_based,climate-demo-1.0
leyte,11.244,125.004,55,ssp585,2081-2100,8,250.194,29.405,25.205,34.405,84.574,1.789,0.243,3.696,15.363,0.243,0.6269,0.8,0.2,synthetic_reference_based,climate-demo-1.0
leyte,11.244,125.004,55,ssp585,2081-2100,9,218.484,29.505,25.305,34.505,83.94,1.735,0.2606,3.228,15.613,0.2606,0.6554,0.8,0.2,synthetic_reference_based,climate-demo-1.0
leyte,11.244,125.004,55,ssp585,2081-2100,10,211.282,29.505,25.305,34.505,83.796,1.789,0.2646,3.121,15.613,0.2646,0.6632,0.8,0.2,synthetic_reference_based,climate-demo-1.0
leyte,11.244,125.004,55,ssp585,2081-2100,11,180.162,29.305,25.105,34.305,82.173,1.935,0.2819,2.662,15.113,0.2819,0.7015,0.8,0.2,synthetic_reference_based,climate-demo-1.0
leyte,11.244,125.004,55,ssp585,2081-2100,12,141.884,28.905,24.705,33.905,79.408,2.135,0.3032,2.096,14.113,0.3032,0.6753,0.8,0.2,synthetic_reference_based,climate-demo-1.0
quezon,13.94,121.62,80,ssp126,historical,1,126.205,25.72,21.52,30.72,79.524,2.245,0.1499,1.683,0.0,0.1499,0.7247,0.35,0.08,synthetic_reference_based,climate-demo-1.0
quezon,13.94,121.62,80,ssp126,historical,2,90.747,25.92,21.72,30.92,76.815,2.391,0.1696,1.21,0.0,0.1696,0.6902,0.35,0.08,synthetic_reference_based,climate-demo-1.0
quezon,13.94,121.62,80,ssp126,historical,3,99.238,26.52,22.32,31.52,75.985,2.445,0.1649,1.323,0.05,0.1649,0.7373,0.35,0.08,synthetic_reference_based,climate-demo-1.0
quezon,13.94,121.62,80,ssp126,historical,4,110.206,27.12,22.92,32.12,76.204,2.391,0.1588,1.469,1.55,0.1588,0.7733,0.35,0.08,synthetic_reference_based,climate-demo-1.0
quezon,13.94,121.62,80,ssp126,historical,5,177.861,27.22,23.02,32.22,80.557,2.245,0.1212,2.371,1.8,0.1212,0.856,0.35,0.08,synthetic_reference_based,climate-demo-1.0
quezon,13.94,121.62,80,ssp126,historical,6,242.799,26.72,22.52,31.72,85.856,2.045,0.0851,3.237,0.55,0.0851,0.7948,0.35,0.08,synthetic_reference_based,climate-demo-1.0
quezon,13.94,121.62,80,ssp126,historical,7,275.756,26.32,22.12,31.32,87.515,1.845,0.0668,3.677,0.0,0.0668,0.7349,0.35,0.08,synthetic_reference_based,climate-demo-1.0
quezon,13.94,121.62,80,ssp126,historical,8,263.787,26.42,22.22,31.42,87.276,1.699,0.0735,3.517,0.0,0.0735,0.754,0.35,0.08,synthetic_reference_based,climate-demo-1.0
quezon,13.94,121.62,80,ssp126,historical,9,220.252,26.52,22.32,31.52,86.405,1.645,0.0976,2.937,0.05,0.0976,0.8074,0.35,0.08,synthetic_reference_based,climate-demo-1.0
quezon,13.94,121.62,80,ssp126,historical,10,214.237,26.52,22.32,31.52,86.285,1.699,0.101,2.856,0.05,0.101,0.8139,0.35,0.08,synthetic_reference_based,climate-demo-1.0
quezon,13.94,121.62,80,ssp126,historical,11,192.394,26.32,22.12,31.32,84.848,1.845,0.1131,2.565,0.0,0.1131,0.8257,0.35,0.08,synthetic_reference_based,climate-demo-1.0
quezon,13.94,121.62,80,ssp126,historical,12,159.258,25.92,21.72,30.92,82.185,2.045,0.1315,2.123,0.0,0.1315,0.78,0.35,0.08,synthetic_reference_based,climate-demo-1.0
quezon,13.94,121.62,80,ssp126,2021-2040,1,125.649,25.956,21.756,30.956,79.31,2.245,0.1637,1.69,0.0,0.1637,0.7354,0.462,0.11,synthetic_reference_based,climate-demo-1.0
quezon,13.94,121.62,80,ssp126,2021-2040,2,90.336,26.156,21.956,31.156,76.604,2.391,0.1833,1.215,0.0,0.1833,0.7011,0.462,0.11,synthetic_reference_based,climate-demo-1.0
quezon,13.94,121.62,80,ssp126,2021-2040,3,98.779,26.756,22.556,31.756,75.773,2.445,0.1786,1.329,1.316,0.1786,0.7482,0.462,0.11,synthetic_reference_based,climate-demo-1.0
quezon,13.94,121.62,80,ssp126,2021-2040,4,109.698,27.356,23.156,32.356,75.991,2.391,0.1726,1.476,2.816,0.1726,0.7558,0.462,0.11,synthetic_reference_based,climate-demo-1.0
quezon,13.94,121.62,80,ssp126,2021-2040,5,177.063,27.456,23.256,32.456,80.339,2.245,0.1351,2.382,3.066,0.1351,0.8381,0.462,0.11,synthetic_reference_based,climate-demo-1.0
quezon,13.94,121.62,80,ssp126,2021-2040,6,241.735,26.956,22.756,31.956,85.632,2.045,0.0992,3.252,1.816,0.0992,0.8075,0.462,0.11,synthetic_reference_based,climate-demo-1.0
quezon,13.94,121.62,80,ssp126,2021-2040,7,274.547,26.556,22.356,31.556,87.288,1.845,0.081,3.694,0.816,0.081,0.7477,0.462,0.11,synthetic_reference_based,climate-demo-1.0
quezon,13.94,121.62,80,ssp126,2021-2040,8,262.601,26.656,22.456,31.656,87.05,1.699,0.0876,3.533,1.066,0.0876,0.7667,0.462,0.11,synthetic_reference_based,climate-demo-1.0
quezon,13.94,121.62,80,ssp126,2021-2040,9,219.236,26.756,22.556,31.756,86.182,1.645,0.1117,2.949,1.316,0.1117,0.82,0.462,0.11,synthetic_reference_based,climate-demo-1.0
quezon,13.94,121.62,80,ssp126,2021-2040,10,213.245,26.756,22.556,31.756,86.062,1.699,0.115,2.869,1.316,0.115,0.8265,0.462,0.11,synthetic_reference_based,climate-demo-1.0
quezon,13.94,121.62,80,ssp126,2021-2040,11,191.523,26.556,22.356,31.556,84.628,1.845,0.1271,2.577,0.816,0.1271,0.8381,0.462,0.11,synthetic_reference_based,climate-demo-1.0
quezon,13.94,121.62,80,ssp126,2021-2040,12,158.556,26.156,21.956,31.156,81.969,2.045,0.1454,2.133,0.0,0.1454,0.7906,0.462,0.11,synthetic_reference_based,climate-demo-1.0
quezon,13.94,121.62,80,ssp126,2041-2060,1,125.092,26.192,21.992,31.192,79.097,2.245,0.1775,1.698,0.581,0.1775,0.7462,0.575,0.14,synthetic_reference_based,climate-demo-1.0
quezon,13.94,121.62,80,ssp126,2041-2060,2,89.925,26.392,22.192,31.392,76.393,2.391,0.197,1.221,1.081,0.197,0.7121,0.575,0.14,synthetic_reference_based,climate-demo-1.0
quezon,13.94,121.62,80,ssp126,2041-2060,3,98.319,26.992,22.792,31.992,75.561,2.445,0.1924,1.335,2.581,0.1924,0.7591,0.575,0.14,synthetic_reference_based,climate-demo-1.0
quezon,13.94,121.62,80,ssp126,2041-2060,4,109.19,27.592,23.393,32.592,75.779,2.391,0.1863,1.482,4.081,0.1863,0.7382,0.575,0.14,synthetic_reference_based,climate-demo-1.0
quezon,13.94,121.62,80,ssp126,2041-2060,5,176.264,27.692,23.492,32.692,80.12,2.245,0.1491,2.392,4.331,0.1491,0.8202,0.575,0.14,synthetic_reference_based,climate-demo-1.0
quezon,13.94,121.62,80,ssp126,2041-2060,6,240.671,27.192,22.992,32.192,85.408,2.045,0.1133,3.267,3.081,0.1133,0.797,0.575,0.14,synthetic_reference_based,climate-demo-1.0
quezon,13.94,121.62,80,ssp126,2041-2060,7,273.337,26.792,22.592,31.792,87.062,1.845,0.0951,3.71,2.081,0.0951,0.7605,0.575,0.14,synthetic_reference_based,climate-demo-1.0
quezon,13.94,121.62,80,ssp126,2041-2060,8,261.416,26.892,22.692,31.892,86.823,1.699,0.1018,3.548,2.331,0.1018,0.7795,0.575,0.14,synthetic_reference_based,climate-demo-1.0
quezon,13.94,121.62,80,ssp126,2041-2060,9,218.22,26.992,22.792,31.992,85.959,1.645,0.1258,2.962,2.581,0.1258,0.8325,0.575,0.14,synthetic_reference_based,climate-demo-1.0
quezon,13.94,121.62,80,ssp126,2041-2060,10,212.253,26.992,22.792,31.992,85.84,1.699,0.1291,2.881,2.581,0.1291,0.839,0.575,0.14,synthetic_reference_based,climate-demo-1.0
quezon,13.94,121.62,80,ssp126,2041-2060,11,190.652,26.792,22.592,31.792,84.408,1.845,0.1411,2.588,2.081,0.1411,0.8506,0.575,0.14,synthetic_reference_based,climate-demo-1.0
quezon,13.94,121.62,80,ssp126,2041-2060,12,157.855,26.392,22.192,31.392,81.752,2.045,0.1593,2.143,1.081,0.1593,0.8011,0.575,0.14,synthetic_reference_based,climate-demo-1.0
quezon,13.94,121.62,80,ssp126,2061-2080,1,124.536,26.429,22.229,31.429,78.883,2.245,0.1913,1.705,1.847,0.1913,0.7569,0.688,0.17,synthetic_reference_based,climate-demo-1.0
quezon,13.94,121.62,80,ssp126,2061-2080,2,89.514,26.629,22.429,31.629,76.183,2.391,0.2108,1.226,2.347,0.2108,0.723,0.688,0.17,synthetic_reference_based,climate-demo-1.0
quezon,13.94,121.62,80,ssp126,2061-2080,3,97.86,27.229,23.029,32.229,75.35,2.445,0.2061,1.34,3.847,0.2061,0.7425,0.688,0.17,synthetic_reference_based,climate-demo-1.0
quezon,13.94,121.62,80,ssp126,2061-2080,4,108.682,27.829,23.629,32.829,75.566,2.391,0.2001,1.488,5.347,0.2001,0.7207,0.688,0.17,synthetic_reference_based,climate-demo-1.0
quezon,13.94,121.62,80,ssp126,2061-2080,5,175.466,27.929,23.729,32.929,79.902,2.245,0.163,2.403,5.597,0.163,0.8022,0.688,0.17,synthetic_reference_based,climate-demo-1.0
quezon,13.94,121.62,80,ssp126,2061-2080,6,239.606,27.429,23.229,32.429,85.185,2.045,0.1274,3.281,4.347,0.1274,0.7813,0.688,0.17,synthetic_reference_based,climate-demo-1.0
quezon,13.94,121.62,80,ssp126,2061-2080,7,272.128,27.029,22.829,32.029,86.835,1.845,0.1093,3.726,3.347,0.1093,0.7699,0.688,0.17,synthetic_reference_based,climate-demo-1.0
quezon,13.94,121.62,80,ssp126,2061-2080,8,260.231,27.129,22.929,32.129,86.597,1.699,0.1159,3.563,3.597,0.1159,0.7768,0.688,0.17,synthetic_reference_based,climate-demo-1.0
quezon,13.94,121.62,80,ssp126,2061-2080,9,217.204,27.229,23.029,32.229,85.737,1.645,0.1398,2.974,3.847,0.1398,0.8177,0.688,0.17,synthetic_reference_based,climate-demo-1.0
quezon,13.94,121.62,80,ssp126,2061-2080,10,211.262,27.229,23.029,32.229,85.618,1.699,0.1431,2.893,3.847,0.1431,0.8241,0.688,0.17,synthetic_reference_based,climate-demo-1.0
quezon,13.94,121.62,80,ssp126,2061-2080,11,189.781,27.029,22.829,32.029,84.188,1.845,0.1551,2.599,3.347,0.1551,0.8595,0.688,0.17,synthetic_reference_based,climate-demo-1.0
quezon,13.94,121.62,80,ssp126,2061-2080,12,157.153,26.629,22.429,31.629,81.536,2.045,0.1732,2.152,2.347,0.1732,0.8117,0.688,0.17,synthetic_reference_based,climate-demo-1.0
quezon,13.94,121.62,80,ssp126,2081-2100,1,123.98,26.665,22.465,31.665,78.67,2.245,0.2051,1.713,3.112,0.2051,0.7677,0.8,0.2,synthetic_reference_based,climate-demo-1.0
quezon,13.94,121.62,80,ssp126,2081-2100,2,89.102,26.865,22.665,31.865,75.972,2.391,0.2245,1.231,3.612,0.2245,0.7339,0.8,0.2,synthetic_reference_based,climate-demo-1.0
quezon,13.94,121.62,80,ssp126,2081-2100,3,97.4,27.465,23.265,32.465,75.138,2.445,0.2199,1.345,5.112,0.2199,0.725,0.8,0.2,synthetic_reference_based,climate-demo-1.0
quezon,13.94,121.62,80,ssp126,2081-2100,4,108.174,28.065,23.865,33.065,75.353,2.391,0.2139,1.494,6.613,0.2139,0.7031,0.8,0.2,synthetic_reference_based,climate-demo-1.0
quezon,13.94,121.62,80,ssp126,2081-2100,5,174.668,28.165,23.965,33.165,79.683,2.245,0.177,2.413,6.862,0.177,0.7843,0.8,0.2,synthetic_reference_based,climate-demo-1.0
quezon,13.94,121.62,80,ssp126,2081-2100,6,238.542,27.665,23.465,32.665,84.961,2.045,0.1415,3.295,5.612,0.1415,0.7656,0.8,0.2,synthetic_reference_based,climate-demo-1.0
quezon,13.94,121.62,80,ssp126,2081-2100,7,270.919,27.265,23.065,32.265,86.608,1.845,0.1235,3.742,4.613,0.1235,0.7543,0.8,0.2,synthetic_reference_based,climate-demo-1.0
quezon,13.94,121.62,80,ssp126,2081-2100,8,259.046,27.365,23.165,32.365,86.371,1.699,0.1301,3.578,4.862,0.1301,0.7612,0.8,0.2,synthetic_reference_based,climate-demo-1.0
quezon,13.94,121.62,80,ssp126,2081-2100,9,216.188,27.465,23.265,32.465,85.514,1.645,0.1539,2.986,5.112,0.1539,0.8019,0.8,0.2,synthetic_reference_based,climate-demo-1.0
quezon,13.94,121.62,80,ssp126,2081-2100,10,210.27,27.465,23.265,32.465,85.395,1.699,0.1572,2.905,5.112,0.1572,0.8083,0.8,0.2,synthetic_reference_based,climate-demo-1.0
quezon,13.94,121.62,80,ssp126,2081-2100,11,188.911,27.265,23.065,32.265,83.968,1.845,0.169,2.609,4.613,0.169,0.8436,0.8,0.2,synthetic_reference_based,climate-demo-1.0
quezon,13.94,121.62,80,ssp126,2081-2100,12,156.452,26.865,22.665,31.865,81.319,2.045,0.1871,2.161,3.612,0.1871,0.8222,0.8,0.2,synthetic_reference_based,climate-demo-1.0
quezon,13.94,121.62,80,ssp245,historical,1,126.205,25.72,21.52,30.72,79.524,2.275,0.1499,1.683,0.0,0.1499,0.7247,0.35,0.08,synthetic_reference_based,climate-demo-1.0
quezon,13.94,121.62,80,ssp245,historical,2,90.747,25.92,21.72,30.92,76.815,2.421,0.1696,1.21,0.0,0.1696,0.6902,0.35,0.08,synthetic_reference_based,climate-demo-1.0
quezon,13.94,121.62,80,ssp245,historical,3,99.238,26.52,22.32,31.52,75.985,2.475,0.1649,1.323,0.05,0.1649,0.7373,0.35,0.08,synthetic_reference_based,climate-demo-1.0
quezon,13.94,121.62,80,ssp245,historical,4,110.206,27.12,22.92,32.12,76.204,2.421,0.1588,1.469,1.55,0.1588,0.7733,0.35,0.08,synthetic_reference_based,climate-demo-1.0
quezon,13.94,121.62,80,ssp245,historical,5,177.861,27.22,23.02,32.22,80.557,2.275,0.1212,2.371,1.8,0.1212,0.856,0.35,0.08,synthetic_reference_based,climate-demo-1.0
quezon,13.94,121.62,80,ssp245,historical,6,242.799,26.72,22.52,31.72,85.856,2.075,0.0851,3.237,0.55,0.0851,0.7948,0.35,0.08,synthetic_reference_based,climate-demo-1.0
quezon,13.94,121.62,80,ssp245,historical,7,275.756,26.32,22.12,31.32,87.515,1.875,0.0668,3.677,0.0,0.0668,0.7349,0.35,0.08,synthetic_reference_based,climate-demo-1.0
quezon,13.94,121.62,80,ssp245,historical,8,263.787,26.42,22.22,31.42,87.276,1.729,0.0735,3.517,0.0,0.0735,0.754,0.35,0.08,synthetic_reference_based,climate-demo-1.0
quezon,13.94,121.62,80,ssp245,historical,9,220.252,26.52,22.32,31.52,86.405,1.675,0.0976,2.937,0.05,0.0976,0.8074,0.35,0.08,synthetic_reference_based,climate-demo-1.0
quezon,13.94,121.62,80,ssp245,historical,10,214.237,26.52,22.32,31.52,86.285,1.729,0.101,2.856,0.05,0.101,0.8139,0.35,0.08,synthetic_reference_based,climate-demo-1.0
quezon,13.94,121.62,80,ssp245,historical,11,192.394,26.32,22.12,31.32,84.848,1.875,0.1131,2.565,0.0,0.1131,0.8257,0.35,0.08,synthetic_reference_based,climate-demo-1.0
quezon,13.94,121.62,80,ssp245,historical,12,159.258,25.92,21.72,30.92,82.185,2.075,0.1315,2.123,0.0,0.1315,0.78,0.35,0.08,synthetic_reference_based,climate-demo-1.0
quezon,13.94,121.62,80,ssp245,2021-2040,1,125.278,26.114,21.914,31.114,79.168,2.275,0.1729,1.695,0.159,0.1729,0.7426,0.462,0.11,synthetic_reference_based,climate-demo-1.0
quezon,13.94,121.62,80,ssp245,2021-2040,2,90.062,26.314,22.114,31.314,76.464,2.421,0.1925,1.219,0.659,0.1925,0.7084,0.462,0.11,synthetic_reference_based,climate-demo-1.0
quezon,13.94,121.62,80,ssp245,2021-2040,3,98.472,26.914,22.714,31.914,75.632,2.475,0.1878,1.333,2.159,0.1878,0.7554,0.462,0.11,synthetic_reference_based,climate-demo-1.0
quezon,13.94,121.62,80,ssp245,2021-2040,4,109.359,27.514,23.314,32.514,75.85,2.421,0.1817,1.48,3.659,0.1817,0.7441,0.462,0.11,synthetic_reference_based,climate-demo-1.0
quezon,13.94,121.62,80,ssp245,2021-2040,5,176.53,27.614,23.414,32.614,80.193,2.275,0.1444,2.389,3.909,0.1444,0.8261,0.462,0.11,synthetic_reference_based,climate-demo-1.0
quezon,13.94,121.62,80,ssp245,2021-2040,6,241.025,27.114,22.914,32.114,85.483,2.075,0.1086,3.262,2.659,0.1086,0.8022,0.462,0.11,synthetic_reference_based,climate-demo-1.0
quezon,13.94,121.62,80,ssp245,2021-2040,7,273.741,26.714,22.514,31.714,87.137,1.875,0.0904,3.705,1.659,0.0904,0.7563,0.462,0.11,synthetic_reference_based,climate-demo-1.0
quezon,13.94,121.62,80,ssp245,2021-2040,8,261.811,26.814,22.614,31.814,86.899,1.729,0.097,3.543,1.909,0.097,0.7752,0.462,0.11,synthetic_reference_based,climate-demo-1.0
quezon,13.94,121.62,80,ssp245,2021-2040,9,218.559,26.914,22.714,31.914,86.034,1.675,0.1211,2.958,2.159,0.1211,0.8283,0.462,0.11,synthetic_reference_based,climate-demo-1.0
quezon,13.94,121.62,80,ssp245,2021-2040,10,212.584,26.914,22.714,31.914,85.914,1.729,0.1244,2.877,2.159,0.1244,0.8348,0.462,0.11,synthetic_reference_based,climate-demo-1.0
quezon,13.94,121.62,80,ssp245,2021-2040,11,190.942,26.714,22.514,31.714,84.481,1.875,0.1364,2.584,1.659,0.1364,0.8464,0.462,0.11,synthetic_reference_based,climate-demo-1.0
quezon,13.94,121.62,80,ssp245,2021-2040,12,158.089,26.314,22.114,31.314,81.824,2.075,0.1547,2.139,0.659,0.1547,0.7976,0.462,0.11,synthetic_reference_based,climate-demo-1.0
quezon,13.94,121.62,80,ssp245,2041-2060,1,124.351,26.508,22.308,31.508,78.812,2.275,0.1959,1.708,2.269,0.1959,0.7605,0.575,0.14,synthetic_reference_based,climate-demo-1.0
quezon,13.94,121.62,80,ssp245,2041-2060,2,89.377,26.708,22.508,31.708,76.113,2.421,0.2153,1.227,2.769,0.2153,0.7266,0.575,0.14,synthetic_reference_based,climate-demo-1.0
quezon,13.94,121.62,80,ssp245,2041-2060,3,97.706,27.308,23.108,32.308,75.279,2.475,0.2107,1.342,4.269,0.2107,0.7367,0.575,0.14,synthetic_reference_based,climate-demo-1.0
quezon,13.94,121.62,80,ssp245,2041-2060,4,108.512,27.908,23.708,32.908,75.495,2.421,0.2047,1.49,5.769,0.2047,0.7148,0.575,0.14,synthetic_reference_based,climate-demo-1.0
quezon,13.94,121.62,80,ssp245,2041-2060,5,175.2,28.008,23.808,33.008,79.829,2.275,0.1677,2.406,6.019,0.1677,0.7963,0.575,0.14,synthetic_reference_based,climate-demo-1.0
quezon,13.94,121.62,80,ssp245,2041-2060,6,239.251,27.508,23.308,32.508,85.11,2.075,0.1321,3.286,4.769,0.1321,0.776,0.575,0.14,synthetic_reference_based,climate-demo-1.0
quezon,13.94,121.62,80,ssp245,2041-2060,7,271.725,27.108,22.908,32.108,86.759,1.875,0.114,3.732,3.769,0.114,0.7647,0.575,0.14,synthetic_reference_based,climate-demo-1.0
quezon,13.94,121.62,80,ssp245,2041-2060,8,259.836,27.208,23.008,32.207,86.522,1.729,0.1206,3.568,4.019,0.1206,0.7716,0.575,0.14,synthetic_reference_based,climate-demo-1.0
quezon,13.94,121.62,80,ssp245,2041-2060,9,216.866,27.308,23.108,32.308,85.662,1.675,0.1445,2.978,4.269,0.1445,0.8124,0.575,0.14,synthetic_reference_based,climate-demo-1.0
quezon,13.94,121.62,80,ssp245,2041-2060,10,210.931,27.308,23.108,32.308,85.544,1.729,0.1478,2.897,4.269,0.1478,0.8189,0.575,0.14,synthetic_reference_based,climate-demo-1.0
quezon,13.94,121.62,80,ssp245,2041-2060,11,189.491,27.108,22.908,32.108,84.115,1.875,0.1597,2.602,3.769,0.1597,0.8542,0.575,0.14,synthetic_reference_based,climate-demo-1.0
quezon,13.94,121.62,80,ssp245,2041-2060,12,156.92,26.708,22.508,31.708,81.463,2.075,0.1778,2.155,2.769,0.1778,0.8152,0.575,0.14,synthetic_reference_based,climate-demo-1.0
quezon,13.94,121.62,80,ssp245,2061-2080,1,123.423,26.901,22.701,31.901,78.456,2.275,0.2189,1.72,4.378,0.2189,0.7784,0.688,0.17,synthetic_reference_based,climate-demo-1.0
quezon,13.94,121.62,80,ssp245,2061-2080,2,88.691,27.101,22.901,32.101,75.761,2.421,0.2382,1.236,4.878,0.2382,0.7327,0.688,0.17,synthetic_reference_based,climate-demo-1.0
quezon,13.94,121.62,80,ssp245,2061-2080,3,96.94,27.701,23.501,32.701,74.926,2.475,0.2336,1.351,6.378,0.2336,0.7075,0.688,0.17,synthetic_reference_based,climate-demo-1.0
quezon,13.94,121.62,80,ssp245,2061-2080,4,107.666,28.301,24.101,33.301,75.141,2.421,0.2277,1.5,7.878,0.2277,0.6856,0.688,0.17,synthetic_reference_based,climate-demo-1.0
quezon,13.94,121.62,80,ssp245,2061-2080,5,173.87,28.401,24.201,33.401,79.465,2.275,0.1909,2.423,8.128,0.1909,0.7664,0.688,0.17,synthetic_reference_based,climate-demo-1.0
quezon,13.94,121.62,80,ssp245,2061-2080,6,237.478,27.901,23.701,32.901,84.737,2.075,0.1556,3.309,6.878,0.1556,0.7498,0.688,0.17,synthetic_reference_based,climate-demo-1.0
quezon,13.94,121.62,80,ssp245,2061-2080,7,269.709,27.501,23.301,32.501,86.382,1.875,0.1377,3.758,5.878,0.1377,0.7387,0.688,0.17,synthetic_reference_based,climate-demo-1.0
quezon,13.94,121.62,80,ssp245,2061-2080,8,257.86,27.601,23.401,32.601,86.145,1.729,0.1442,3.593,6.128,0.1442,0.7456,0.688,0.17,synthetic_reference_based,climate-demo-1.0
quezon,13.94,121.62,80,ssp245,2061-2080,9,215.173,27.701,23.501,32.701,85.291,1.675,0.168,2.998,6.378,0.168,0.7861,0.688,0.17,synthetic_reference_based,climate-demo-1.0
quezon,13.94,121.62,80,ssp245,2061-2080,10,209.278,27.701,23.501,32.701,85.173,1.729,0.1712,2.916,6.378,0.1712,0.7925,0.688,0.17,synthetic_reference_based,climate-demo-1.0
quezon,13.94,121.62,80,ssp245,2061-2080,11,188.04,27.501,23.301,32.501,83.748,1.875,0.183,2.62,5.878,0.183,0.8277,0.688,0.17,synthetic_reference_based,climate-demo-1.0
quezon,13.94,121.62,80,ssp245,2061-2080,12,155.75,27.101,22.901,32.101,81.103,2.075,0.201,2.17,4.878,0.201,0.8206,0.688,0.17,synthetic_reference_based,climate-demo-1.0
quezon,13.94,121.62,80,ssp245,2081-2100,1,122.496,27.295,23.095,32.295,78.1,2.275,0.2419,1.731,6.487,0.2419,0.7609,0.8,0.2,synthetic_reference_based,climate-demo-1.0
quezon,13.94,121.62,80,ssp245,2081-2100,2,88.006,27.495,23.295,32.495,75.41,2.421,0.2611,1.244,6.987,0.2611,0.7037,0.8,0.2,synthetic_reference_based,climate-demo-1.0
quezon,13.94,121.62,80,ssp245,2081-2100,3,96.174,28.095,23.895,33.095,74.573,2.475,0.2566,1.359,8.487,0.2566,0.6784,0.8,0.2,synthetic_reference_based,climate-demo-1.0
quezon,13.94,121.62,80,ssp245,2081-2100,4,106.819,28.695,24.495,33.695,74.786,2.421,0.2507,1.51,9.988,0.2507,0.6564,0.8,0.2,synthetic_reference_based,climate-demo-1.0
quezon,13.94,121.62,80,ssp245,2081-2100,5,172.539,28.795,24.595,33.795,79.101,2.275,0.2141,2.439,10.237,0.2141,0.7365,0.8,0.2,synthetic_reference_based,climate-demo-1.0
quezon,13.94,121.62,80,ssp245,2081-2100,6,235.704,28.295,24.095,33.295,84.364,2.075,0.1791,3.331,8.987,0.1791,0.7236,0.8,0.2,synthetic_reference_based,climate-demo-1.0
quezon,13.94,121.62,80,ssp245,2081-2100,7,267.693,27.895,23.695,32.895,86.004,1.875,0.1613,3.783,7.987,0.1613,0.7128,0.8,0.2,synthetic_reference_based,climate-demo-1.0
quezon,13.94,121.62,80,ssp245,2081-2100,8,255.885,27.995,23.795,32.995,85.768,1.729,0.1678,3.617,8.237,0.1678,0.7197,0.8,0.2,synthetic_reference_based,climate-demo-1.0
quezon,13.94,121.62,80,ssp245,2081-2100,9,213.479,28.095,23.895,33.095,84.92,1.675,0.1914,3.017,8.487,0.1914,0.7598,0.8,0.2,synthetic_reference_based,climate-demo-1.0
quezon,13.94,121.62,80,ssp245,2081-2100,10,207.625,28.095,23.895,33.095,84.803,1.729,0.1947,2.934,8.487,0.1947,0.7662,0.8,0.2,synthetic_reference_based,climate-demo-1.0
quezon,13.94,121.62,80,ssp245,2081-2100,11,186.588,27.895,23.695,32.895,83.382,1.875,0.2063,2.637,7.987,0.2063,0.8011,0.8,0.2,synthetic_reference_based,climate-demo-1.0
quezon,13.94,121.62,80,ssp245,2081-2100,12,154.581,27.495,23.295,32.495,80.742,2.075,0.2241,2.185,6.987,0.2241,0.791,0.8,0.2,synthetic_reference_based,climate-demo-1.0
quezon,13.94,121.62,80,ssp370,historical,1,126.205,25.72,21.52,30.72,79.524,2.305,0.1499,1.683,0.0,0.1499,0.7247,0.35,0.08,synthetic_reference_based,climate-demo-1.0
quezon,13.94,121.62,80,ssp370,historical,2,90.747,25.92,21.72,30.92,76.815,2.451,0.1696,1.21,0.0,0.1696,0.6902,0.35,0.08,synthetic_reference_based,climate-demo-1.0
quezon,13.94,121.62,80,ssp370,historical,3,99.238,26.52,22.32,31.52,75.985,2.505,0.1649,1.323,0.05,0.1649,0.7373,0.35,0.08,synthetic_reference_based,climate-demo-1.0
quezon,13.94,121.62,80,ssp370,historical,4,110.206,27.12,22.92,32.12,76.204,2.451,0.1588,1.469,1.55,0.1588,0.7733,0.35,0.08,synthetic_reference_based,climate-demo-1.0
quezon,13.94,121.62,80,ssp370,historical,5,177.861,27.22,23.02,32.22,80.557,2.305,0.1212,2.371,1.8,0.1212,0.856,0.35,0.08,synthetic_reference_based,climate-demo-1.0
quezon,13.94,121.62,80,ssp370,historical,6,242.799,26.72,22.52,31.72,85.856,2.105,0.0851,3.237,0.55,0.0851,0.7948,0.35,0.08,synthetic_reference_based,climate-demo-1.0
quezon,13.94,121.62,80,ssp370,historical,7,275.756,26.32,22.12,31.32,87.515,1.905,0.0668,3.677,0.0,0.0668,0.7349,0.35,0.08,synthetic_reference_based,climate-demo-1.0
quezon,13.94,121.62,80,ssp370,historical,8,263.787,26.42,22.22,31.42,87.276,1.759,0.0735,3.517,0.0,0.0735,0.754,0.35,0.08,synthetic_reference_based,climate-demo-1.0
quezon,13.94,121.62,80,ssp370,historical,9,220.252,26.52,22.32,31.52,86.405,1.705,0.0976,2.937,0.05,0.0976,0.8074,0.35,0.08,synthetic_reference_based,climate-demo-1.0
quezon,13.94,121.62,80,ssp370,historical,10,214.237,26.52,22.32,31.52,86.285,1.759,0.101,2.856,0.05,0.101,0.8139,0.35,0.08,synthetic_reference_based,climate-demo-1.0
quezon,13.94,121.62,80,ssp370,historical,11,192.394,26.32,22.12,31.32,84.848,1.905,0.1131,2.565,0.0,0.1131,0.8257,0.35,0.08,synthetic_reference_based,climate-demo-1.0
quezon,13.94,121.62,80,ssp370,historical,12,159.258,25.92,21.72,30.92,82.185,2.105,0.1315,2.123,0.0,0.1315,0.78,0.35,0.08,synthetic_reference_based,climate-demo-1.0
quezon,13.94,121.62,80,ssp370,2021-2040,1,124.907,26.271,22.071,31.271,79.026,2.305,0.1821,1.7,1.003,0.1821,0.7497,0.462,0.11,synthetic_reference_based,climate-demo-1.0
quezon,13.94,121.62,80,ssp370,2021-2040,2,89.788,26.471,22.271,31.471,76.323,2.451,0.2016,1.222,1.503,0.2016,0.7157,0.462,0.11,synthetic_reference_based,climate-demo-1.0
quezon,13.94,121.62,80,ssp370,2021-2040,3,98.166,27.071,22.871,32.071,75.491,2.505,0.197,1.336,3.003,0.197,0.7541,0.462,0.11,synthetic_reference_based,climate-demo-1.0
quezon,13.94,121.62,80,ssp370,2021-2040,4,109.02,27.671,23.471,32.671,75.708,2.451,0.1909,1.484,4.503,0.1909,0.7324,0.462,0.11,synthetic_reference_based,climate-demo-1.0
quezon,13.94,121.62,80,ssp370,2021-2040,5,175.998,27.771,23.571,32.771,80.047,2.305,0.1537,2.396,4.753,0.1537,0.8142,0.462,0.11,synthetic_reference_based,climate-demo-1.0
quezon,13.94,121.62,80,ssp370,2021-2040,6,240.316,27.271,23.071,32.271,85.334,2.105,0.118,3.271,3.503,0.118,0.7917,0.462,0.11,synthetic_reference_based,climate-demo-1.0
quezon,13.94,121.62,80,ssp370,2021-2040,7,272.934,26.871,22.671,31.871,86.986,1.905,0.0999,3.716,2.503,0.0999,0.7648,0.462,0.11,synthetic_reference_based,climate-demo-1.0
quezon,13.94,121.62,80,ssp370,2021-2040,8,261.021,26.971,22.771,31.971,86.748,1.759,0.1065,3.553,2.753,0.1065,0.7838,0.462,0.11,synthetic_reference_based,climate-demo-1.0
quezon,13.94,121.62,80,ssp370,2021-2040,9,217.882,27.071,22.871,32.071,85.885,1.705,0.1305,2.966,3.003,0.1305,0.8282,0.462,0.11,synthetic_reference_based,climate-demo-1.0
quezon,13.94,121.62,80,ssp370,2021-2040,10,211.923,27.071,22.871,32.071,85.766,1.759,0.1338,2.885,3.003,0.1338,0.8347,0.462,0.11,synthetic_reference_based,climate-demo-1.0
quezon,13.94,121.62,80,ssp370,2021-2040,11,190.362,26.871,22.671,31.871,84.335,1.905,0.1457,2.591,2.503,0.1457,0.8547,0.462,0.11,synthetic_reference_based,climate-demo-1.0
quezon,13.94,121.62,80,ssp370,2021-2040,12,157.621,26.471,22.271,31.471,81.68,2.105,0.1639,2.146,1.503,0.1639,0.8046,0.462,0.11,synthetic_reference_based,climate-demo-1.0
quezon,13.94,121.62,80,ssp370,2041-2060,1,123.609,26.822,22.622,31.822,78.527,2.305,0.2143,1.717,3.956,0.2143,0.7748,0.575,0.14,synthetic_reference_based,climate-demo-1.0
quezon,13.94,121.62,80,ssp370,2041-2060,2,88.828,27.022,22.822,32.022,75.832,2.451,0.2337,1.234,4.456,0.2337,0.7385,0.575,0.14,synthetic_reference_based,climate-demo-1.0
quezon,13.94,121.62,80,ssp370,2041-2060,3,97.094,27.622,23.422,32.623,74.997,2.505,0.2291,1.349,5.956,0.2291,0.7134,0.575,0.14,synthetic_reference_based,climate-demo-1.0
quezon,13.94,121.62,80,ssp370,2041-2060,4,107.835,28.222,24.022,33.222,75.212,2.451,0.2231,1.498,7.456,0.2231,0.6914,0.575,0.14,synthetic_reference_based,climate-demo-1.0
quezon,13.94,121.62,80,ssp370,2041-2060,5,174.136,28.322,24.122,33.322,79.538,2.305,0.1863,2.419,7.706,0.1863,0.7724,0.575,0.14,synthetic_reference_based,climate-demo-1.0
quezon,13.94,121.62,80,ssp370,2041-2060,6,237.832,27.822,23.622,32.822,84.812,2.105,0.1509,3.304,6.456,0.1509,0.7551,0.575,0.14,synthetic_reference_based,climate-demo-1.0
quezon,13.94,121.62,80,ssp370,2041-2060,7,270.112,27.422,23.222,32.422,86.457,1.905,0.1329,3.753,5.456,0.1329,0.7439,0.575,0.14,synthetic_reference_based,climate-demo-1.0
quezon,13.94,121.62,80,ssp370,2041-2060,8,258.256,27.522,23.322,32.522,86.22,1.759,0.1395,3.588,5.706,0.1395,0.7508,0.575,0.14,synthetic_reference_based,climate-demo-1.0
quezon,13.94,121.62,80,ssp370,2041-2060,9,215.511,27.622,23.422,32.623,85.365,1.705,0.1633,2.994,5.956,0.1633,0.7914,0.575,0.14,synthetic_reference_based,climate-demo-1.0
quezon,13.94,121.62,80,ssp370,2041-2060,10,209.609,27.622,23.422,32.623,85.247,1.759,0.1666,2.912,5.956,0.1666,0.7978,0.575,0.14,synthetic_reference_based,climate-demo-1.0
quezon,13.94,121.62,80,ssp370,2041-2060,11,188.33,27.422,23.222,32.422,83.822,1.905,0.1784,2.617,5.456,0.1784,0.833,0.575,0.14,synthetic_reference_based,climate-demo-1.0
quezon,13.94,121.62,80,ssp370,2041-2060,12,155.984,27.022,22.822,32.022,81.175,2.105,0.1963,2.167,4.456,0.1963,0.8266,0.575,0.14,synthetic_reference_based,climate-demo-1.0
quezon,13.94,121.62,80,ssp370,2061-2080,1,122.311,27.374,23.174,32.374,78.029,2.305,0.2465,1.734,6.909,0.2465,0.755,0.688,0.17,synthetic_reference_based,climate-demo-1.0
quezon,13.94,121.62,80,ssp370,2061-2080,2,87.869,27.574,23.374,32.574,75.34,2.451,0.2657,1.245,7.409,0.2657,0.6979,0.688,0.17,synthetic_reference_based,climate-demo-1.0
quezon,13.94,121.62,80,ssp370,2061-2080,3,96.021,28.174,23.974,33.174,74.503,2.505,0.2612,1.361,8.909,0.2612,0.6726,0.688,0.17,synthetic_reference_based,climate-demo-1.0
quezon,13.94,121.62,80,ssp370,2061-2080,4,106.65,28.774,24.574,33.774,74.715,2.451,0.2553,1.512,10.409,0.2553,0.6505,0.688,0.17,synthetic_reference_based,climate-demo-1.0
quezon,13.94,121.62,80,ssp370,2061-2080,5,172.273,28.874,24.674,33.874,79.028,2.305,0.2188,2.442,10.659,0.2188,0.7305,0.688,0.17,synthetic_reference_based,climate-demo-1.0
quezon,13.94,121.62,80,ssp370,2061-2080,6,235.349,28.374,24.174,33.374,84.289,2.105,0.1838,3.336,9.409,0.1838,0.7184,0.688,0.17,synthetic_reference_based,climate-demo-1.0
quezon,13.94,121.62,80,ssp370,2061-2080,7,267.29,27.974,23.774,32.974,85.928,1.905,0.166,3.788,8.409,0.166,0.7076,0.688,0.17,synthetic_reference_based,climate-demo-1.0
quezon,13.94,121.62,80,ssp370,2061-2080,8,255.49,28.074,23.874,33.074,85.692,1.759,0.1726,3.621,8.659,0.1726,0.7145,0.688,0.17,synthetic_reference_based,climate-demo-1.0
quezon,13.94,121.62,80,ssp370,2061-2080,9,213.141,28.174,23.974,33.174,84.845,1.705,0.1961,3.021,8.909,0.1961,0.7546,0.688,0.17,synthetic_reference_based,climate-demo-1.0
quezon,13.94,121.62,80,ssp370,2061-2080,10,207.295,28.174,23.974,33.174,84.728,1.759,0.1993,2.938,8.909,0.1993,0.761,0.688,0.17,synthetic_reference_based,climate-demo-1.0
quezon,13.94,121.62,80,ssp370,2061-2080,11,186.298,27.974,23.774,32.974,83.308,1.905,0.211,2.64,8.409,0.211,0.7958,0.688,0.17,synthetic_reference_based,climate-demo-1.0
quezon,13.94,121.62,80,ssp370,2061-2080,12,154.348,27.574,23.374,32.574,80.669,2.105,0.2288,2.188,7.409,0.2288,0.785,0.688,0.17,synthetic_reference_based,climate-demo-1.0
quezon,13.94,121.62,80,ssp370,2081-2100,1,121.013,27.925,23.725,32.925,77.53,2.305,0.2788,1.749,9.862,0.2788,0.714,0.8,0.2,synthetic_reference_based,climate-demo-1.0
quezon,13.94,121.62,80,ssp370,2081-2100,2,86.909,28.125,23.925,33.125,74.848,2.451,0.2977,1.256,10.362,0.2977,0.6572,0.8,0.2,synthetic_reference_based,climate-demo-1.0
quezon,13.94,121.62,80,ssp370,2081-2100,3,94.949,28.725,24.525,33.725,74.009,2.505,0.2933,1.372,11.863,0.2933,0.6318,0.8,0.2,synthetic_reference_based,climate-demo-1.0
quezon,13.94,121.62,80,ssp370,2081-2100,4,105.465,29.325,25.125,34.325,74.219,2.451,0.2874,1.524,13.363,0.2874,0.6096,0.8,0.2,synthetic_reference_based,climate-demo-1.0
quezon,13.94,121.62,80,ssp370,2081-2100,5,170.411,29.425,25.225,34.425,78.518,2.305,0.2513,2.463,13.612,0.2513,0.6887,0.8,0.2,synthetic_reference_based,climate-demo-1.0
quezon,13.94,121.62,80,ssp370,2081-2100,6,232.866,28.925,24.725,33.925,83.767,2.105,0.2166,3.366,12.362,0.2166,0.6817,0.8,0.2,synthetic_reference_based,climate-demo-1.0
quezon,13.94,121.62,80,ssp370,2081-2100,7,264.468,28.525,24.325,33.525,85.399,1.905,0.1991,3.822,11.362,0.1991,0.6713,0.8,0.2,synthetic_reference_based,climate-demo-1.0
quezon,13.94,121.62,80,ssp370,2081-2100,8,252.725,28.625,24.425,33.625,85.164,1.759,0.2056,3.653,11.612,0.2056,0.6781,0.8,0.2,synthetic_reference_based,climate-demo-1.0
quezon,13.94,121.62,80,ssp370,2081-2100,9,210.77,28.725,24.525,33.725,84.325,1.705,0.2289,3.046,11.863,0.2289,0.7178,0.8,0.2,synthetic_reference_based,climate-demo-1.0
quezon,13.94,121.62,80,ssp370,2081-2100,10,204.981,28.725,24.525,33.725,84.21,1.759,0.2321,2.963,11.863,0.2321,0.7241,0.8,0.2,synthetic_reference_based,climate-demo-1.0
quezon,13.94,121.62,80,ssp370,2081-2100,11,184.266,28.525,24.325,33.525,82.795,1.905,0.2436,2.663,11.362,0.2436,0.7587,0.8,0.2,synthetic_reference_based,climate-demo-1.0
quezon,13.94,121.62,80,ssp370,2081-2100,12,152.711,28.125,23.925,33.125,80.164,2.105,0.2612,2.207,10.362,0.2612,0.7435,0.8,0.2,synthetic_reference_based,climate-demo-1.0
quezon,13.94,121.62,80,ssp585,historical,1,126.205,25.72,21.52,30.72,79.524,2.335,0.1499,1.683,0.0,0.1499,0.7247,0.35,0.08,synthetic_reference_based,climate-demo-1.0
quezon,13.94,121.62,80,ssp585,historical,2,90.747,25.92,21.72,30.92,76.815,2.481,0.1696,1.21,0.0,0.1696,0.6902,0.35,0.08,synthetic_reference_based,climate-demo-1.0
quezon,13.94,121.62,80,ssp585,historical,3,99.238,26.52,22.32,31.52,75.985,2.535,0.1649,1.323,0.05,0.1649,0.7373,0.35,0.08,synthetic_reference_based,climate-demo-1.0
quezon,13.94,121.62,80,ssp585,historical,4,110.206,27.12,22.92,32.12,76.204,2.481,0.1588,1.469,1.55,0.1588,0.7733,0.35,0.08,synthetic_reference_based,climate-demo-1.0
quezon,13.94,121.62,80,ssp585,historical,5,177.861,27.22,23.02,32.22,80.557,2.335,0.1212,2.371,1.8,0.1212,0.856,0.35,0.08,synthetic_reference_based,climate-demo-1.0
quezon,13.94,121.62,80,ssp585,historical,6,242.799,26.72,22.52,31.72,85.856,2.135,0.0851,3.237,0.55,0.0851,0.7948,0.35,0.08,synthetic_reference_based,climate-demo-1.0
quezon,13.94,121.62,80,ssp585,historical,7,275.756,26.32,22.12,31.32,87.515,1.935,0.0668,3.677,0.0,0.0668,0.7349,0.35,0.08,synthetic_reference_based,climate-demo-1.0
quezon,13.94,121.62,80,ssp585,historical,8,263.787,26.42,22.22,31.42,87.276,1.789,0.0735,3.517,0.0,0.0735,0.754,0.35,0.08,synthetic_reference_based,climate-demo-1.0
quezon,13.94,121.62,80,ssp585,historical,9,220.252,26.52,22.32,31.52,86.405,1.735,0.0976,2.937,0.05,0.0976,0.8074,0.35,0.08,synthetic_reference_based,climate-demo-1.0
quezon,13.94,121.62,80,ssp585,historical,10,214.237,26.52,22.32,31.52,86.285,1.789,0.101,2.856,0.05,0.101,0.8139,0.35,0.08,synthetic_reference_based,climate-demo-1.0
quezon,13.94,121.62,80,ssp585,historical,11,192.394,26.32,22.12,31.32,84.848,1.935,0.1131,2.565,0.0,0.1131,0.8257,0.35,0.08,synthetic_reference_based,climate-demo-1.0
quezon,13.94,121.62,80,ssp585,historical,12,159.258,25.92,21.72,30.92,82.185,2.135,0.1315,2.123,0.0,0.1315,0.78,0.35,0.08,synthetic_reference_based,climate-demo-1.0
quezon,13.94,121.62,80,ssp585,2021-2040,1,124.536,26.429,22.229,31.429,78.883,2.335,0.1913,1.705,1.847,0.1913,0.7569,0.462,0.11,synthetic_reference_based,climate-demo-1.0
quezon,13.94,121.62,80,ssp585,2021-2040,2,89.514,26.629,22.429,31.629,76.183,2.481,0.2108,1.226,2.347,0.2108,0.723,0.462,0.11,synthetic_reference_based,climate-demo-1.0
quezon,13.94,121.62,80,ssp585,2021-2040,3,97.86,27.229,23.029,32.229,75.35,2.535,0.2061,1.34,3.847,0.2061,0.7425,0.462,0.11,synthetic_reference_based,climate-demo-1.0
quezon,13.94,121.62,80,ssp585,2021-2040,4,108.682,27.829,23.629,32.829,75.566,2.481,0.2001,1.488,5.347,0.2001,0.7207,0.462,0.11,synthetic_reference_based,climate-demo-1.0
quezon,13.94,121.62,80,ssp585,2021-2040,5,175.466,27.929,23.729,32.929,79.902,2.335,0.163,2.403,5.597,0.163,0.8022,0.462,0.11,synthetic_reference_based,climate-demo-1.0
quezon,13.94,121.62,80,ssp585,2021-2040,6,239.606,27.429,23.229,32.429,85.185,2.135,0.1274,3.281,4.347,0.1274,0.7813,0.462,0.11,synthetic_reference_based,climate-demo-1.0
quezon,13.94,121.62,80,ssp585,2021-2040,7,272.128,27.029,22.829,32.029,86.835,1.935,0.1093,3.726,3.347,0.1093,0.7699,0.462,0.11,synthetic_reference_based,climate-demo-1.0
quezon,13.94,121.62,80,ssp585,2021-2040,8,260.231,27.129,22.929,32.129,86.597,1.789,0.1159,3.563,3.597,0.1159,0.7768,0.462,0.11,synthetic_reference_based,climate-demo-1.0
quezon,13.94,121.62,80,ssp585,2021-2040,9,217.204,27.229,23.029,32.229,85.737,1.735,0.1398,2.974,3.847,0.1398,0.8177,0.462,0.11,synthetic_reference_based,climate-demo-1.0
quezon,13.94,121.62,80,ssp585,2021-2040,10,211.262,27.229,23.029,32.229,85.618,1.789,0.1431,2.893,3.847,0.1431,0.8241,0.462,0.11,synthetic_reference_based,climate-demo-1.0
quezon,13.94,121.62,80,ssp585,2021-2040,11,189.781,27.029,22.829,32.029,84.188,1.935,0.1551,2.599,3.347,0.1551,0.8595,0.462,0.11,synthetic_reference_based,climate-demo-1.0
quezon,13.94,121.62,80,ssp585,2021-2040,12,157.153,26.629,22.429,31.629,81.536,2.135,0.1732,2.152,2.347,0.1732,0.8117,0.462,0.11,synthetic_reference_based,climate-demo-1.0
quezon,13.94,121.62,80,ssp585,2041-2060,1,122.867,27.138,22.938,32.138,78.242,2.335,0.2327,1.727,5.644,0.2327,0.7726,0.575,0.14,synthetic_reference_based,climate-demo-1.0
quezon,13.94,121.62,80,ssp585,2041-2060,2,88.28,27.338,23.138,32.338,75.551,2.481,0.252,1.241,6.144,0.252,0.7153,0.575,0.14,synthetic_reference_based,climate-demo-1.0
quezon,13.94,121.62,80,ssp585,2041-2060,3,96.481,27.938,23.738,32.938,74.715,2.535,0.2474,1.356,7.644,0.2474,0.69,0.575,0.14,synthetic_reference_based,climate-demo-1.0
quezon,13.94,121.62,80,ssp585,2041-2060,4,107.158,28.538,24.338,33.538,74.928,2.481,0.2415,1.506,9.144,0.2415,0.668,0.575,0.14,synthetic_reference_based,climate-demo-1.0
quezon,13.94,121.62,80,ssp585,2041-2060,5,173.072,28.638,24.438,33.638,79.246,2.335,0.2048,2.432,9.394,0.2048,0.7485,0.575,0.14,synthetic_reference_based,climate-demo-1.0
quezon,13.94,121.62,80,ssp585,2041-2060,6,236.413,28.138,23.938,33.138,84.513,2.135,0.1697,3.322,8.144,0.1697,0.7341,0.575,0.14,synthetic_reference_based,climate-demo-1.0
quezon,13.94,121.62,80,ssp585,2041-2060,7,268.5,27.738,23.538,32.737,86.155,1.935,0.1518,3.773,7.144,0.1518,0.7232,0.575,0.14,synthetic_reference_based,climate-demo-1.0
quezon,13.94,121.62,80,ssp585,2041-2060,8,256.675,27.838,23.638,32.838,85.919,1.789,0.1584,3.607,7.394,0.1584,0.7301,0.575,0.14,synthetic_reference_based,climate-demo-1.0
quezon,13.94,121.62,80,ssp585,2041-2060,9,214.157,27.938,23.738,32.938,85.068,1.735,0.182,3.01,7.644,0.182,0.7704,0.575,0.14,synthetic_reference_based,climate-demo-1.0
quezon,13.94,121.62,80,ssp585,2041-2060,10,208.287,27.938,23.738,32.938,84.951,1.789,0.1853,2.927,7.644,0.1853,0.7767,0.575,0.14,synthetic_reference_based,climate-demo-1.0
quezon,13.94,121.62,80,ssp585,2041-2060,11,187.169,27.738,23.538,32.737,83.528,1.935,0.197,2.63,7.144,0.197,0.8117,0.575,0.14,synthetic_reference_based,climate-demo-1.0
quezon,13.94,121.62,80,ssp585,2041-2060,12,155.049,27.338,23.138,32.338,80.886,2.135,0.2149,2.179,6.144,0.2149,0.8028,0.575,0.14,synthetic_reference_based,climate-demo-1.0
quezon,13.94,121.62,80,ssp585,2061-2080,1,121.198,27.846,23.646,32.846,77.601,2.335,0.2742,1.747,9.441,0.2742,0.7198,0.688,0.17,synthetic_reference_based,climate-demo-1.0
quezon,13.94,121.62,80,ssp585,2061-2080,2,87.046,28.046,23.846,33.046,74.918,2.481,0.2931,1.255,9.941,0.2931,0.6631,0.688,0.17,synthetic_reference_based,climate-demo-1.0
quezon,13.94,121.62,80,ssp585,2061-2080,3,95.102,28.646,24.446,33.646,74.08,2.535,0.2887,1.371,11.441,0.2887,0.6376,0.688,0.17,synthetic_reference_based,climate-demo-1.0
quezon,13.94,121.62,80,ssp585,2061-2080,4,105.634,29.246,25.046,34.246,74.29,2.481,0.2828,1.523,12.941,0.2828,0.6154,0.688,0.17,synthetic_reference_based,climate-demo-1.0
quezon,13.94,121.62,80,ssp585,2061-2080,5,170.677,29.346,25.146,34.346,78.591,2.335,0.2467,2.46,13.191,0.2467,0.6947,0.688,0.17,synthetic_reference_based,climate-demo-1.0
quezon,13.94,121.62,80,ssp585,2061-2080,6,233.221,28.846,24.646,33.846,83.842,2.135,0.2119,3.361,11.941,0.2119,0.687,0.688,0.17,synthetic_reference_based,climate-demo-1.0
quezon,13.94,121.62,80,ssp585,2061-2080,7,264.871,28.446,24.246,33.446,85.475,1.935,0.1943,3.818,10.941,0.1943,0.6765,0.688,0.17,synthetic_reference_based,climate-demo-1.0
quezon,13.94,121.62,80,ssp585,2061-2080,8,253.12,28.546,24.346,33.546,85.24,1.789,0.2009,3.648,11.191,0.2009,0.6833,0.688,0.17,synthetic_reference_based,climate-demo-1.0
quezon,13.94,121.62,80,ssp585,2061-2080,9,211.109,28.646,24.446,33.646,84.4,1.735,0.2242,3.043,11.441,0.2242,0.7231,0.688,0.17,synthetic_reference_based,climate-demo-1.0
quezon,13.94,121.62,80,ssp585,2061-2080,10,205.311,28.646,24.446,33.646,84.284,1.789,0.2274,2.959,11.441,0.2274,0.7294,0.688,0.17,synthetic_reference_based,climate-demo-1.0
quezon,13.94,121.62,80,ssp585,2061-2080,11,184.557,28.446,24.246,33.446,82.869,1.935,0.239,2.66,10.941,0.239,0.764,0.688,0.17,synthetic_reference_based,climate-demo-1.0
quezon,13.94,121.62,80,ssp585,2061-2080,12,152.945,28.046,23.846,33.046,80.236,2.135,0.2565,2.204,9.941,0.2565,0.7495,0.688,0.17,synthetic_reference_based,climate-demo-1.0
quezon,13.94,121.62,80,ssp585,2081-2100,1,119.529,28.555,24.355,33.555,76.961,2.335,0.3156,1.766,13.238,0.3156,0.667,0.8,0.2,synthetic_reference_based,climate-demo-1.0
quezon,13.94,121.62,80,ssp585,2081-2100,2,85.813,28.755,24.555,33.755,74.286,2.481,0.3343,1.268,13.737,0.3343,0.6108,0.8,0.2,synthetic_reference_based,climate-demo-1.0
quezon,13.94,121.62,80,ssp585,2081-2100,3,93.723,29.355,25.155,34.355,73.444,2.535,0.3299,1.385,15.238,0.3299,0.5852,0.8,0.2,synthetic_reference_based,climate-demo-1.0
quezon,13.94,121.62,80,ssp585,2081-2100,4,104.11,29.955,25.755,34.955,73.652,2.481,0.3242,1.538,16.738,0.3242,0.5628,0.8,0.2,synthetic_reference_based,climate-demo-1.0
quezon,13.94,121.62,80,ssp585,2081-2100,5,168.282,30.055,25.855,35.055,77.936,2.335,0.2885,2.486,16.988,0.2885,0.6409,0.8,0.2,synthetic_reference_based,climate-demo-1.0
quezon,13.94,121.62,80,ssp585,2081-2100,6,230.028,29.555,25.355,34.555,83.171,2.135,0.2542,3.398,15.738,0.2542,0.6398,0.8,0.2,synthetic_reference_based,climate-demo-1.0
quezon,13.94,121.62,80,ssp585,2081-2100,7,261.243,29.155,24.955,34.155,84.795,1.935,0.2369,3.859,14.738,0.2369,0.6298,0.8,0.2,synthetic_reference_based,climate-demo-1.0
quezon,13.94,121.62,80,ssp585,2081-2100,8,249.564,29.255,25.055,34.255,84.561,1.789,0.2434,3.687,14.987,0.2434,0.6366,0.8,0.2,synthetic_reference_based,climate-demo-1.0
quezon,13.94,121.62,80,ssp585,2081-2100,9,208.061,29.355,25.155,34.355,83.731,1.735,0.2664,3.074,15.238,0.2664,0.6757,0.8,0.2,synthetic_reference_based,climate-demo-1.0
quezon,13.94,121.62,80,ssp585,2081-2100,10,202.336,29.355,25.155,34.355,83.617,1.789,0.2696,2.989,15.238,0.2696,0.682,0.8,0.2,synthetic_reference_based,climate-demo-1.0
quezon,13.94,121.62,80,ssp585,2081-2100,11,181.944,29.155,24.955,34.155,82.209,1.935,0.2809,2.688,14.738,0.2809,0.7128,0.8,0.2,synthetic_reference_based,climate-demo-1.0
quezon,13.94,121.62,80,ssp585,2081-2100,12,150.84,28.755,24.555,33.755,79.587,2.135,0.2982,2.228,13.737,0.2982,0.6961,0.8,0.2,synthetic_reference_based,climate-demo-1.0
zamboanga,6.921,122.079,25,ssp126,historical,1,123.823,26.05,21.85,31.05,79.476,2.245,0.1512,1.651,0.0,0.1512,0.7413,0.35,0.08,synthetic_reference_based,climate-demo-1.0
zamboanga,6.921,122.079,25,ssp126,historical,2,90.149,26.25,22.05,31.25,76.803,2.391,0.1699,1.202,0.0,0.1699,0.7092,0.35,0.08,synthetic_reference_based,climate-demo-1.0
zamboanga,6.921,122.079,25,ssp126,historical,3,97.898,26.85,22.65,31.85,75.958,2.445,0.1656,1.305,0.875,0.1656,0.7554,0.35,0.08,synthetic_reference_based,climate-demo-1.0
zamboanga,6.921,122.079,25,ssp126,historical,4,106.487,27.45,23.25,32.45,76.13,2.391,0.1608,1.42,2.375,0.1608,0.7486,0.35,0.08,synthetic_reference_based,climate-demo-1.0
zamboanga,6.921,122.079,25,ssp126,historical,5,169.384,27.55,23.35,32.55,80.388,2.245,0.1259,2.258,2.625,0.1259,0.8251,0.35,0.08,synthetic_reference_based,climate-demo-1.0
zamboanga,6.921,122.079,25,ssp126,historical,6,232.391,27.05,22.85,32.05,85.648,2.045,0.0909,3.099,1.375,0.0909,0.82,0.35,0.08,synthetic_reference_based,climate-demo-1.0
zamboanga,6.921,122.079,25,ssp126,historical,7,269.017,26.65,22.45,31.65,87.38,1.845,0.0705,3.587,0.375,0.0705,0.7621,0.35,0.08,synthetic_reference_based,climate-demo-1.0
zamboanga,6.921,122.079,25,ssp126,historical,8,261.573,26.75,22.55,31.75,87.231,1.699,0.0747,3.488,0.625,0.0747,0.7762,0.35,0.08,synthetic_reference_based,climate-demo-1.0
zamboanga,6.921,122.079,25,ssp126,historical,9,218.148,26.85,22.65,31.85,86.363,1.645,0.0988,2.909,0.875,0.0988,0.8295,0.35,0.08,synthetic_reference_based,climate-demo-1.0
zamboanga,6.921,122.079,25,ssp126,historical,10,208.291,26.85,22.65,31.85,86.166,1.699,0.1043,2.777,0.875,0.1043,0.8402,0.35,0.08,synthetic_reference_based,climate-demo-1.0
zamboanga,6.921,122.079,25,ssp126,historical,11,183.657,26.65,22.45,31.65,84.673,1.845,0.118,2.449,0.375,0.118,0.855,0.35,0.08,synthetic_reference_based,climate-demo-1.0
zamboanga,6.921,122.079,25,ssp126,historical,12,151.912,26.25,22.05,31.25,82.038,2.045,0.1356,2.025,0.0,0.1356,0.7902,0.35,0.08,synthetic_reference_based,climate-demo-1.0
zamboanga,6.921,122.079,25,ssp126,2021-2040,1,123.282,26.286,22.086,31.286,79.263,2.245,0.165,1.659,0.141,0.165,0.7521,0.462,0.11,synthetic_reference_based,climate-demo-1.0
zamboanga,6.921,122.079,25,ssp126,2021-2040,2,89.749,26.486,22.286,31.486,76.592,2.391,0.1836,1.207,0.641,0.1836,0.7201,0.462,0.11,synthetic_reference_based,climate-demo-1.0
zamboanga,6.921,122.079,25,ssp126,2021-2040,3,97.451,27.086,22.886,32.086,75.747,2.445,0.1794,1.311,2.141,0.1794,0.7559,0.462,0.11,synthetic_reference_based,climate-demo-1.0
zamboanga,6.921,122.079,25,ssp126,2021-2040,4,105.993,27.686,23.486,32.686,75.917,2.391,0.1746,1.426,3.641,0.1746,0.7311,0.462,0.11,synthetic_reference_based,climate-demo-1.0
zamboanga,6.921,122.079,25,ssp126,2021-2040,5,168.608,27.786,23.586,32.786,80.17,2.245,0.1398,2.268,3.891,0.1398,0.8072,0.462,0.11,synthetic_reference_based,climate-demo-1.0
zamboanga,6.921,122.079,25,ssp126,2021-2040,6,231.356,27.286,23.086,32.286,85.425,2.045,0.105,3.113,2.641,0.105,0.8042,0.462,0.11,synthetic_reference_based,climate-demo-1.0
zamboanga,6.921,122.079,25,ssp126,2021-2040,7,267.84,26.886,22.686,31.886,87.154,1.845,0.0847,3.603,1.641,0.0847,0.7748,0.462,0.11,synthetic_reference_based,climate-demo-1.0
zamboanga,6.921,122.079,25,ssp126,2021-2040,8,260.42,26.986,22.786,31.986,87.006,1.699,0.0888,3.504,1.891,0.0888,0.7889,0.462,0.11,synthetic_reference_based,climate-demo-1.0
zamboanga,6.921,122.079,25,ssp126,2021-2040,9,217.161,27.086,22.886,32.086,86.141,1.645,0.1129,2.922,2.141,0.1129,0.8317,0.462,0.11,synthetic_reference_based,climate-demo-1.0
zamboanga,6.921,122.079,25,ssp126,2021-2040,10,207.327,27.086,22.886,32.086,85.944,1.699,0.1183,2.789,2.141,0.1183,0.8424,0.462,0.11,synthetic_reference_based,climate-demo-1.0
zamboanga,6.921,122.079,25,ssp126,2021-2040,11,182.811,26.886,22.686,31.886,84.454,1.845,0.1319,2.459,1.641,0.1319,0.8662,0.462,0.11,synthetic_reference_based,climate-demo-1.0
zamboanga,6.921,122.079,25,ssp126,2021-2040,12,151.23,26.486,22.286,31.486,81.822,2.045,0.1495,2.035,0.641,0.1495,0.8008,0.462,0.11,synthetic_reference_based,climate-demo-1.0
zamboanga,6.921,122.079,25,ssp126,2041-2060,1,122.741,26.522,22.322,31.522,79.05,2.245,0.1788,1.666,1.406,0.1788,0.7629,0.575,0.14,synthetic_reference_based,climate-demo-1.0
zamboanga,6.921,122.079,25,ssp126,2041-2060,2,89.349,26.722,22.522,31.722,76.382,2.391,0.1974,1.213,1.906,0.1974,0.7311,0.575,0.14,synthetic_reference_based,climate-demo-1.0
zamboanga,6.921,122.079,25,ssp126,2041-2060,3,97.004,27.322,23.123,32.323,75.535,2.445,0.1931,1.317,3.406,0.1931,0.7384,0.575,0.14,synthetic_reference_based,climate-demo-1.0
zamboanga,6.921,122.079,25,ssp126,2041-2060,4,105.499,27.923,23.723,32.922,75.705,2.391,0.1884,1.432,4.906,0.1884,0.7136,0.575,0.14,synthetic_reference_based,climate-demo-1.0
zamboanga,6.921,122.079,25,ssp126,2041-2060,5,167.831,28.022,23.822,33.022,79.952,2.245,0.1538,2.278,5.156,0.1538,0.7893,0.575,0.14,synthetic_reference_based,climate-demo-1.0
zamboanga,6.921,122.079,25,ssp126,2041-2060,6,230.321,27.522,23.322,32.522,85.201,2.045,0.119,3.126,3.906,0.119,0.7885,0.575,0.14,synthetic_reference_based,climate-demo-1.0
zamboanga,6.921,122.079,25,ssp126,2041-2060,7,266.664,27.123,22.923,32.123,86.928,1.845,0.0989,3.62,2.906,0.0989,0.7729,0.575,0.14,synthetic_reference_based,climate-demo-1.0
zamboanga,6.921,122.079,25,ssp126,2041-2060,8,259.268,27.222,23.022,32.222,86.78,1.699,0.103,3.519,3.156,0.103,0.7749,0.575,0.14,synthetic_reference_based,climate-demo-1.0
zamboanga,6.921,122.079,25,ssp126,2041-2060,9,216.173,27.322,23.123,32.323,85.918,1.645,0.1269,2.934,3.406,0.1269,0.8159,0.575,0.14,synthetic_reference_based,climate-demo-1.0
zamboanga,6.921,122.079,25,ssp126,2041-2060,10,206.363,27.322,23.123,32.323,85.722,1.699,0.1324,2.801,3.406,0.1324,0.8265,0.575,0.14,synthetic_reference_based,climate-demo-1.0
zamboanga,6.921,122.079,25,ssp126,2041-2060,11,181.964,27.123,22.923,32.123,84.234,1.845,0.1459,2.47,2.906,0.1459,0.8618,0.575,0.14,synthetic_reference_based,climate-demo-1.0
zamboanga,6.921,122.079,25,ssp126,2041-2060,12,150.548,26.722,22.522,31.722,81.606,2.045,0.1634,2.043,1.906,0.1634,0.8113,0.575,0.14,synthetic_reference_based,climate-demo-1.0
zamboanga,6.921,122.079,25,ssp126,2061-2080,1,122.2,26.759,22.559,31.759,78.837,2.245,0.1926,1.673,2.672,0.1926,0.7736,0.688,0.17,synthetic_reference_based,climate-demo-1.0
zamboanga,6.921,122.079,25,ssp126,2061-2080,2,88.949,26.959,22.759,31.959,76.171,2.391,0.2111,1.218,3.172,0.2111,0.742,0.688,0.17,synthetic_reference_based,climate-demo-1.0
zamboanga,6.921,122.079,25,ssp126,2061-2080,3,96.557,27.559,23.359,32.559,75.324,2.445,0.2069,1.322,4.672,0.2069,0.721,0.688,0.17,synthetic_reference_based,climate-demo-1.0
zamboanga,6.921,122.079,25,ssp126,2061-2080,4,105.005,28.159,23.959,33.159,75.493,2.391,0.2022,1.438,6.172,0.2022,0.696,0.688,0.17,synthetic_reference_based,climate-demo-1.0
zamboanga,6.921,122.079,25,ssp126,2061-2080,5,167.055,28.259,24.059,33.259,79.734,2.245,0.1677,2.288,6.422,0.1677,0.7714,0.688,0.17,synthetic_reference_based,climate-demo-1.0
zamboanga,6.921,122.079,25,ssp126,2061-2080,6,229.286,27.759,23.559,32.759,84.978,2.045,0.1331,3.14,5.172,0.1331,0.7727,0.688,0.17,synthetic_reference_based,climate-demo-1.0
zamboanga,6.921,122.079,25,ssp126,2061-2080,7,265.488,27.359,23.159,32.359,86.702,1.845,0.113,3.635,4.172,0.113,0.7573,0.688,0.17,synthetic_reference_based,climate-demo-1.0
zamboanga,6.921,122.079,25,ssp126,2061-2080,8,258.115,27.459,23.259,32.459,86.555,1.699,0.1171,3.534,4.422,0.1171,0.7593,0.688,0.17,synthetic_reference_based,climate-demo-1.0
zamboanga,6.921,122.079,25,ssp126,2061-2080,9,215.185,27.559,23.359,32.559,85.696,1.645,0.141,2.947,4.672,0.141,0.8001,0.688,0.17,synthetic_reference_based,climate-demo-1.0
zamboanga,6.921,122.079,25,ssp126,2061-2080,10,205.398,27.559,23.359,32.559,85.5,1.699,0.1464,2.813,4.672,0.1464,0.8107,0.688,0.17,synthetic_reference_based,climate-demo-1.0
zamboanga,6.921,122.079,25,ssp126,2061-2080,11,181.117,27.359,23.159,32.359,84.015,1.845,0.1599,2.48,4.172,0.1599,0.8438,0.688,0.17,synthetic_reference_based,climate-demo-1.0
zamboanga,6.921,122.079,25,ssp126,2061-2080,12,149.866,26.959,22.759,31.959,81.39,2.045,0.1772,2.052,3.172,0.1772,0.8219,0.688,0.17,synthetic_reference_based,climate-demo-1.0
zamboanga,6.921,122.079,25,ssp126,2081-2100,1,121.659,26.995,22.795,31.995,78.623,2.245,0.2064,1.681,3.938,0.2064,0.7844,0.8,0.2,synthetic_reference_based,climate-demo-1.0
zamboanga,6.921,122.079,25,ssp126,2081-2100,2,88.549,27.195,22.995,32.195,75.961,2.391,0.2248,1.223,4.438,0.2248,0.7296,0.8,0.2,synthetic_reference_based,climate-demo-1.0
zamboanga,6.921,122.079,25,ssp126,2081-2100,3,96.11,27.795,23.595,32.795,75.112,2.445,0.2206,1.328,5.938,0.2206,0.7035,0.8,0.2,synthetic_reference_based,climate-demo-1.0
zamboanga,6.921,122.079,25,ssp126,2081-2100,4,104.511,28.395,24.195,33.395,75.28,2.391,0.2159,1.444,7.438,0.2159,0.6785,0.8,0.2,synthetic_reference_based,climate-demo-1.0
zamboanga,6.921,122.079,25,ssp126,2081-2100,5,166.279,28.495,24.295,33.495,79.516,2.245,0.1816,2.297,7.688,0.1816,0.7535,0.8,0.2,synthetic_reference_based,climate-demo-1.0
zamboanga,6.921,122.079,25,ssp126,2081-2100,6,228.251,27.995,23.795,32.995,84.755,2.045,0.1472,3.153,6.438,0.1472,0.757,0.8,0.2,synthetic_reference_based,climate-demo-1.0
zamboanga,6.921,122.079,25,ssp126,2081-2100,7,264.312,27.595,23.395,32.595,86.476,1.845,0.1272,3.651,5.438,0.1272,0.7417,0.8,0.2,synthetic_reference_based,climate-demo-1.0
zamboanga,6.921,122.079,25,ssp126,2081-2100,8,256.963,27.695,23.495,32.695,86.329,1.699,0.1312,3.55,5.688,0.1312,0.7437,0.8,0.2,synthetic_reference_based,climate-demo-1.0
zamboanga,6.921,122.079,25,ssp126,2081-2100,9,214.197,27.795,23.595,32.795,85.474,1.645,0.155,2.959,5.938,0.155,0.7843,0.8,0.2,synthetic_reference_based,climate-demo-1.0
zamboanga,6.921,122.079,25,ssp126,2081-2100,10,204.434,27.795,23.595,32.795,85.279,1.699,0.1604,2.824,5.938,0.1604,0.7949,0.8,0.2,synthetic_reference_based,climate-demo-1.0
zamboanga,6.921,122.079,25,ssp126,2081-2100,11,180.27,27.595,23.395,32.595,83.795,1.845,0.1738,2.49,5.438,0.1738,0.8259,0.8,0.2,synthetic_reference_based,climate-demo-1.0
zamboanga,6.921,122.079,25,ssp126,2081-2100,12,149.184,27.195,22.995,32.195,81.174,2.045,0.1911,2.061,4.438,0.1911,0.8091,0.8,0.2,synthetic_reference_based,climate-demo-1.0
zamboanga,6.921,122.079,25,ssp245,historical,1,123.823,26.05,21.85,31.05,79.476,2.275,0.1512,1.651,0.0,0.1512,0.7413,0.35,0.08,synthetic_reference_based,climate-demo-1.0
zamboanga,6.921,122.079,25,ssp245,historical,2,90.149,26.25,22.05,31.25,76.803,2.421,0.1699,1.202,0.0,0.1699,0.7092,0.35,0.08,synthetic_reference_based,climate-demo-1.0
zamboanga,6.921,122.079,25,ssp245,historical,3,97.898,26.85,22.65,31.85,75.958,2.475,0.1656,1.305,0.875,0.1656,0.7554,0.35,0.08,synthetic_reference_based,climate-demo-1.0
zamboanga,6.921,122.079,25,ssp245,historical,4,106.487,27.45,23.25,32.45,76.13,2.421,0.1608,1.42,2.375,0.1608,0.7486,0.35,0.08,synthetic_reference_based,climate-demo-1.0
zamboanga,6.921,122.079,25,ssp245,historical,5,169.384,27.55,23.35,32.55,80.388,2.275,0.1259,2.258,2.625,0.1259,0.8251,0.35,0.08,synthetic_reference_based,climate-demo-1.0
zamboanga,6.921,122.079,25,ssp245,historical,6,232.391,27.05,22.85,32.05,85.648,2.075,0.0909,3.099,1.375,0.0909,0.82,0.35,0.08,synthetic_reference_based,climate-demo-1.0
zamboanga,6.921,122.079,25,ssp245,historical,7,269.017,26.65,22.45,31.65,87.38,1.875,0.0705,3.587,0.375,0.0705,0.7621,0.35,0.08,synthetic_reference_based,climate-demo-1.0
zamboanga,6.921,122.079,25,ssp245,historical,8,261.573,26.75,22.55,31.75,87.231,1.729,0.0747,3.488,0.625,0.0747,0.7762,0.35,0.08,synthetic_reference_based,climate-demo-1.0
zamboanga,6.921,122.079,25,ssp245,historical,9,218.148,26.85,22.65,31.85,86.363,1.675,0.0988,2.909,0.875,0.0988,0.8295,0.35,0.08,synthetic_reference_based,climate-demo-1.0
zamboanga,6.921,122.079,25,ssp245,historical,10,208.291,26.85,22.65,31.85,86.166,1.729,0.1043,2.777,0.875,0.1043,0.8402,0.35,0.08,synthetic_reference_based,climate-demo-1.0
zamboanga,6.921,122.079,25,ssp245,historical,11,183.657,26.65,22.45,31.65,84.673,1.875,0.118,2.449,0.375,0.118,0.855,0.35,0.08,synthetic_reference_based,climate-demo-1.0
zamboanga,6.921,122.079,25,ssp245,historical,12,151.912,26.25,22.05,31.25,82.038,2.075,0.1356,2.025,0.0,0.1356,0.7902,0.35,0.08,synthetic_reference_based,climate-demo-1.0
zamboanga,6.921,122.079,25,ssp245,2021-2040,1,122.922,26.444,22.244,31.444,79.121,2.275,0.1742,1.664,0.984,0.1742,0.7593,0.462,0.11,synthetic_reference_based,climate-demo-1.0
zamboanga,6.921,122.079,25,ssp245,2021-2040,2,89.482,26.644,22.444,31.644,76.452,2.421,0.1928,1.211,1.484,0.1928,0.7274,0.462,0.11,synthetic_reference_based,climate-demo-1.0
zamboanga,6.921,122.079,25,ssp245,2021-2040,3,97.153,27.244,23.044,32.244,75.606,2.475,0.1885,1.315,2.984,0.1885,0.7443,0.462,0.11,synthetic_reference_based,climate-demo-1.0
zamboanga,6.921,122.079,25,ssp245,2021-2040,4,105.663,27.844,23.644,32.844,75.776,2.421,0.1838,1.43,4.484,0.1838,0.7194,0.462,0.11,synthetic_reference_based,climate-demo-1.0
zamboanga,6.921,122.079,25,ssp245,2021-2040,5,168.09,27.944,23.744,32.944,80.024,2.275,0.1491,2.275,4.734,0.1491,0.7953,0.462,0.11,synthetic_reference_based,climate-demo-1.0
zamboanga,6.921,122.079,25,ssp245,2021-2040,6,230.666,27.444,23.244,32.444,85.276,2.075,0.1144,3.122,3.484,0.1144,0.7937,0.462,0.11,synthetic_reference_based,climate-demo-1.0
zamboanga,6.921,122.079,25,ssp245,2021-2040,7,267.056,27.044,22.844,32.044,87.004,1.875,0.0941,3.614,2.484,0.0941,0.7781,0.462,0.11,synthetic_reference_based,climate-demo-1.0
zamboanga,6.921,122.079,25,ssp245,2021-2040,8,259.652,27.144,22.944,32.144,86.856,1.729,0.0982,3.514,2.734,0.0982,0.7801,0.462,0.11,synthetic_reference_based,climate-demo-1.0
zamboanga,6.921,122.079,25,ssp245,2021-2040,9,216.502,27.244,23.044,32.244,85.993,1.675,0.1222,2.93,2.984,0.1222,0.8211,0.462,0.11,synthetic_reference_based,climate-demo-1.0
zamboanga,6.921,122.079,25,ssp245,2021-2040,10,206.684,27.244,23.044,32.244,85.796,1.729,0.1277,2.797,2.984,0.1277,0.8318,0.462,0.11,synthetic_reference_based,climate-demo-1.0
zamboanga,6.921,122.079,25,ssp245,2021-2040,11,182.246,27.044,22.844,32.044,84.307,1.875,0.1413,2.466,2.484,0.1413,0.8678,0.462,0.11,synthetic_reference_based,climate-demo-1.0
zamboanga,6.921,122.079,25,ssp245,2021-2040,12,150.776,26.644,22.444,31.644,81.678,2.075,0.1587,2.04,1.484,0.1587,0.8078,0.462,0.11,synthetic_reference_based,climate-demo-1.0
zamboanga,6.921,122.079,25,ssp245,2041-2060,1,122.02,26.838,22.638,31.838,78.765,2.275,0.1972,1.676,3.094,0.1972,0.7772,0.575,0.14,synthetic_reference_based,climate-demo-1.0
zamboanga,6.921,122.079,25,ssp245,2041-2060,2,88.816,27.038,22.838,32.038,76.101,2.421,0.2157,1.22,3.594,0.2157,0.7412,0.575,0.14,synthetic_reference_based,climate-demo-1.0
zamboanga,6.921,122.079,25,ssp245,2041-2060,3,96.408,27.638,23.438,32.638,75.253,2.475,0.2114,1.324,5.094,0.2114,0.7152,0.575,0.14,synthetic_reference_based,climate-demo-1.0
zamboanga,6.921,122.079,25,ssp245,2041-2060,4,104.84,28.238,24.038,33.238,75.422,2.421,0.2068,1.44,6.594,0.2068,0.6902,0.575,0.14,synthetic_reference_based,climate-demo-1.0
zamboanga,6.921,122.079,25,ssp245,2041-2060,5,166.796,28.338,24.138,33.338,79.661,2.275,0.1723,2.291,6.844,0.1723,0.7654,0.575,0.14,synthetic_reference_based,climate-demo-1.0
zamboanga,6.921,122.079,25,ssp245,2041-2060,6,228.941,27.838,23.638,32.838,84.904,2.075,0.1378,3.144,5.594,0.1378,0.7675,0.575,0.14,synthetic_reference_based,climate-demo-1.0
zamboanga,6.921,122.079,25,ssp245,2041-2060,7,265.096,27.438,23.238,32.438,86.627,1.875,0.1177,3.641,4.594,0.1177,0.7521,0.575,0.14,synthetic_reference_based,climate-demo-1.0
zamboanga,6.921,122.079,25,ssp245,2041-2060,8,257.731,27.538,23.338,32.538,86.48,1.729,0.1218,3.54,4.844,0.1218,0.7541,0.575,0.14,synthetic_reference_based,climate-demo-1.0
zamboanga,6.921,122.079,25,ssp245,2041-2060,9,214.855,27.638,23.438,32.638,85.622,1.675,0.1456,2.951,5.094,0.1456,0.7948,0.575,0.14,synthetic_reference_based,climate-demo-1.0
zamboanga,6.921,122.079,25,ssp245,2041-2060,10,205.077,27.638,23.438,32.638,85.427,1.729,0.1511,2.816,5.094,0.1511,0.8054,0.575,0.14,synthetic_reference_based,climate-demo-1.0
zamboanga,6.921,122.079,25,ssp245,2041-2060,11,180.835,27.438,23.238,32.438,83.942,1.875,0.1645,2.483,4.594,0.1645,0.8378,0.575,0.14,synthetic_reference_based,climate-demo-1.0
zamboanga,6.921,122.079,25,ssp245,2041-2060,12,149.639,27.038,22.838,32.038,81.318,2.075,0.1819,2.055,3.594,0.1819,0.8209,0.575,0.14,synthetic_reference_based,climate-demo-1.0
zamboanga,6.921,122.079,25,ssp245,2061-2080,1,121.118,27.231,23.031,32.231,78.41,2.275,0.2202,1.688,5.203,0.2202,0.7674,0.688,0.17,synthetic_reference_based,climate-demo-1.0
zamboanga,6.921,122.079,25,ssp245,2061-2080,2,88.149,27.431,23.231,32.431,75.75,2.421,0.2385,1.228,5.703,0.2385,0.7122,0.688,0.17,synthetic_reference_based,climate-demo-1.0
zamboanga,6.921,122.079,25,ssp245,2061-2080,3,95.663,28.031,23.831,33.031,74.901,2.475,0.2344,1.333,7.203,0.2344,0.686,0.688,0.17,synthetic_reference_based,climate-demo-1.0
zamboanga,6.921,122.079,25,ssp245,2061-2080,4,104.017,28.631,24.431,33.631,75.068,2.421,0.2297,1.449,8.703,0.2297,0.661,0.688,0.17,synthetic_reference_based,climate-demo-1.0
zamboanga,6.921,122.079,25,ssp245,2061-2080,5,165.503,28.731,24.531,33.731,79.298,2.275,0.1956,2.306,8.953,0.1956,0.7356,0.688,0.17,synthetic_reference_based,climate-demo-1.0
zamboanga,6.921,122.079,25,ssp245,2061-2080,6,227.216,28.231,24.031,33.231,84.532,2.075,0.1613,3.166,7.703,0.1613,0.7412,0.688,0.17,synthetic_reference_based,climate-demo-1.0
zamboanga,6.921,122.079,25,ssp245,2061-2080,7,263.136,27.831,23.631,32.831,86.25,1.875,0.1413,3.666,6.703,0.1413,0.7261,0.688,0.17,synthetic_reference_based,climate-demo-1.0
zamboanga,6.921,122.079,25,ssp245,2061-2080,8,255.81,27.931,23.731,32.931,86.104,1.729,0.1454,3.564,6.953,0.1454,0.7281,0.688,0.17,synthetic_reference_based,climate-demo-1.0
zamboanga,6.921,122.079,25,ssp245,2061-2080,9,213.209,28.031,23.831,33.031,85.252,1.675,0.1691,2.971,7.203,0.1691,0.7685,0.688,0.17,synthetic_reference_based,climate-demo-1.0
zamboanga,6.921,122.079,25,ssp245,2061-2080,10,203.469,28.031,23.831,33.031,85.057,1.729,0.1745,2.835,7.203,0.1745,0.7791,0.688,0.17,synthetic_reference_based,climate-demo-1.0
zamboanga,6.921,122.079,25,ssp245,2061-2080,11,179.423,27.831,23.631,32.831,83.576,1.875,0.1878,2.5,6.703,0.1878,0.8079,0.688,0.17,synthetic_reference_based,climate-demo-1.0
zamboanga,6.921,122.079,25,ssp245,2061-2080,12,148.502,27.431,23.231,32.431,80.958,2.075,0.205,2.069,5.703,0.205,0.7913,0.688,0.17,synthetic_reference_based,climate-demo-1.0
zamboanga,6.921,122.079,25,ssp245,2081-2100,1,120.217,27.625,23.425,32.625,78.054,2.275,0.2432,1.699,7.312,0.2432,0.7381,0.8,0.2,synthetic_reference_based,climate-demo-1.0
zamboanga,6.921,122.079,25,ssp245,2081-2100,2,87.483,27.825,23.625,32.825,75.4,2.421,0.2614,1.236,7.812,0.2614,0.6832,0.8,0.2,synthetic_reference_based,climate-demo-1.0
zamboanga,6.921,122.079,25,ssp245,2081-2100,3,94.918,28.425,24.225,33.425,74.548,2.475,0.2573,1.342,9.313,0.2573,0.6569,0.8,0.2,synthetic_reference_based,climate-demo-1.0
zamboanga,6.921,122.079,25,ssp245,2081-2100,4,103.193,29.025,24.825,34.025,74.714,2.421,0.2527,1.458,10.813,0.2527,0.6318,0.8,0.2,synthetic_reference_based,climate-demo-1.0
zamboanga,6.921,122.079,25,ssp245,2081-2100,5,164.209,29.125,24.925,34.125,78.934,2.275,0.2188,2.321,11.062,0.2188,0.7058,0.8,0.2,synthetic_reference_based,climate-demo-1.0
zamboanga,6.921,122.079,25,ssp245,2081-2100,6,225.491,28.625,24.425,33.625,84.16,2.075,0.1847,3.187,9.812,0.1847,0.715,0.8,0.2,synthetic_reference_based,climate-demo-1.0
zamboanga,6.921,122.079,25,ssp245,2081-2100,7,261.176,28.225,24.025,33.225,85.874,1.875,0.1649,3.691,8.813,0.1649,0.7001,0.8,0.2,synthetic_reference_based,climate-demo-1.0
zamboanga,6.921,122.079,25,ssp245,2081-2100,8,253.889,28.325,24.125,33.325,85.728,1.729,0.169,3.588,9.062,0.169,0.702,0.8,0.2,synthetic_reference_based,climate-demo-1.0
zamboanga,6.921,122.079,25,ssp245,2081-2100,9,211.562,28.425,24.225,33.425,84.881,1.675,0.1925,2.99,9.313,0.1925,0.7421,0.8,0.2,synthetic_reference_based,climate-demo-1.0
zamboanga,6.921,122.079,25,ssp245,2081-2100,10,201.862,28.425,24.225,33.425,84.687,1.729,0.1979,2.853,9.313,0.1979,0.7527,0.8,0.2,synthetic_reference_based,climate-demo-1.0
zamboanga,6.921,122.079,25,ssp245,2081-2100,11,178.012,28.225,24.025,33.225,83.21,1.875,0.2111,2.516,8.813,0.2111,0.7779,0.8,0.2,synthetic_reference_based,climate-demo-1.0
zamboanga,6.921,122.079,25,ssp245,2081-2100,12,147.365,27.825,23.625,32.825,80.597,2.075,0.2281,2.083,7.812,0.2281,0.7617,0.8,0.2,synthetic_reference_based,climate-demo-1.0
zamboanga,6.921,122.079,25,ssp370,historical,1,123.823,26.05,21.85,31.05,79.476,2.305,0.1512,1.651,0.0,0.1512,0.7413,0.35,0.08,synthetic_reference_based,climate-demo-1.0
zamboanga,6.921,122.079,25,ssp370,historical,2,90.149,26.25,22.05,31.25,76.803,2.451,0.1699,1.202,0.0,0.1699,0.7092,0.35,0.08,synthetic_reference_based,climate-demo-1.0
zamboanga,6.921,122.079,25,ssp370,historical,3,97.898,26.85,22.65,31.85,75.958,2.505,0.1656,1.305,0.875,0.1656,0.7554,0.35,0.08,synthetic_reference_based,climate-demo-1.0
zamboanga,6.921,122.079,25,ssp370,historical,4,106.487,27.45,23.25,32.45,76.13,2.451,0.1608,1.42,2.375,0.1608,0.7486,0.35,0.08,synthetic_reference_based,climate-demo-1.0
zamboanga,6.921,122.079,25,ssp370,historical,5,169.384,27.55,23.35,32.55,80.388,2.305,0.1259,2.258,2.625,0.1259,0.8251,0.35,0.08,synthetic_reference_based,climate-demo-1.0
zamboanga,6.921,122.079,25,ssp370,historical,6,232.391,27.05,22.85,32.05,85.648,2.105,0.0909,3.099,1.375,0.0909,0.82,0.35,0.08,synthetic_reference_based,climate-demo-1.0
zamboanga,6.921,122.079,25,ssp370,historical,7,269.017,26.65,22.45,31.65,87.38,1.905,0.0705,3.587,0.375,0.0705,0.7621,0.35,0.08,synthetic_reference_based,climate-demo-1.0
zamboanga,6.921,122.079,25,ssp370,historical,8,261.573,26.75,22.55,31.75,87.231,1.759,0.0747,3.488,0.625,0.0747,0.7762,0.35,0.08,synthetic_reference_based,climate-demo-1.0
zamboanga,6.921,122.079,25,ssp370,historical,9,218.148,26.85,22.65,31.85,86.363,1.705,0.0988,2.909,0.875,0.0988,0.8295,0.35,0.08,synthetic_reference_based,climate-demo-1.0
zamboanga,6.921,122.079,25,ssp370,historical,10,208.291,26.85,22.65,31.85,86.166,1.759,0.1043,2.777,0.875,0.1043,0.8402,0.35,0.08,synthetic_reference_based,climate-demo-1.0
zamboanga,6.921,122.079,25,ssp370,historical,11,183.657,26.65,22.45,31.65,84.673,1.905,0.118,2.449,0.375,0.118,0.855,0.35,0.08,synthetic_reference_based,climate-demo-1.0
zamboanga,6.921,122.079,25,ssp370,historical,12,151.912,26.25,22.05,31.25,82.038,2.105,0.1356,2.025,0.0,0.1356,0.7902,0.35,0.08,synthetic_reference_based,climate-demo-1.0
zamboanga,6.921,122.079,25,ssp370,2021-2040,1,122.561,26.601,22.401,31.601,78.979,2.305,0.1834,1.668,1.828,0.1834,0.7665,0.462,0.11,synthetic_reference_based,climate-demo-1.0
zamboanga,6.921,122.079,25,ssp370,2021-2040,2,89.216,26.801,22.601,31.801,76.312,2.451,0.2019,1.215,2.328,0.2019,0.7347,0.462,0.11,synthetic_reference_based,climate-demo-1.0
zamboanga,6.921,122.079,25,ssp370,2021-2040,3,96.855,27.401,23.201,32.401,75.465,2.505,0.1977,1.319,3.828,0.1977,0.7326,0.462,0.11,synthetic_reference_based,climate-demo-1.0
zamboanga,6.921,122.079,25,ssp370,2021-2040,4,105.334,28.001,23.801,33.001,75.634,2.451,0.193,1.434,5.328,0.193,0.7077,0.462,0.11,synthetic_reference_based,climate-demo-1.0
zamboanga,6.921,122.079,25,ssp370,2021-2040,5,167.573,28.101,23.901,33.101,79.879,2.305,0.1584,2.281,5.578,0.1584,0.7833,0.462,0.11,synthetic_reference_based,climate-demo-1.0
zamboanga,6.921,122.079,25,ssp370,2021-2040,6,229.976,27.601,23.401,32.601,85.127,2.105,0.1237,3.131,4.328,0.1237,0.7832,0.462,0.11,synthetic_reference_based,climate-demo-1.0
zamboanga,6.921,122.079,25,ssp370,2021-2040,7,266.272,27.201,23.001,32.201,86.853,1.905,0.1036,3.625,3.328,0.1036,0.7677,0.462,0.11,synthetic_reference_based,climate-demo-1.0
zamboanga,6.921,122.079,25,ssp370,2021-2040,8,258.884,27.301,23.101,32.301,86.705,1.759,0.1077,3.524,3.578,0.1077,0.7697,0.462,0.11,synthetic_reference_based,climate-demo-1.0
zamboanga,6.921,122.079,25,ssp370,2021-2040,9,215.843,27.401,23.201,32.401,85.844,1.705,0.1316,2.938,3.828,0.1316,0.8106,0.462,0.11,synthetic_reference_based,climate-demo-1.0
zamboanga,6.921,122.079,25,ssp370,2021-2040,10,206.041,27.401,23.201,32.401,85.648,1.759,0.137,2.805,3.828,0.137,0.8213,0.462,0.11,synthetic_reference_based,climate-demo-1.0
zamboanga,6.921,122.079,25,ssp370,2021-2040,11,181.682,27.201,23.001,32.201,84.161,1.905,0.1506,2.473,3.328,0.1506,0.8558,0.462,0.11,synthetic_reference_based,climate-demo-1.0
zamboanga,6.921,122.079,25,ssp370,2021-2040,12,150.321,26.801,22.601,31.801,81.534,2.105,0.168,2.046,2.328,0.168,0.8149,0.462,0.11,synthetic_reference_based,climate-demo-1.0
zamboanga,6.921,122.079,25,ssp370,2041-2060,1,121.299,27.152,22.952,32.153,78.481,2.305,0.2156,1.685,4.781,0.2156,0.7733,0.575,0.14,synthetic_reference_based,climate-demo-1.0
zamboanga,6.921,122.079,25,ssp370,2041-2060,2,88.283,27.352,23.152,32.352,75.821,2.451,0.234,1.227,5.281,0.234,0.718,0.575,0.14,synthetic_reference_based,climate-demo-1.0
zamboanga,6.921,122.079,25,ssp370,2041-2060,3,95.812,27.952,23.752,32.952,74.971,2.505,0.2298,1.331,6.781,0.2298,0.6919,0.575,0.14,synthetic_reference_based,climate-demo-1.0
zamboanga,6.921,122.079,25,ssp370,2041-2060,4,104.181,28.553,24.353,33.552,75.139,2.451,0.2251,1.447,8.281,0.2251,0.6668,0.575,0.14,synthetic_reference_based,climate-demo-1.0
zamboanga,6.921,122.079,25,ssp370,2041-2060,5,165.761,28.652,24.452,33.652,79.37,2.305,0.1909,2.303,8.531,0.1909,0.7416,0.575,0.14,synthetic_reference_based,climate-demo-1.0
zamboanga,6.921,122.079,25,ssp370,2041-2060,6,227.561,28.152,23.952,33.152,84.606,2.105,0.1566,3.162,7.281,0.1566,0.7465,0.575,0.14,synthetic_reference_based,climate-demo-1.0
zamboanga,6.921,122.079,25,ssp370,2041-2060,7,263.528,27.752,23.553,32.752,86.326,1.905,0.1366,3.661,6.281,0.1366,0.7313,0.575,0.14,synthetic_reference_based,climate-demo-1.0
zamboanga,6.921,122.079,25,ssp370,2041-2060,8,256.194,27.852,23.652,32.852,86.179,1.759,0.1407,3.559,6.531,0.1407,0.7333,0.575,0.14,synthetic_reference_based,climate-demo-1.0
zamboanga,6.921,122.079,25,ssp370,2041-2060,9,213.538,27.952,23.752,32.952,85.326,1.705,0.1644,2.967,6.781,0.1644,0.7737,0.575,0.14,synthetic_reference_based,climate-demo-1.0
zamboanga,6.921,122.079,25,ssp370,2041-2060,10,203.791,27.952,23.752,32.952,85.131,1.759,0.1698,2.831,6.781,0.1698,0.7843,0.575,0.14,synthetic_reference_based,climate-demo-1.0
zamboanga,6.921,122.079,25,ssp370,2041-2060,11,179.706,27.752,23.553,32.752,83.649,1.905,0.1832,2.497,6.281,0.1832,0.8139,0.575,0.14,synthetic_reference_based,climate-demo-1.0
zamboanga,6.921,122.079,25,ssp370,2041-2060,12,148.729,27.352,23.152,32.352,81.03,2.105,0.2004,2.066,5.281,0.2004,0.7973,0.575,0.14,synthetic_reference_based,climate-demo-1.0
zamboanga,6.921,122.079,25,ssp370,2061-2080,1,120.036,27.704,23.504,32.704,77.983,2.305,0.2478,1.701,7.734,0.2478,0.7323,0.688,0.17,synthetic_reference_based,climate-demo-1.0
zamboanga,6.921,122.079,25,ssp370,2061-2080,2,87.35,27.904,23.704,32.904,75.329,2.451,0.266,1.238,8.234,0.266,0.6774,0.688,0.17,synthetic_reference_based,climate-demo-1.0
zamboanga,6.921,122.079,25,ssp370,2061-2080,3,94.769,28.504,24.304,33.504,74.478,2.505,0.2619,1.343,9.734,0.2619,0.6511,0.688,0.17,synthetic_reference_based,climate-demo-1.0
zamboanga,6.921,122.079,25,ssp370,2061-2080,4,103.029,29.104,24.904,34.104,74.643,2.451,0.2573,1.46,11.234,0.2573,0.626,0.688,0.17,synthetic_reference_based,climate-demo-1.0
zamboanga,6.921,122.079,25,ssp370,2061-2080,5,163.95,29.204,25.004,34.204,78.862,2.305,0.2234,2.324,11.484,0.2234,0.6998,0.688,0.17,synthetic_reference_based,climate-demo-1.0
zamboanga,6.921,122.079,25,ssp370,2061-2080,6,225.146,28.704,24.504,33.704,84.085,2.105,0.1894,3.191,10.234,0.1894,0.7097,0.688,0.17,synthetic_reference_based,climate-demo-1.0
zamboanga,6.921,122.079,25,ssp370,2061-2080,7,260.784,28.304,24.104,33.304,85.798,1.905,0.1696,3.696,9.234,0.1696,0.6949,0.688,0.17,synthetic_reference_based,climate-demo-1.0
zamboanga,6.921,122.079,25,ssp370,2061-2080,8,253.505,28.404,24.204,33.404,85.653,1.759,0.1737,3.593,9.484,0.1737,0.6968,0.688,0.17,synthetic_reference_based,climate-demo-1.0
zamboanga,6.921,122.079,25,ssp370,2061-2080,9,211.233,28.504,24.304,33.504,84.807,1.705,0.1971,2.994,9.734,0.1971,0.7369,0.688,0.17,synthetic_reference_based,climate-demo-1.0
zamboanga,6.921,122.079,25,ssp370,2061-2080,10,201.541,28.504,24.304,33.504,84.613,1.759,0.2025,2.857,9.734,0.2025,0.7474,0.688,0.17,synthetic_reference_based,climate-demo-1.0
zamboanga,6.921,122.079,25,ssp370,2061-2080,11,177.73,28.304,24.104,33.304,83.137,1.905,0.2158,2.519,9.234,0.2158,0.7719,0.688,0.17,synthetic_reference_based,climate-demo-1.0
zamboanga,6.921,122.079,25,ssp370,2061-2080,12,147.137,27.904,23.704,32.904,80.525,2.105,0.2328,2.085,8.234,0.2328,0.7558,0.688,0.17,synthetic_reference_based,climate-demo-1.0
zamboanga,6.921,122.079,25,ssp370,2081-2100,1,118.774,28.255,24.055,33.255,77.485,2.305,0.28,1.717,10.688,0.28,0.6912,0.8,0.2,synthetic_reference_based,climate-demo-1.0
zamboanga,6.921,122.079,25,ssp370,2081-2100,2,86.417,28.455,24.255,33.455,74.838,2.451,0.298,1.249,11.187,0.298,0.6368,0.8,0.2,synthetic_reference_based,climate-demo-1.0
zamboanga,6.921,122.079,25,ssp370,2081-2100,3,93.726,29.055,24.855,34.055,73.985,2.505,0.2939,1.355,12.688,0.2939,0.6104,0.8,0.2,synthetic_reference_based,climate-demo-1.0
zamboanga,6.921,122.079,25,ssp370,2081-2100,4,101.876,29.655,25.455,34.655,74.148,2.451,0.2894,1.472,14.188,0.2894,0.5851,0.8,0.2,synthetic_reference_based,climate-demo-1.0
zamboanga,6.921,122.079,25,ssp370,2081-2100,5,162.139,29.755,25.555,34.755,78.353,2.305,0.2559,2.343,14.438,0.2559,0.6581,0.8,0.2,synthetic_reference_based,climate-demo-1.0
zamboanga,6.921,122.079,25,ssp370,2081-2100,6,222.731,29.255,25.055,34.255,83.565,2.105,0.2223,3.219,13.188,0.2223,0.673,0.8,0.2,synthetic_reference_based,climate-demo-1.0
zamboanga,6.921,122.079,25,ssp370,2081-2100,7,258.04,28.855,24.655,33.855,85.271,1.905,0.2026,3.73,12.188,0.2026,0.6585,0.8,0.2,synthetic_reference_based,climate-demo-1.0
zamboanga,6.921,122.079,25,ssp370,2081-2100,8,250.815,28.955,24.755,33.955,85.126,1.759,0.2067,3.625,12.437,0.2067,0.6604,0.8,0.2,synthetic_reference_based,climate-demo-1.0
zamboanga,6.921,122.079,25,ssp370,2081-2100,9,208.928,29.055,24.855,34.055,84.289,1.705,0.2299,3.02,12.688,0.2299,0.7,0.8,0.2,synthetic_reference_based,climate-demo-1.0
zamboanga,6.921,122.079,25,ssp370,2081-2100,10,199.29,29.055,24.855,34.055,84.096,1.759,0.2353,2.88,12.688,0.2353,0.7105,0.8,0.2,synthetic_reference_based,climate-demo-1.0
zamboanga,6.921,122.079,25,ssp370,2081-2100,11,175.754,28.855,24.655,33.855,82.625,1.905,0.2484,2.54,12.188,0.2484,0.7299,0.8,0.2,synthetic_reference_based,climate-demo-1.0
zamboanga,6.921,122.079,25,ssp370,2081-2100,12,145.546,28.455,24.255,33.455,80.021,2.105,0.2651,2.104,11.187,0.2651,0.7143,0.8,0.2,synthetic_reference_based,climate-demo-1.0
zamboanga,6.921,122.079,25,ssp585,historical,1,123.823,26.05,21.85,31.05,79.476,2.335,0.1512,1.651,0.0,0.1512,0.7413,0.35,0.08,synthetic_reference_based,climate-demo-1.0
zamboanga,6.921,122.079,25,ssp585,historical,2,90.149,26.25,22.05,31.25,76.803,2.481,0.1699,1.202,0.0,0.1699,0.7092,0.35,0.08,synthetic_reference_based,climate-demo-1.0
zamboanga,6.921,122.079,25,ssp585,historical,3,97.898,26.85,22.65,31.85,75.958,2.535,0.1656,1.305,0.875,0.1656,0.7554,0.35,0.08,synthetic_reference_based,climate-demo-1.0
zamboanga,6.921,122.079,25,ssp585,historical,4,106.487,27.45,23.25,32.45,76.13,2.481,0.1608,1.42,2.375,0.1608,0.7486,0.35,0.08,synthetic_reference_based,climate-demo-1.0
zamboanga,6.921,122.079,25,ssp585,historical,5,169.384,27.55,23.35,32.55,80.388,2.335,0.1259,2.258,2.625,0.1259,0.8251,0.35,0.08,synthetic_reference_based,climate-demo-1.0
zamboanga,6.921,122.079,25,ssp585,historical,6,232.391,27.05,22.85,32.05,85.648,2.135,0.0909,3.099,1.375,0.0909,0.82,0.35,0.08,synthetic_reference_based,climate-demo-1.0
zamboanga,6.921,122.079,25,ssp585,historical,7,269.017,26.65,22.45,31.65,87.38,1.935,0.0705,3.587,0.375,0.0705,0.7621,0.35,0.08,synthetic_reference_based,climate-demo-1.0
zamboanga,6.921,122.079,25,ssp585,historical,8,261.573,26.75,22.55,31.75,87.231,1.789,0.0747,3.488,0.625,0.0747,0.7762,0.35,0.08,synthetic_reference_based,climate-demo-1.0
zamboanga,6.921,122.079,25,ssp585,historical,9,218.148,26.85,22.65,31.85,86.363,1.735,0.0988,2.909,0.875,0.0988,0.8295,0.35,0.08,synthetic_reference_based,climate-demo-1.0
zamboanga,6.921,122.079,25,ssp585,historical,10,208.291,26.85,22.65,31.85,86.166,1.789,0.1043,2.777,0.875,0.1043,0.8402,0.35,0.08,synthetic_reference_based,climate-demo-1.0
zamboanga,6.921,122.079,25,ssp585,historical,11,183.657,26.65,22.45,31.65,84.673,1.935,0.118,2.449,0.375,0.118,0.855,0.35,0.08,synthetic_reference_based,climate-demo-1.0
zamboanga,6.921,122.079,25,ssp585,historical,12,151.912,26.25,22.05,31.25,82.038,2.135,0.1356,2.025,0.0,0.1356,0.7902,0.35,0.08,synthetic_reference_based,climate-demo-1.0
zamboanga,6.921,122.079,25,ssp585,2021-2040,1,122.2,26.759,22.559,31.759,78.837,2.335,0.1926,1.673,2.672,0.1926,0.7736,0.462,0.11,synthetic_reference_based,climate-demo-1.0
zamboanga,6.921,122.079,25,ssp585,2021-2040,2,88.949,26.959,22.759,31.959,76.171,2.481,0.2111,1.218,3.172,0.2111,0.742,0.462,0.11,synthetic_reference_based,climate-demo-1.0
zamboanga,6.921,122.079,25,ssp585,2021-2040,3,96.557,27.559,23.359,32.559,75.324,2.535,0.2069,1.322,4.672,0.2069,0.721,0.462,0.11,synthetic_reference_based,climate-demo-1.0
zamboanga,6.921,122.079,25,ssp585,2021-2040,4,105.005,28.159,23.959,33.159,75.493,2.481,0.2022,1.438,6.172,0.2022,0.696,0.462,0.11,synthetic_reference_based,climate-demo-1.0
zamboanga,6.921,122.079,25,ssp585,2021-2040,5,167.055,28.259,24.059,33.259,79.734,2.335,0.1677,2.288,6.422,0.1677,0.7714,0.462,0.11,synthetic_reference_based,climate-demo-1.0
zamboanga,6.921,122.079,25,ssp585,2021-2040,6,229.286,27.759,23.559,32.759,84.978,2.135,0.1331,3.14,5.172,0.1331,0.7727,0.462,0.11,synthetic_reference_based,climate-demo-1.0
zamboanga,6.921,122.079,25,ssp585,2021-2040,7,265.488,27.359,23.159,32.359,86.702,1.935,0.113,3.635,4.172,0.113,0.7573,0.462,0.11,synthetic_reference_based,climate-demo-1.0
zamboanga,6.921,122.079,25,ssp585,2021-2040,8,258.115,27.459,23.259,32.459,86.555,1.789,0.1171,3.534,4.422,0.1171,0.7593,0.462,0.11,synthetic_reference_based,climate-demo-1.0
zamboanga,6.921,122.079,25,ssp585,2021-2040,9,215.185,27.559,23.359,32.559,85.696,1.735,0.141,2.947,4.672,0.141,0.8001,0.462,0.11,synthetic_reference_based,climate-demo-1.0
zamboanga,6.921,122.079,25,ssp585,2021-2040,10,205.398,27.559,23.359,32.559,85.5,1.789,0.1464,2.813,4.672,0.1464,0.8107,0.462,0.11,synthetic_reference_based,climate-demo-1.0
zamboanga,6.921,122.079,25,ssp585,2021-2040,11,181.117,27.359,23.159,32.359,84.015,1.935,0.1599,2.48,4.172,0.1599,0.8438,0.462,0.11,synthetic_reference_based,climate-demo-1.0
zamboanga,6.921,122.079,25,ssp585,2021-2040,12,149.866,26.959,22.759,31.959,81.39,2.135,0.1772,2.052,3.172,0.1772,0.8219,0.462,0.11,synthetic_reference_based,climate-demo-1.0
zamboanga,6.921,122.079,25,ssp585,2041-2060,1,120.577,27.468,23.268,32.468,78.197,2.335,0.234,1.695,6.469,0.234,0.7498,0.575,0.14,synthetic_reference_based,climate-demo-1.0
zamboanga,6.921,122.079,25,ssp585,2041-2060,2,87.749,27.668,23.468,32.668,75.54,2.481,0.2523,1.233,6.969,0.2523,0.6948,0.575,0.14,synthetic_reference_based,climate-demo-1.0
zamboanga,6.921,122.079,25,ssp585,2041-2060,3,95.216,28.268,24.068,33.268,74.689,2.535,0.2481,1.338,8.469,0.2481,0.6686,0.575,0.14,synthetic_reference_based,climate-demo-1.0
zamboanga,6.921,122.079,25,ssp585,2041-2060,4,103.523,28.868,24.668,33.868,74.855,2.481,0.2435,1.455,9.969,0.2435,0.6435,0.575,0.14,synthetic_reference_based,climate-demo-1.0
zamboanga,6.921,122.079,25,ssp585,2041-2060,5,164.726,28.968,24.768,33.968,79.08,2.335,0.2095,2.315,10.219,0.2095,0.7177,0.575,0.14,synthetic_reference_based,climate-demo-1.0
zamboanga,6.921,122.079,25,ssp585,2041-2060,6,226.181,28.468,24.268,33.468,84.309,2.135,0.1753,3.179,8.969,0.1753,0.7255,0.575,0.14,synthetic_reference_based,climate-demo-1.0
zamboanga,6.921,122.079,25,ssp585,2041-2060,7,261.96,28.068,23.868,33.068,86.024,1.935,0.1555,3.681,7.969,0.1555,0.7105,0.575,0.14,synthetic_reference_based,climate-demo-1.0
zamboanga,6.921,122.079,25,ssp585,2041-2060,8,254.657,28.168,23.968,33.168,85.878,1.789,0.1595,3.579,8.219,0.1595,0.7125,0.575,0.14,synthetic_reference_based,climate-demo-1.0
zamboanga,6.921,122.079,25,ssp585,2041-2060,9,212.221,28.268,24.068,33.268,85.029,1.735,0.1831,2.982,8.469,0.1831,0.7527,0.575,0.14,synthetic_reference_based,climate-demo-1.0
zamboanga,6.921,122.079,25,ssp585,2041-2060,10,202.505,28.268,24.068,33.268,84.835,1.789,0.1885,2.846,8.469,0.1885,0.7632,0.575,0.14,synthetic_reference_based,climate-demo-1.0
zamboanga,6.921,122.079,25,ssp585,2041-2060,11,178.577,28.068,23.868,33.068,83.357,1.935,0.2018,2.51,7.969,0.2018,0.7899,0.575,0.14,synthetic_reference_based,climate-demo-1.0
zamboanga,6.921,122.079,25,ssp585,2041-2060,12,147.82,27.668,23.468,32.668,80.741,2.135,0.2189,2.077,6.969,0.2189,0.7736,0.575,0.14,synthetic_reference_based,climate-demo-1.0
zamboanga,6.921,122.079,25,ssp585,2061-2080,1,118.954,28.176,23.976,33.176,77.557,2.335,0.2754,1.715,10.266,0.2754,0.6971,0.688,0.17,synthetic_reference_based,climate-demo-1.0
zamboanga,6.921,122.079,25,ssp585,2061-2080,2,86.55,28.376,24.176,33.376,74.908,2.481,0.2934,1.247,10.766,0.2934,0.6426,0.688,0.17,synthetic_reference_based,climate-demo-1.0
zamboanga,6.921,122.079,25,ssp585,2061-2080,3,93.875,28.976,24.776,33.976,74.055,2.535,0.2893,1.353,12.266,0.2893,0.6162,0.688,0.17,synthetic_reference_based,climate-demo-1.0
zamboanga,6.921,122.079,25,ssp585,2061-2080,4,102.041,29.576,25.376,34.576,74.218,2.481,0.2848,1.471,13.766,0.2848,0.5909,0.688,0.17,synthetic_reference_based,climate-demo-1.0
zamboanga,6.921,122.079,25,ssp585,2061-2080,5,162.398,29.676,25.476,34.676,78.425,2.335,0.2513,2.341,14.016,0.2513,0.664,0.688,0.17,synthetic_reference_based,climate-demo-1.0
zamboanga,6.921,122.079,25,ssp585,2061-2080,6,223.076,29.176,24.976,34.176,83.639,2.135,0.2176,3.215,12.766,0.2176,0.6782,0.688,0.17,synthetic_reference_based,climate-demo-1.0
zamboanga,6.921,122.079,25,ssp585,2061-2080,7,258.432,28.776,24.576,33.776,85.346,1.935,0.1979,3.725,11.766,0.1979,0.6637,0.688,0.17,synthetic_reference_based,climate-demo-1.0
zamboanga,6.921,122.079,25,ssp585,2061-2080,8,251.2,28.876,24.676,33.876,85.201,1.789,0.2019,3.621,12.016,0.2019,0.6656,0.688,0.17,synthetic_reference_based,climate-demo-1.0
zamboanga,6.921,122.079,25,ssp585,2061-2080,9,209.257,28.976,24.776,33.976,84.363,1.735,0.2252,3.016,12.266,0.2252,0.7053,0.688,0.17,synthetic_reference_based,climate-demo-1.0
zamboanga,6.921,122.079,25,ssp585,2061-2080,10,199.612,28.976,24.776,33.976,84.17,1.789,0.2306,2.877,12.266,0.2306,0.7158,0.688,0.17,synthetic_reference_based,climate-demo-1.0
zamboanga,6.921,122.079,25,ssp585,2061-2080,11,176.036,28.776,24.576,33.776,82.698,1.935,0.2437,2.537,11.766,0.2437,0.7359,0.688,0.17,synthetic_reference_based,climate-demo-1.0
zamboanga,6.921,122.079,25,ssp585,2061-2080,12,145.773,28.376,24.176,33.376,80.093,2.135,0.2605,2.101,10.766,0.2605,0.7202,0.688,0.17,synthetic_reference_based,climate-demo-1.0
zamboanga,6.921,122.079,25,ssp585,2081-2100,1,117.331,28.885,24.685,33.885,76.917,2.335,0.3168,1.733,14.063,0.3168,0.6443,0.8,0.2,synthetic_reference_based,climate-demo-1.0
zamboanga,6.921,122.079,25,ssp585,2081-2100,2,85.35,29.085,24.885,34.085,74.277,2.481,0.3346,1.261,14.563,0.3346,0.5904,0.8,0.2,synthetic_reference_based,climate-demo-1.0
zamboanga,6.921,122.079,25,ssp585,2081-2100,3,92.535,29.685,25.485,34.685,73.421,2.535,0.3306,1.367,16.063,0.3306,0.5638,0.8,0.2,synthetic_reference_based,climate-demo-1.0
zamboanga,6.921,122.079,25,ssp585,2081-2100,4,100.559,30.285,26.085,35.285,73.581,2.481,0.3261,1.486,17.563,0.3261,0.5383,0.8,0.2,synthetic_reference_based,climate-demo-1.0
zamboanga,6.921,122.079,25,ssp585,2081-2100,5,160.069,30.385,26.185,35.385,77.771,2.335,0.2931,2.365,17.813,0.2931,0.6104,0.8,0.2,synthetic_reference_based,climate-demo-1.0
zamboanga,6.921,122.079,25,ssp585,2081-2100,6,219.971,29.885,25.685,34.885,82.969,2.135,0.2598,3.25,16.563,0.2598,0.631,0.8,0.2,synthetic_reference_based,climate-demo-1.0
zamboanga,6.921,122.079,25,ssp585,2081-2100,7,254.903,29.485,25.285,34.485,84.668,1.935,0.2404,3.766,15.563,0.2404,0.6169,0.8,0.2,synthetic_reference_based,climate-demo-1.0
zamboanga,6.921,122.079,25,ssp585,2081-2100,8,247.742,29.585,25.385,34.585,84.525,1.789,0.2444,3.66,15.813,0.2444,0.6187,0.8,0.2,synthetic_reference_based,climate-demo-1.0
zamboanga,6.921,122.079,25,ssp585,2081-2100,9,206.293,29.685,25.485,34.685,83.696,1.735,0.2674,3.048,16.063,0.2674,0.6579,0.8,0.2,synthetic_reference_based,climate-demo-1.0
zamboanga,6.921,122.079,25,ssp585,2081-2100,10,196.719,29.685,25.485,34.685,83.504,1.789,0.2727,2.906,16.063,0.2727,0.6683,0.8,0.2,synthetic_reference_based,climate-demo-1.0
zamboanga,6.921,122.079,25,ssp585,2081-2100,11,173.496,29.485,25.285,34.485,82.04,1.935,0.2856,2.563,15.563,0.2856,0.682,0.8,0.2,synthetic_reference_based,climate-demo-1.0
zamboanga,6.921,122.079,25,ssp585,2081-2100,12,143.727,29.085,24.885,34.085,79.445,2.135,0.3022,2.123,14.563,0.3022,0.6669,0.8,0.2,synthetic_reference_based,climate-demo-1.0
bicol,13.139,123.743,60,ssp126,historical,1,127.086,25.84,21.64,30.84,79.542,2.245,0.1494,1.694,0.0,0.1494,0.733,0.35,0.08,synthetic_reference_based,climate-demo-1.0
bicol,13.139,123.743,60,ssp126,historical,2,92.671,26.04,21.84,31.04,76.853,2.391,0.1685,1.236,0.0,0.1685,0.6999,0.35,0.08,synthetic_reference_based,climate-demo-1.0
bicol,13.139,123.743,60,ssp126,historical,3,100.649,26.64,22.44,31.64,76.013,2.445,0.1641,1.342,0.35,0.1641,0.7464,0.35,0.08,synthetic_reference_based,climate-demo-1.0
bicol,13.139,123.743,60,ssp126,historical,4,109.309,27.24,23.04,32.24,76.186,2.391,0.1593,1.457,1.85,0.1593,0.7649,0.35,0.08,synthetic_reference_based,climate-demo-1.0
bicol,13.139,123.743,60,ssp126,historical,5,173.566,27.34,23.14,32.34,80.471,2.245,0.1236,2.314,2.1,0.1236,0.8432,0.35,0.08,synthetic_reference_based,climate-demo-1.0
bicol,13.139,123.743,60,ssp126,historical,6,238.061,26.84,22.64,31.84,85.761,2.045,0.0877,3.174,0.85,0.0877,0.8072,0.35,0.08,synthetic_reference_based,climate-demo-1.0
bicol,13.139,123.743,60,ssp126,historical,7,275.958,26.44,22.24,31.44,87.519,1.845,0.0667,3.679,0.0,0.0667,0.7419,0.35,0.08,synthetic_reference_based,climate-demo-1.0
bicol,13.139,123.743,60,ssp126,historical,8,268.798,26.54,22.34,31.54,87.376,1.699,0.0707,3.584,0.1,0.0707,0.7557,0.35,0.08,synthetic_reference_based,climate-demo-1.0
bicol,13.139,123.743,60,ssp126,historical,9,224.315,26.64,22.44,31.64,86.486,1.645,0.0954,2.991,0.35,0.0954,0.8101,0.35,0.08,synthetic_reference_based,climate-demo-1.0
bicol,13.139,123.743,60,ssp126,historical,10,213.929,26.64,22.44,31.64,86.279,1.699,0.1012,2.852,0.35,0.1012,0.8215,0.35,0.08,synthetic_reference_based,climate-demo-1.0
bicol,13.139,123.743,60,ssp126,historical,11,188.268,26.44,22.24,31.44,84.765,1.845,0.1154,2.51,0.0,0.1154,0.8374,0.35,0.08,synthetic_reference_based,climate-demo-1.0
bicol,13.139,123.743,60,ssp126,historical,12,155.601,26.04,21.84,31.04,82.112,2.045,0.1336,2.075,0.0,0.1336,0.7824,0.35,0.08,synthetic_reference_based,climate-demo-1.0
bicol,13.139,123.743,60,ssp126,2021-2040,1,126.531,26.076,21.876,31.076,79.328,2.245,0.1632,1.702,0.0,0.1632,0.7438,0.462,0.11,synthetic_reference_based,climate-demo-1.0
bicol,13.139,123.743,60,ssp126,2021-2040,2,92.261,26.276,22.076,31.276,76.643,2.391,0.1822,1.241,0.116,0.1822,0.7108,0.462,0.11,synthetic_reference_based,climate-demo-1.0
bicol,13.139,123.743,60,ssp126,2021-2040,3,100.19,26.876,22.676,31.876,75.801,2.445,0.1778,1.348,1.616,0.1778,0.7572,0.462,0.11,synthetic_reference_based,climate-demo-1.0
bicol,13.139,123.743,60,ssp126,2021-2040,4,108.802,27.476,23.276,32.476,75.974,2.391,0.1731,1.464,3.116,0.1731,0.7474,0.462,0.11,synthetic_reference_based,climate-demo-1.0
bicol,13.139,123.743,60,ssp126,2021-2040,5,172.769,27.576,23.376,32.576,80.253,2.245,0.1375,2.324,3.366,0.1375,0.8252,0.462,0.11,synthetic_reference_based,climate-demo-1.0
bicol,13.139,123.743,60,ssp126,2021-2040,6,236.999,27.076,22.876,32.076,85.537,2.045,0.1018,3.188,2.116,0.1018,0.8107,0.462,0.11,synthetic_reference_based,climate-demo-1.0
bicol,13.139,123.743,60,ssp126,2021-2040,7,274.751,26.676,22.476,31.676,87.293,1.845,0.0809,3.696,1.116,0.0809,0.7547,0.462,0.11,synthetic_reference_based,climate-demo-1.0
bicol,13.139,123.743,60,ssp126,2021-2040,8,267.616,26.776,22.576,31.776,87.15,1.699,0.0848,3.6,1.366,0.0848,0.7685,0.462,0.11,synthetic_reference_based,climate-demo-1.0
bicol,13.139,123.743,60,ssp126,2021-2040,9,223.301,26.876,22.676,31.876,86.264,1.645,0.1094,3.004,1.616,0.1094,0.8227,0.462,0.11,synthetic_reference_based,climate-demo-1.0
bicol,13.139,123.743,60,ssp126,2021-2040,10,212.94,26.876,22.676,31.876,86.056,1.699,0.1152,2.865,1.616,0.1152,0.834,0.462,0.11,synthetic_reference_based,climate-demo-1.0
bicol,13.139,123.743,60,ssp126,2021-2040,11,187.399,26.676,22.476,31.676,84.545,1.845,0.1294,2.521,1.116,0.1294,0.8498,0.462,0.11,synthetic_reference_based,climate-demo-1.0
bicol,13.139,123.743,60,ssp126,2021-2040,12,154.901,26.276,22.076,31.276,81.896,2.045,0.1474,2.084,0.116,0.1474,0.793,0.462,0.11,synthetic_reference_based,climate-demo-1.0
bicol,13.139,123.743,60,ssp126,2041-2060,1,125.976,26.312,22.112,31.312,79.115,2.245,0.177,1.71,0.881,0.177,0.7545,0.575,0.14,synthetic_reference_based,climate-demo-1.0
bicol,13.139,123.743,60,ssp126,2041-2060,2,91.851,26.512,22.312,31.512,76.432,2.391,0.196,1.247,1.381,0.196,0.7218,0.575,0.14,synthetic_reference_based,climate-demo-1.0
bicol,13.139,123.743,60,ssp126,2041-2060,3,99.731,27.112,22.912,32.112,75.59,2.445,0.1916,1.354,2.881,0.1916,0.7546,0.575,0.14,synthetic_reference_based,climate-demo-1.0
bicol,13.139,123.743,60,ssp126,2041-2060,4,108.295,27.713,23.513,32.713,75.761,2.391,0.1868,1.47,4.381,0.1868,0.7298,0.575,0.14,synthetic_reference_based,climate-demo-1.0
bicol,13.139,123.743,60,ssp126,2041-2060,5,171.973,27.812,23.612,32.812,80.034,2.245,0.1515,2.334,4.631,0.1515,0.8073,0.575,0.14,synthetic_reference_based,climate-demo-1.0
bicol,13.139,123.743,60,ssp126,2041-2060,6,235.937,27.312,23.112,32.312,85.314,2.045,0.1159,3.202,3.381,0.1159,0.7949,0.575,0.14,synthetic_reference_based,climate-demo-1.0
bicol,13.139,123.743,60,ssp126,2041-2060,7,273.544,26.912,22.713,31.912,87.066,1.845,0.095,3.713,2.381,0.095,0.7675,0.575,0.14,synthetic_reference_based,climate-demo-1.0
bicol,13.139,123.743,60,ssp126,2041-2060,8,266.433,27.012,22.812,32.013,86.924,1.699,0.099,3.616,2.631,0.099,0.7797,0.575,0.14,synthetic_reference_based,climate-demo-1.0
bicol,13.139,123.743,60,ssp126,2041-2060,9,222.287,27.112,22.912,32.112,86.041,1.645,0.1235,3.017,2.881,0.1235,0.8218,0.575,0.14,synthetic_reference_based,climate-demo-1.0
bicol,13.139,123.743,60,ssp126,2041-2060,10,211.95,27.112,22.912,32.112,85.834,1.699,0.1293,2.877,2.881,0.1293,0.8331,0.575,0.14,synthetic_reference_based,climate-demo-1.0
bicol,13.139,123.743,60,ssp126,2041-2060,11,186.53,26.912,22.713,31.912,84.326,1.845,0.1434,2.532,2.381,0.1434,0.8622,0.575,0.14,synthetic_reference_based,climate-demo-1.0
bicol,13.139,123.743,60,ssp126,2041-2060,12,154.201,26.512,22.312,31.512,81.679,2.045,0.1613,2.093,1.381,0.1613,0.8035,0.575,0.14,synthetic_reference_based,climate-demo-1.0
bicol,13.139,123.743,60,ssp126,2061-2080,1,125.42,26.549,22.349,31.549,78.901,2.245,0.1908,1.717,2.147,0.1908,0.7653,0.688,0.17,synthetic_reference_based,climate-demo-1.0
bicol,13.139,123.743,60,ssp126,2061-2080,2,91.44,26.749,22.549,31.749,76.221,2.391,0.2097,1.252,2.647,0.2097,0.7327,0.688,0.17,synthetic_reference_based,climate-demo-1.0
bicol,13.139,123.743,60,ssp126,2061-2080,3,99.273,27.349,23.149,32.349,75.378,2.445,0.2053,1.359,4.147,0.2053,0.7371,0.688,0.17,synthetic_reference_based,climate-demo-1.0
bicol,13.139,123.743,60,ssp126,2061-2080,4,107.788,27.949,23.749,32.949,75.548,2.391,0.2006,1.476,5.647,0.2006,0.7123,0.688,0.17,synthetic_reference_based,climate-demo-1.0
bicol,13.139,123.743,60,ssp126,2061-2080,5,171.176,28.049,23.849,33.049,79.816,2.245,0.1654,2.344,5.897,0.1654,0.7894,0.688,0.17,synthetic_reference_based,climate-demo-1.0
bicol,13.139,123.743,60,ssp126,2061-2080,6,234.875,27.549,23.349,32.549,85.09,2.045,0.13,3.216,4.647,0.13,0.7792,0.688,0.17,synthetic_reference_based,climate-demo-1.0
bicol,13.139,123.743,60,ssp126,2061-2080,7,272.337,27.149,22.949,32.149,86.839,1.845,0.1092,3.729,3.647,0.1092,0.7624,0.688,0.17,synthetic_reference_based,climate-demo-1.0
bicol,13.139,123.743,60,ssp126,2061-2080,8,265.25,27.249,23.049,32.249,86.697,1.699,0.1131,3.632,3.897,0.1131,0.7641,0.688,0.17,synthetic_reference_based,climate-demo-1.0
bicol,13.139,123.743,60,ssp126,2061-2080,9,221.274,27.349,23.149,32.349,85.818,1.645,0.1376,3.03,4.147,0.1376,0.806,0.688,0.17,synthetic_reference_based,climate-demo-1.0
bicol,13.139,123.743,60,ssp126,2061-2080,10,210.96,27.349,23.149,32.349,85.612,1.699,0.1433,2.889,4.147,0.1433,0.8173,0.688,0.17,synthetic_reference_based,climate-demo-1.0
bicol,13.139,123.743,60,ssp126,2061-2080,11,185.661,27.149,22.949,32.149,84.106,1.845,0.1574,2.542,3.647,0.1574,0.8568,0.688,0.17,synthetic_reference_based,climate-demo-1.0
bicol,13.139,123.743,60,ssp126,2061-2080,12,153.501,26.749,22.549,31.749,81.463,2.045,0.1752,2.102,2.647,0.1752,0.8141,0.688,0.17,synthetic_reference_based,climate-demo-1.0
bicol,13.139,123.743,60,ssp126,2081-2100,1,124.865,26.785,22.585,31.785,78.687,2.245,0.2046,1.725,3.413,0.2046,0.776,0.8,0.2,synthetic_reference_based,climate-demo-1.0
bicol,13.139,123.743,60,ssp126,2081-2100,2,91.03,26.985,22.785,31.985,76.011,2.391,0.2234,1.257,3.912,0.2234,0.7437,0.8,0.2,synthetic_reference_based,climate-demo-1.0
bicol,13.139,123.743,60,ssp126,2081-2100,3,98.814,27.585,23.385,32.585,75.166,2.445,0.2191,1.365,5.413,0.2191,0.7197,0.8,0.2,synthetic_reference_based,climate-demo-1.0
bicol,13.139,123.743,60,ssp126,2081-2100,4,107.281,28.185,23.985,33.185,75.336,2.391,0.2144,1.482,6.913,0.2144,0.6948,0.8,0.2,synthetic_reference_based,climate-demo-1.0
bicol,13.139,123.743,60,ssp126,2081-2100,5,170.379,28.285,24.085,33.285,79.598,2.245,0.1793,2.354,7.163,0.1793,0.7715,0.8,0.2,synthetic_reference_based,climate-demo-1.0
bicol,13.139,123.743,60,ssp126,2081-2100,6,233.812,27.785,23.585,32.785,84.866,2.045,0.1441,3.23,5.913,0.1441,0.7635,0.8,0.2,synthetic_reference_based,climate-demo-1.0
bicol,13.139,123.743,60,ssp126,2081-2100,7,271.13,27.385,23.185,32.385,86.613,1.845,0.1234,3.745,4.913,0.1234,0.7469,0.8,0.2,synthetic_reference_based,climate-demo-1.0
bicol,13.139,123.743,60,ssp126,2081-2100,8,264.067,27.485,23.285,32.485,86.471,1.699,0.1273,3.648,5.162,0.1273,0.7486,0.8,0.2,synthetic_reference_based,climate-demo-1.0
bicol,13.139,123.743,60,ssp126,2081-2100,9,220.26,27.585,23.385,32.585,85.595,1.645,0.1516,3.043,5.413,0.1516,0.7903,0.8,0.2,synthetic_reference_based,climate-demo-1.0
bicol,13.139,123.743,60,ssp126,2081-2100,10,209.97,27.585,23.385,32.585,85.389,1.699,0.1573,2.9,5.413,0.1573,0.8015,0.8,0.2,synthetic_reference_based,climate-demo-1.0
bicol,13.139,123.743,60,ssp126,2081-2100,11,184.792,27.385,23.185,32.385,83.886,1.845,0.1713,2.553,4.913,0.1713,0.8409,0.8,0.2,synthetic_reference_based,climate-demo-1.0
bicol,13.139,123.743,60,ssp126,2081-2100,12,152.801,26.985,22.785,31.985,81.246,2.045,0.1891,2.111,3.912,0.1891,0.8246,0.8,0.2,synthetic_reference_based,climate-demo-1.0
bicol,13.139,123.743,60,ssp245,historical,1,127.086,25.84,21.64,30.84,79.542,2.275,0.1494,1.694,0.0,0.1494,0.733,0.35,0.08,synthetic_reference_based,climate-demo-1.0
bicol,13.139,123.743,60,ssp245,historical,2,92.671,26.04,21.84,31.04,76.853,2.421,0.1685,1.236,0.0,0.1685,0.6999,0.35,0.08,synthetic_reference_based,climate-demo-1.0
bicol,13.139,123.743,60,ssp245,historical,3,100.649,26.64,22.44,31.64,76.013,2.475,0.1641,1.342,0.35,0.1641,0.7464,0.35,0.08,synthetic_reference_based,climate-demo-1.0
bicol,13.139,123.743,60,ssp245,historical,4,109.309,27.24,23.04,32.24,76.186,2.421,0.1593,1.457,1.85,0.1593,0.7649,0.35,0.08,synthetic_reference_based,climate-demo-1.0
bicol,13.139,123.743,60,ssp245,historical,5,173.566,27.34,23.14,32.34,80.471,2.275,0.1236,2.314,2.1,0.1236,0.8432,0.35,0.08,synthetic_reference_based,climate-demo-1.0
bicol,13.139,123.743,60,ssp245,historical,6,238.061,26.84,22.64,31.84,85.761,2.075,0.0877,3.174,0.85,0.0877,0.8072,0.35,0.08,synthetic_reference_based,climate-demo-1.0
bicol,13.139,123.743,60,ssp245,historical,7,275.958,26.44,22.24,31.44,87.519,1.875,0.0667,3.679,0.0,0.0667,0.7419,0.35,0.08,synthetic_reference_based,climate-demo-1.0
bicol,13.139,123.743,60,ssp245,historical,8,268.798,26.54,22.34,31.54,87.376,1.729,0.0707,3.584,0.1,0.0707,0.7557,0.35,0.08,synthetic_reference_based,climate-demo-1.0
bicol,13.139,123.743,60,ssp245,historical,9,224.315,26.64,22.44,31.64,86.486,1.675,0.0954,2.991,0.35,0.0954,0.8101,0.35,0.08,synthetic_reference_based,climate-demo-1.0
bicol,13.139,123.743,60,ssp245,historical,10,213.929,26.64,22.44,31.64,86.279,1.729,0.1012,2.852,0.35,0.1012,0.8215,0.35,0.08,synthetic_reference_based,climate-demo-1.0
bicol,13.139,123.743,60,ssp245,historical,11,188.268,26.44,22.24,31.44,84.765,1.875,0.1154,2.51,0.0,0.1154,0.8374,0.35,0.08,synthetic_reference_based,climate-demo-1.0
bicol,13.139,123.743,60,ssp245,historical,12,155.601,26.04,21.84,31.04,82.112,2.075,0.1336,2.075,0.0,0.1336,0.7824,0.35,0.08,synthetic_reference_based,climate-demo-1.0
bicol,13.139,123.743,60,ssp245,2021-2040,1,126.161,26.234,22.034,31.234,79.186,2.275,0.1724,1.707,0.459,0.1724,0.7509,0.462,0.11,synthetic_reference_based,climate-demo-1.0
bicol,13.139,123.743,60,ssp245,2021-2040,2,91.987,26.434,22.234,31.434,76.502,2.421,0.1914,1.245,0.959,0.1914,0.7181,0.462,0.11,synthetic_reference_based,climate-demo-1.0
bicol,13.139,123.743,60,ssp245,2021-2040,3,99.884,27.034,22.834,32.034,75.66,2.475,0.187,1.352,2.459,0.187,0.7604,0.462,0.11,synthetic_reference_based,climate-demo-1.0
bicol,13.139,123.743,60,ssp245,2021-2040,4,108.464,27.634,23.434,32.634,75.832,2.421,0.1822,1.468,3.959,0.1822,0.7357,0.462,0.11,synthetic_reference_based,climate-demo-1.0
bicol,13.139,123.743,60,ssp245,2021-2040,5,172.238,27.734,23.534,32.734,80.107,2.275,0.1468,2.331,4.209,0.1468,0.8133,0.462,0.11,synthetic_reference_based,climate-demo-1.0
bicol,13.139,123.743,60,ssp245,2021-2040,6,236.291,27.234,23.034,32.234,85.388,2.075,0.1112,3.198,2.959,0.1112,0.8002,0.462,0.11,synthetic_reference_based,climate-demo-1.0
bicol,13.139,123.743,60,ssp245,2021-2040,7,273.946,26.834,22.634,31.834,87.141,1.875,0.0903,3.707,1.959,0.0903,0.7632,0.462,0.11,synthetic_reference_based,climate-demo-1.0
bicol,13.139,123.743,60,ssp245,2021-2040,8,266.827,26.934,22.734,31.934,86.999,1.729,0.0943,3.611,2.209,0.0943,0.777,0.462,0.11,synthetic_reference_based,climate-demo-1.0
bicol,13.139,123.743,60,ssp245,2021-2040,9,222.625,27.034,22.834,32.034,86.115,1.675,0.1188,3.013,2.459,0.1188,0.8271,0.462,0.11,synthetic_reference_based,climate-demo-1.0
bicol,13.139,123.743,60,ssp245,2021-2040,10,212.28,27.034,22.834,32.034,85.908,1.729,0.1246,2.873,2.459,0.1246,0.8383,0.462,0.11,synthetic_reference_based,climate-demo-1.0
bicol,13.139,123.743,60,ssp245,2021-2040,11,186.82,26.834,22.634,31.834,84.399,1.875,0.1387,2.528,1.959,0.1387,0.8581,0.462,0.11,synthetic_reference_based,climate-demo-1.0
bicol,13.139,123.743,60,ssp245,2021-2040,12,154.434,26.434,22.234,31.434,81.751,2.075,0.1567,2.09,0.959,0.1567,0.8,0.462,0.11,synthetic_reference_based,climate-demo-1.0
bicol,13.139,123.743,60,ssp245,2041-2060,1,125.235,26.628,22.428,31.628,78.83,2.275,0.1954,1.72,2.569,0.1954,0.7688,0.575,0.14,synthetic_reference_based,climate-demo-1.0
bicol,13.139,123.743,60,ssp245,2041-2060,2,91.303,26.828,22.628,31.828,76.151,2.421,0.2143,1.254,3.069,0.2143,0.7364,0.575,0.14,synthetic_reference_based,climate-demo-1.0
bicol,13.139,123.743,60,ssp245,2041-2060,3,99.12,27.428,23.228,32.428,75.307,2.475,0.2099,1.361,4.569,0.2099,0.7313,0.575,0.14,synthetic_reference_based,climate-demo-1.0
bicol,13.139,123.743,60,ssp245,2041-2060,4,107.619,28.028,23.828,33.028,75.477,2.421,0.2052,1.478,6.069,0.2052,0.7065,0.575,0.14,synthetic_reference_based,climate-demo-1.0
bicol,13.139,123.743,60,ssp245,2041-2060,5,170.911,28.128,23.928,33.128,79.743,2.275,0.17,2.347,6.319,0.17,0.7834,0.575,0.14,synthetic_reference_based,climate-demo-1.0
bicol,13.139,123.743,60,ssp245,2041-2060,6,234.521,27.628,23.428,32.627,85.015,2.075,0.1347,3.221,5.069,0.1347,0.774,0.575,0.14,synthetic_reference_based,climate-demo-1.0
bicol,13.139,123.743,60,ssp245,2041-2060,7,271.934,27.228,23.028,32.228,86.764,1.875,0.1139,3.735,4.069,0.1139,0.7572,0.575,0.14,synthetic_reference_based,climate-demo-1.0
bicol,13.139,123.743,60,ssp245,2041-2060,8,264.856,27.328,23.128,32.328,86.622,1.729,0.1179,3.637,4.319,0.1179,0.759,0.575,0.14,synthetic_reference_based,climate-demo-1.0
bicol,13.139,123.743,60,ssp245,2041-2060,9,220.936,27.428,23.228,32.428,85.744,1.675,0.1423,3.034,4.569,0.1423,0.8008,0.575,0.14,synthetic_reference_based,climate-demo-1.0
bicol,13.139,123.743,60,ssp245,2041-2060,10,210.63,27.428,23.228,32.428,85.538,1.729,0.148,2.893,4.569,0.148,0.812,0.575,0.14,synthetic_reference_based,climate-demo-1.0
bicol,13.139,123.743,60,ssp245,2041-2060,11,185.371,27.228,23.028,32.228,84.032,1.875,0.162,2.546,4.069,0.162,0.8515,0.575,0.14,synthetic_reference_based,climate-demo-1.0
bicol,13.139,123.743,60,ssp245,2041-2060,12,153.267,26.828,22.628,31.828,81.39,2.075,0.1799,2.105,3.069,0.1799,0.8176,0.575,0.14,synthetic_reference_based,climate-demo-1.0
bicol,13.139,123.743,60,ssp245,2061-2080,1,124.31,27.021,22.821,32.021,78.474,2.275,0.2184,1.732,4.678,0.2184,0.7842,0.688,0.17,synthetic_reference_based,climate-demo-1.0
bicol,13.139,123.743,60,ssp245,2061-2080,2,90.619,27.221,23.021,32.221,75.8,2.421,0.2372,1.263,5.178,0.2372,0.728,0.688,0.17,synthetic_reference_based,climate-demo-1.0
bicol,13.139,123.743,60,ssp245,2061-2080,3,98.355,27.821,23.621,32.821,74.955,2.475,0.2329,1.37,6.678,0.2329,0.7022,0.688,0.17,synthetic_reference_based,climate-demo-1.0
bicol,13.139,123.743,60,ssp245,2061-2080,4,106.774,28.421,24.221,33.421,75.123,2.421,0.2282,1.488,8.178,0.2282,0.6772,0.688,0.17,synthetic_reference_based,climate-demo-1.0
bicol,13.139,123.743,60,ssp245,2061-2080,5,169.583,28.521,24.321,33.521,79.379,2.275,0.1933,2.363,8.428,0.1933,0.7536,0.688,0.17,synthetic_reference_based,climate-demo-1.0
bicol,13.139,123.743,60,ssp245,2061-2080,6,232.75,28.021,23.821,33.021,84.643,2.075,0.1582,3.243,7.178,0.1582,0.7478,0.688,0.17,synthetic_reference_based,climate-demo-1.0
bicol,13.139,123.743,60,ssp245,2061-2080,7,269.923,27.621,23.421,32.621,86.386,1.875,0.1375,3.761,6.178,0.1375,0.7313,0.688,0.17,synthetic_reference_based,climate-demo-1.0
bicol,13.139,123.743,60,ssp245,2061-2080,8,262.884,27.721,23.521,32.721,86.245,1.729,0.1415,3.663,6.428,0.1415,0.733,0.688,0.17,synthetic_reference_based,climate-demo-1.0
bicol,13.139,123.743,60,ssp245,2061-2080,9,219.246,27.821,23.621,32.821,85.372,1.675,0.1657,3.055,6.678,0.1657,0.7745,0.688,0.17,synthetic_reference_based,climate-demo-1.0
bicol,13.139,123.743,60,ssp245,2061-2080,10,208.981,27.821,23.621,32.821,85.167,1.729,0.1714,2.912,6.678,0.1714,0.7857,0.688,0.17,synthetic_reference_based,climate-demo-1.0
bicol,13.139,123.743,60,ssp245,2061-2080,11,183.923,27.621,23.421,32.621,83.666,1.875,0.1853,2.563,6.178,0.1853,0.825,0.688,0.17,synthetic_reference_based,climate-demo-1.0
bicol,13.139,123.743,60,ssp245,2061-2080,12,152.101,27.221,23.021,32.221,81.03,2.075,0.203,2.119,5.178,0.203,0.8086,0.688,0.17,synthetic_reference_based,climate-demo-1.0
bicol,13.139,123.743,60,ssp245,2081-2100,1,123.385,27.415,23.215,32.415,78.118,2.275,0.2415,1.744,6.787,0.2415,0.7549,0.8,0.2,synthetic_reference_based,climate-demo-1.0
bicol,13.139,123.743,60,ssp245,2081-2100,2,89.935,27.615,23.415,32.615,75.449,2.421,0.26,1.271,7.287,0.26,0.699,0.8,0.2,synthetic_reference_based,climate-demo-1.0
bicol,13.139,123.743,60,ssp245,2081-2100,3,97.591,28.215,24.015,33.215,74.602,2.475,0.2558,1.379,8.788,0.2558,0.6731,0.8,0.2,synthetic_reference_based,climate-demo-1.0
bicol,13.139,123.743,60,ssp245,2081-2100,4,105.929,28.815,24.615,33.815,74.769,2.421,0.2512,1.497,10.288,0.2512,0.648,0.8,0.2,synthetic_reference_based,climate-demo-1.0
bicol,13.139,123.743,60,ssp245,2081-2100,5,168.255,28.915,24.715,33.915,79.015,2.275,0.2165,2.378,10.537,0.2165,0.7237,0.8,0.2,synthetic_reference_based,climate-demo-1.0
bicol,13.139,123.743,60,ssp245,2081-2100,6,230.98,28.415,24.215,33.415,84.27,2.075,0.1817,3.265,9.287,0.1817,0.7216,0.8,0.2,synthetic_reference_based,climate-demo-1.0
bicol,13.139,123.743,60,ssp245,2081-2100,7,267.911,28.015,23.815,33.015,86.008,1.875,0.1612,3.786,8.288,0.1612,0.7054,0.8,0.2,synthetic_reference_based,climate-demo-1.0
bicol,13.139,123.743,60,ssp245,2081-2100,8,260.913,28.115,23.915,33.115,85.868,1.729,0.165,3.688,8.537,0.165,0.707,0.8,0.2,synthetic_reference_based,climate-demo-1.0
bicol,13.139,123.743,60,ssp245,2081-2100,9,217.556,28.215,24.015,33.215,85.001,1.675,0.1891,3.075,8.788,0.1891,0.7482,0.8,0.2,synthetic_reference_based,climate-demo-1.0
bicol,13.139,123.743,60,ssp245,2081-2100,10,207.331,28.215,24.015,33.215,84.797,1.729,0.1948,2.93,8.788,0.1948,0.7593,0.8,0.2,synthetic_reference_based,climate-demo-1.0
bicol,13.139,123.743,60,ssp245,2081-2100,11,182.474,28.015,23.815,33.015,83.299,1.875,0.2086,2.579,8.288,0.2086,0.7963,0.8,0.2,synthetic_reference_based,climate-demo-1.0
bicol,13.139,123.743,60,ssp245,2081-2100,12,150.934,27.615,23.415,32.615,80.669,2.075,0.2261,2.133,7.287,0.2261,0.779,0.8,0.2,synthetic_reference_based,climate-demo-1.0
bicol,13.139,123.743,60,ssp370,historical,1,127.086,25.84,21.64,30.84,79.542,2.305,0.1494,1.694,0.0,0.1494,0.733,0.35,0.08,synthetic_reference_based,climate-demo-1.0
bicol,13.139,123.743,60,ssp370,historical,2,92.671,26.04,21.84,31.04,76.853,2.451,0.1685,1.236,0.0,0.1685,0.6999,0.35,0.08,synthetic_reference_based,climate-demo-1.0
bicol,13.139,123.743,60,ssp370,historical,3,100.649,26.64,22.44,31.64,76.013,2.505,0.1641,1.342,0.35,0.1641,0.7464,0.35,0.08,synthetic_reference_based,climate-demo-1.0
bicol,13.139,123.743,60,ssp370,historical,4,109.309,27.24,23.04,32.24,76.186,2.451,0.1593,1.457,1.85,0.1593,0.7649,0.35,0.08,synthetic_reference_based,climate-demo-1.0
bicol,13.139,123.743,60,ssp370,historical,5,173.566,27.34,23.14,32.34,80.471,2.305,0.1236,2.314,2.1,0.1236,0.8432,0.35,0.08,synthetic_reference_based,climate-demo-1.0
bicol,13.139,123.743,60,ssp370,historical,6,238.061,26.84,22.64,31.84,85.761,2.105,0.0877,3.174,0.85,0.0877,0.8072,0.35,0.08,synthetic_reference_based,climate-demo-1.0
bicol,13.139,123.743,60,ssp370,historical,7,275.958,26.44,22.24,31.44,87.519,1.905,0.0667,3.679,0.0,0.0667,0.7419,0.35,0.08,synthetic_reference_based,climate-demo-1.0
bicol,13.139,123.743,60,ssp370,historical,8,268.798,26.54,22.34,31.54,87.376,1.759,0.0707,3.584,0.1,0.0707,0.7557,0.35,0.08,synthetic_reference_based,climate-demo-1.0
bicol,13.139,123.743,60,ssp370,historical,9,224.315,26.64,22.44,31.64,86.486,1.705,0.0954,2.991,0.35,0.0954,0.8101,0.35,0.08,synthetic_reference_based,climate-demo-1.0
bicol,13.139,123.743,60,ssp370,historical,10,213.929,26.64,22.44,31.64,86.279,1.759,0.1012,2.852,0.35,0.1012,0.8215,0.35,0.08,synthetic_reference_based,climate-demo-1.0
bicol,13.139,123.743,60,ssp370,historical,11,188.268,26.44,22.24,31.44,84.765,1.905,0.1154,2.51,0.0,0.1154,0.8374,0.35,0.08,synthetic_reference_based,climate-demo-1.0
bicol,13.139,123.743,60,ssp370,historical,12,155.601,26.04,21.84,31.04,82.112,2.105,0.1336,2.075,0.0,0.1336,0.7824,0.35,0.08,synthetic_reference_based,climate-demo-1.0
bicol,13.139,123.743,60,ssp370,2021-2040,1,125.791,26.391,22.191,31.391,79.043,2.305,0.1816,1.712,1.303,0.1816,0.7581,0.462,0.11,synthetic_reference_based,climate-demo-1.0
bicol,13.139,123.743,60,ssp370,2021-2040,2,91.714,26.591,22.391,31.591,76.362,2.451,0.2005,1.249,1.803,0.2005,0.7254,0.462,0.11,synthetic_reference_based,climate-demo-1.0
bicol,13.139,123.743,60,ssp370,2021-2040,3,99.579,27.191,22.991,32.191,75.519,2.505,0.1962,1.356,3.303,0.1962,0.7488,0.462,0.11,synthetic_reference_based,climate-demo-1.0
bicol,13.139,123.743,60,ssp370,2021-2040,4,108.126,27.791,23.591,32.791,75.69,2.451,0.1914,1.472,4.803,0.1914,0.724,0.462,0.11,synthetic_reference_based,climate-demo-1.0
bicol,13.139,123.743,60,ssp370,2021-2040,5,171.707,27.891,23.691,32.891,79.962,2.305,0.1561,2.338,5.053,0.1561,0.8014,0.462,0.11,synthetic_reference_based,climate-demo-1.0
bicol,13.139,123.743,60,ssp370,2021-2040,6,235.583,27.391,23.191,32.391,85.239,2.105,0.1206,3.207,3.803,0.1206,0.7897,0.462,0.11,synthetic_reference_based,climate-demo-1.0
bicol,13.139,123.743,60,ssp370,2021-2040,7,273.141,26.991,22.791,31.991,86.99,1.905,0.0998,3.718,2.803,0.0998,0.7718,0.462,0.11,synthetic_reference_based,climate-demo-1.0
bicol,13.139,123.743,60,ssp370,2021-2040,8,266.038,27.091,22.891,32.091,86.848,1.759,0.1037,3.622,3.053,0.1037,0.7745,0.462,0.11,synthetic_reference_based,climate-demo-1.0
bicol,13.139,123.743,60,ssp370,2021-2040,9,221.949,27.191,22.991,32.191,85.966,1.705,0.1282,3.021,3.303,0.1282,0.8165,0.462,0.11,synthetic_reference_based,climate-demo-1.0
bicol,13.139,123.743,60,ssp370,2021-2040,10,211.62,27.191,22.991,32.191,85.76,1.759,0.1339,2.881,3.303,0.1339,0.8278,0.462,0.11,synthetic_reference_based,climate-demo-1.0
bicol,13.139,123.743,60,ssp370,2021-2040,11,186.24,26.991,22.791,31.991,84.252,1.905,0.148,2.535,2.803,0.148,0.8664,0.462,0.11,synthetic_reference_based,climate-demo-1.0
bicol,13.139,123.743,60,ssp370,2021-2040,12,153.968,26.591,22.391,31.591,81.607,2.105,0.166,2.096,1.803,0.166,0.807,0.462,0.11,synthetic_reference_based,climate-demo-1.0
bicol,13.139,123.743,60,ssp370,2041-2060,1,124.495,26.942,22.742,31.942,78.545,2.305,0.2138,1.73,4.256,0.2138,0.7832,0.575,0.14,synthetic_reference_based,climate-demo-1.0
bicol,13.139,123.743,60,ssp370,2041-2060,2,90.756,27.142,22.942,32.142,75.87,2.451,0.2326,1.261,4.756,0.2326,0.7338,0.575,0.14,synthetic_reference_based,climate-demo-1.0
bicol,13.139,123.743,60,ssp370,2041-2060,3,98.508,27.742,23.542,32.742,75.025,2.505,0.2283,1.369,6.256,0.2283,0.708,0.575,0.14,synthetic_reference_based,climate-demo-1.0
bicol,13.139,123.743,60,ssp370,2041-2060,4,106.943,28.342,24.143,33.342,75.194,2.451,0.2236,1.486,7.756,0.2236,0.6831,0.575,0.14,synthetic_reference_based,climate-demo-1.0
bicol,13.139,123.743,60,ssp370,2041-2060,5,169.848,28.442,24.242,33.442,79.452,2.305,0.1886,2.36,8.006,0.1886,0.7595,0.575,0.14,synthetic_reference_based,climate-demo-1.0
bicol,13.139,123.743,60,ssp370,2041-2060,6,233.104,27.942,23.742,32.942,84.717,2.105,0.1535,3.239,6.756,0.1535,0.753,0.575,0.14,synthetic_reference_based,climate-demo-1.0
bicol,13.139,123.743,60,ssp370,2041-2060,7,270.325,27.542,23.342,32.543,86.461,1.905,0.1328,3.756,5.756,0.1328,0.7365,0.575,0.14,synthetic_reference_based,climate-demo-1.0
bicol,13.139,123.743,60,ssp370,2041-2060,8,263.278,27.642,23.442,32.642,86.321,1.759,0.1367,3.658,6.006,0.1367,0.7382,0.575,0.14,synthetic_reference_based,climate-demo-1.0
bicol,13.139,123.743,60,ssp370,2041-2060,9,219.584,27.742,23.542,32.742,85.447,1.705,0.161,3.051,6.256,0.161,0.7797,0.575,0.14,synthetic_reference_based,climate-demo-1.0
bicol,13.139,123.743,60,ssp370,2041-2060,10,209.311,27.742,23.542,32.742,85.241,1.759,0.1667,2.908,6.256,0.1667,0.7909,0.575,0.14,synthetic_reference_based,climate-demo-1.0
bicol,13.139,123.743,60,ssp370,2041-2060,11,184.213,27.542,23.342,32.543,83.739,1.905,0.1807,2.559,5.756,0.1807,0.8303,0.575,0.14,synthetic_reference_based,climate-demo-1.0
bicol,13.139,123.743,60,ssp370,2041-2060,12,152.334,27.142,22.942,32.142,81.102,2.105,0.1984,2.116,4.756,0.1984,0.8146,0.575,0.14,synthetic_reference_based,climate-demo-1.0
bicol,13.139,123.743,60,ssp370,2061-2080,1,123.199,27.494,23.294,32.494,78.046,2.305,0.2461,1.746,7.209,0.2461,0.749,0.688,0.17,synthetic_reference_based,climate-demo-1.0
bicol,13.139,123.743,60,ssp370,2061-2080,2,89.799,27.694,23.494,32.694,75.378,2.451,0.2646,1.273,7.709,0.2646,0.6932,0.688,0.17,synthetic_reference_based,climate-demo-1.0
bicol,13.139,123.743,60,ssp370,2061-2080,3,97.438,28.294,24.094,33.294,74.531,2.505,0.2604,1.381,9.209,0.2604,0.6672,0.688,0.17,synthetic_reference_based,climate-demo-1.0
bicol,13.139,123.743,60,ssp370,2061-2080,4,105.76,28.894,24.694,33.894,74.698,2.451,0.2557,1.499,10.709,0.2557,0.6421,0.688,0.17,synthetic_reference_based,climate-demo-1.0
bicol,13.139,123.743,60,ssp370,2061-2080,5,167.99,28.994,24.794,33.994,78.942,2.305,0.2212,2.381,10.959,0.2212,0.7177,0.688,0.17,synthetic_reference_based,climate-demo-1.0
bicol,13.139,123.743,60,ssp370,2061-2080,6,230.626,28.494,24.294,33.494,84.195,2.105,0.1864,3.269,9.709,0.1864,0.7163,0.688,0.17,synthetic_reference_based,climate-demo-1.0
bicol,13.139,123.743,60,ssp370,2061-2080,7,267.509,28.094,23.894,33.094,85.933,1.905,0.1659,3.791,8.709,0.1659,0.7002,0.688,0.17,synthetic_reference_based,climate-demo-1.0
bicol,13.139,123.743,60,ssp370,2061-2080,8,260.518,28.194,23.994,33.194,85.793,1.759,0.1698,3.692,8.959,0.1698,0.7018,0.688,0.17,synthetic_reference_based,climate-demo-1.0
bicol,13.139,123.743,60,ssp370,2061-2080,9,217.218,28.294,24.094,33.294,84.927,1.705,0.1938,3.079,9.209,0.1938,0.7429,0.688,0.17,synthetic_reference_based,climate-demo-1.0
bicol,13.139,123.743,60,ssp370,2061-2080,10,207.001,28.294,24.094,33.294,84.723,1.759,0.1995,2.934,9.209,0.1995,0.7541,0.688,0.17,synthetic_reference_based,climate-demo-1.0
bicol,13.139,123.743,60,ssp370,2061-2080,11,182.185,28.094,23.894,33.094,83.226,1.905,0.2133,2.582,8.709,0.2133,0.7903,0.688,0.17,synthetic_reference_based,climate-demo-1.0
bicol,13.139,123.743,60,ssp370,2061-2080,12,150.701,27.694,23.494,32.694,80.597,2.105,0.2308,2.136,7.709,0.2308,0.7731,0.688,0.17,synthetic_reference_based,climate-demo-1.0
bicol,13.139,123.743,60,ssp370,2081-2100,1,121.904,28.045,23.845,33.045,77.548,2.305,0.2783,1.762,10.163,0.2783,0.7079,0.8,0.2,synthetic_reference_based,climate-demo-1.0
bicol,13.139,123.743,60,ssp370,2081-2100,2,88.841,28.245,24.045,33.245,74.887,2.451,0.2966,1.284,10.662,0.2966,0.6526,0.8,0.2,synthetic_reference_based,climate-demo-1.0
bicol,13.139,123.743,60,ssp370,2081-2100,3,96.368,28.845,24.645,33.845,74.037,2.505,0.2925,1.393,12.162,0.2925,0.6264,0.8,0.2,synthetic_reference_based,climate-demo-1.0
bicol,13.139,123.743,60,ssp370,2081-2100,4,104.577,29.445,25.245,34.445,74.202,2.451,0.2879,1.511,13.663,0.2879,0.6012,0.8,0.2,synthetic_reference_based,climate-demo-1.0
bicol,13.139,123.743,60,ssp370,2081-2100,5,166.131,29.545,25.345,34.545,78.433,2.305,0.2537,2.401,13.913,0.2537,0.6759,0.8,0.2,synthetic_reference_based,climate-demo-1.0
bicol,13.139,123.743,60,ssp370,2081-2100,6,228.147,29.045,24.845,34.045,83.673,2.105,0.2193,3.297,12.663,0.2193,0.6797,0.8,0.2,synthetic_reference_based,climate-demo-1.0
bicol,13.139,123.743,60,ssp370,2081-2100,7,264.692,28.645,24.445,33.645,85.404,1.905,0.1989,3.826,11.663,0.1989,0.6639,0.8,0.2,synthetic_reference_based,climate-demo-1.0
bicol,13.139,123.743,60,ssp370,2081-2100,8,257.758,28.745,24.545,33.745,85.265,1.759,0.2028,3.725,11.912,0.2028,0.6654,0.8,0.2,synthetic_reference_based,climate-demo-1.0
bicol,13.139,123.743,60,ssp370,2081-2100,9,214.852,28.845,24.645,33.845,84.407,1.705,0.2266,3.105,12.162,0.2266,0.7061,0.8,0.2,synthetic_reference_based,climate-demo-1.0
bicol,13.139,123.743,60,ssp370,2081-2100,10,204.692,28.845,24.645,33.845,84.204,1.759,0.2323,2.958,12.162,0.2323,0.7172,0.8,0.2,synthetic_reference_based,climate-demo-1.0
bicol,13.139,123.743,60,ssp370,2081-2100,11,180.157,28.645,24.445,33.645,82.713,1.905,0.2459,2.604,11.663,0.2459,0.7483,0.8,0.2,synthetic_reference_based,climate-demo-1.0
bicol,13.139,123.743,60,ssp370,2081-2100,12,149.067,28.245,24.045,33.245,80.091,2.105,0.2632,2.155,10.662,0.2632,0.7315,0.8,0.2,synthetic_reference_based,climate-demo-1.0
bicol,13.139,123.743,60,ssp585,historical,1,127.086,25.84,21.64,30.84,79.542,2.335,0.1494,1.694,0.0,0.1494,0.733,0.35,0.08,synthetic_reference_based,climate-demo-1.0
bicol,13.139,123.743,60,ssp585,historical,2,92.671,26.04,21.84,31.04,76.853,2.481,0.1685,1.236,0.0,0.1685,0.6999,0.35,0.08,synthetic_reference_based,climate-demo-1.0
bicol,13.139,123.743,60,ssp585,historical,3,100.649,26.64,22.44,31.64,76.013,2.535,0.1641,1.342,0.35,0.1641,0.7464,0.35,0.08,synthetic_reference_based,climate-demo-1.0
bicol,13.139,123.743,60,ssp585,historical,4,109.309,27.24,23.04,32.24,76.186,2.481,0.1593,1.457,1.85,0.1593,0.7649,0.35,0.08,synthetic_reference_based,climate-demo-1.0
bicol,13.139,123.743,60,ssp585,historical,5,173.566,27.34,23.14,32.34,80.471,2.335,0.1236,2.314,2.1,0.1236,0.8432,0.35,0.08,synthetic_reference_based,climate-demo-1.0
bicol,13.139,123.743,60,ssp585,historical,6,238.061,26.84,22.64,31.84,85.761,2.135,0.0877,3.174,0.85,0.0877,0.8072,0.35,0.08,synthetic_reference_based,climate-demo-1.0
bicol,13.139,123.743,60,ssp585,historical,7,275.958,26.44,22.24,31.44,87.519,1.935,0.0667,3.679,0.0,0.0667,0.7419,0.35,0.08,synthetic_reference_based,climate-demo-1.0
bicol,13.139,123.743,60,ssp585,historical,8,268.798,26.54,22.34,31.54,87.376,1.789,0.0707,3.584,0.1,0.0707,0.7557,0.35,0.08,synthetic_reference_based,climate-demo-1.0
bicol,13.139,123.743,60,ssp585,historical,9,224.315,26.64,22.44,31.64,86.486,1.735,0.0954,2.991,0.35,0.0954,0.8101,0.35,0.08,synthetic_reference_based,climate-demo-1.0
bicol,13.139,123.743,60,ssp585,historical,10,213.929,26.64,22.44,31.64,86.279,1.789,0.1012,2.852,0.35,0.1012,0.8215,0.35,0.08,synthetic_reference_based,climate-demo-1.0
bicol,13.139,123.743,60,ssp585,historical,11,188.268,26.44,22.24,31.44,84.765,1.935,0.1154,2.51,0.0,0.1154,0.8374,0.35,0.08,synthetic_reference_based,climate-demo-1.0
bicol,13.139,123.743,60,ssp585,historical,12,155.601,26.04,21.84,31.04,82.112,2.135,0.1336,2.075,0.0,0.1336,0.7824,0.35,0.08,synthetic_reference_based,climate-demo-1.0
bicol,13.139,123.743,60,ssp585,2021-2040,1,125.42,26.549,22.349,31.549,78.901,2.335,0.1908,1.717,2.147,0.1908,0.7653,0.462,0.11,synthetic_reference_based,climate-demo-1.0
bicol,13.139,123.743,60,ssp585,2021-2040,2,91.44,26.749,22.549,31.749,76.221,2.481,0.2097,1.252,2.647,0.2097,0.7327,0.462,0.11,synthetic_reference_based,climate-demo-1.0
bicol,13.139,123.743,60,ssp585,2021-2040,3,99.273,27.349,23.149,32.349,75.378,2.535,0.2053,1.359,4.147,0.2053,0.7371,0.462,0.11,synthetic_reference_based,climate-demo-1.0
bicol,13.139,123.743,60,ssp585,2021-2040,4,107.788,27.949,23.749,32.949,75.548,2.481,0.2006,1.476,5.647,0.2006,0.7123,0.462,0.11,synthetic_reference_based,climate-demo-1.0
bicol,13.139,123.743,60,ssp585,2021-2040,5,171.176,28.049,23.849,33.049,79.816,2.335,0.1654,2.344,5.897,0.1654,0.7894,0.462,0.11,synthetic_reference_based,climate-demo-1.0
bicol,13.139,123.743,60,ssp585,2021-2040,6,234.875,27.549,23.349,32.549,85.09,2.135,0.13,3.216,4.647,0.13,0.7792,0.462,0.11,synthetic_reference_based,climate-demo-1.0
bicol,13.139,123.743,60,ssp585,2021-2040,7,272.337,27.149,22.949,32.149,86.839,1.935,0.1092,3.729,3.647,0.1092,0.7624,0.462,0.11,synthetic_reference_based,climate-demo-1.0
bicol,13.139,123.743,60,ssp585,2021-2040,8,265.25,27.249,23.049,32.249,86.697,1.789,0.1131,3.632,3.897,0.1131,0.7641,0.462,0.11,synthetic_reference_based,climate-demo-1.0
bicol,13.139,123.743,60,ssp585,2021-2040,9,221.274,27.349,23.149,32.349,85.818,1.735,0.1376,3.03,4.147,0.1376,0.806,0.462,0.11,synthetic_reference_based,climate-demo-1.0
bicol,13.139,123.743,60,ssp585,2021-2040,10,210.96,27.349,23.149,32.349,85.612,1.789,0.1433,2.889,4.147,0.1433,0.8173,0.462,0.11,synthetic_reference_based,climate-demo-1.0
bicol,13.139,123.743,60,ssp585,2021-2040,11,185.661,27.149,22.949,32.149,84.106,1.935,0.1574,2.542,3.647,0.1574,0.8568,0.462,0.11,synthetic_reference_based,climate-demo-1.0
bicol,13.139,123.743,60,ssp585,2021-2040,12,153.501,26.749,22.549,31.749,81.463,2.135,0.1752,2.102,2.647,0.1752,0.8141,0.462,0.11,synthetic_reference_based,climate-demo-1.0
bicol,13.139,123.743,60,ssp585,2041-2060,1,123.755,27.258,23.058,32.258,78.26,2.335,0.2322,1.739,5.944,0.2322,0.7666,0.575,0.14,synthetic_reference_based,climate-demo-1.0
bicol,13.139,123.743,60,ssp585,2041-2060,2,90.209,27.458,23.258,32.457,75.589,2.481,0.2509,1.268,6.444,0.2509,0.7106,0.575,0.14,synthetic_reference_based,climate-demo-1.0
bicol,13.139,123.743,60,ssp585,2041-2060,3,97.897,28.058,23.858,33.058,74.743,2.535,0.2466,1.376,7.944,0.2466,0.6847,0.575,0.14,synthetic_reference_based,climate-demo-1.0
bicol,13.139,123.743,60,ssp585,2041-2060,4,106.267,28.658,24.458,33.658,74.91,2.481,0.242,1.493,9.444,0.242,0.6597,0.575,0.14,synthetic_reference_based,climate-demo-1.0
bicol,13.139,123.743,60,ssp585,2041-2060,5,168.786,28.758,24.558,33.758,79.161,2.335,0.2072,2.372,9.694,0.2072,0.7356,0.575,0.14,synthetic_reference_based,climate-demo-1.0
bicol,13.139,123.743,60,ssp585,2041-2060,6,231.688,28.258,24.058,33.258,84.419,2.135,0.1723,3.256,8.444,0.1723,0.7321,0.575,0.14,synthetic_reference_based,climate-demo-1.0
bicol,13.139,123.743,60,ssp585,2041-2060,7,268.716,27.858,23.658,32.858,86.159,1.935,0.1517,3.776,7.444,0.1517,0.7157,0.575,0.14,synthetic_reference_based,climate-demo-1.0
bicol,13.139,123.743,60,ssp585,2041-2060,8,261.701,27.958,23.758,32.957,86.019,1.789,0.1556,3.678,7.694,0.1556,0.7174,0.575,0.14,synthetic_reference_based,climate-demo-1.0
bicol,13.139,123.743,60,ssp585,2041-2060,9,218.232,28.058,23.858,33.058,85.15,1.735,0.1798,3.067,7.944,0.1798,0.7587,0.575,0.14,synthetic_reference_based,climate-demo-1.0
bicol,13.139,123.743,60,ssp585,2041-2060,10,207.991,28.058,23.858,33.058,84.945,1.789,0.1854,2.923,7.944,0.1854,0.7699,0.575,0.14,synthetic_reference_based,climate-demo-1.0
bicol,13.139,123.743,60,ssp585,2041-2060,11,183.054,27.858,23.658,32.858,83.446,1.935,0.1993,2.573,7.444,0.1993,0.8084,0.575,0.14,synthetic_reference_based,climate-demo-1.0
bicol,13.139,123.743,60,ssp585,2041-2060,12,151.401,27.458,23.258,32.457,80.813,2.135,0.2169,2.128,6.444,0.2169,0.7909,0.575,0.14,synthetic_reference_based,climate-demo-1.0
bicol,13.139,123.743,60,ssp585,2061-2080,1,122.089,27.966,23.766,32.966,77.619,2.335,0.2737,1.76,9.741,0.2737,0.7138,0.688,0.17,synthetic_reference_based,climate-demo-1.0
bicol,13.139,123.743,60,ssp585,2061-2080,2,88.978,28.166,23.966,33.166,74.957,2.481,0.2921,1.282,10.241,0.2921,0.6584,0.688,0.17,synthetic_reference_based,climate-demo-1.0
bicol,13.139,123.743,60,ssp585,2061-2080,3,96.521,28.766,24.566,33.766,74.108,2.535,0.2879,1.391,11.741,0.2879,0.6323,0.688,0.17,synthetic_reference_based,climate-demo-1.0
bicol,13.139,123.743,60,ssp585,2061-2080,4,104.746,29.366,25.166,34.366,74.272,2.481,0.2833,1.51,13.241,0.2833,0.6071,0.688,0.17,synthetic_reference_based,climate-demo-1.0
bicol,13.139,123.743,60,ssp585,2061-2080,5,166.396,29.466,25.266,34.466,78.505,2.335,0.2491,2.398,13.491,0.2491,0.6819,0.688,0.17,synthetic_reference_based,climate-demo-1.0
bicol,13.139,123.743,60,ssp585,2061-2080,6,228.502,28.966,24.766,33.966,83.748,2.135,0.2146,3.293,12.241,0.2146,0.6849,0.688,0.17,synthetic_reference_based,climate-demo-1.0
bicol,13.139,123.743,60,ssp585,2061-2080,7,265.095,28.566,24.366,33.566,85.479,1.935,0.1942,3.821,11.241,0.1942,0.6691,0.688,0.17,synthetic_reference_based,climate-demo-1.0
bicol,13.139,123.743,60,ssp585,2061-2080,8,258.153,28.666,24.466,33.666,85.341,1.789,0.1981,3.721,11.491,0.1981,0.6706,0.688,0.17,synthetic_reference_based,climate-demo-1.0
bicol,13.139,123.743,60,ssp585,2061-2080,9,215.19,28.766,24.566,33.766,84.481,1.735,0.2219,3.102,11.741,0.2219,0.7114,0.688,0.17,synthetic_reference_based,climate-demo-1.0
bicol,13.139,123.743,60,ssp585,2061-2080,10,205.022,28.766,24.566,33.766,84.278,1.789,0.2276,2.955,11.741,0.2276,0.7225,0.688,0.17,synthetic_reference_based,climate-demo-1.0
bicol,13.139,123.743,60,ssp585,2061-2080,11,180.447,28.566,24.366,33.566,82.786,1.935,0.2413,2.601,11.241,0.2413,0.7543,0.688,0.17,synthetic_reference_based,climate-demo-1.0
bicol,13.139,123.743,60,ssp585,2061-2080,12,149.3,28.166,23.966,33.166,80.164,2.135,0.2586,2.152,10.241,0.2586,0.7375,0.688,0.17,synthetic_reference_based,climate-demo-1.0
bicol,13.139,123.743,60,ssp585,2081-2100,1,120.423,28.675,24.475,33.675,76.978,2.335,0.3151,1.779,13.538,0.3151,0.661,0.8,0.2,synthetic_reference_based,climate-demo-1.0
bicol,13.139,123.743,60,ssp585,2081-2100,2,87.747,28.875,24.675,33.875,74.325,2.481,0.3333,1.296,14.038,0.3333,0.6061,0.8,0.2,synthetic_reference_based,climate-demo-1.0
bicol,13.139,123.743,60,ssp585,2081-2100,3,95.145,29.475,25.275,34.475,73.473,2.535,0.3291,1.406,15.538,0.3291,0.5798,0.8,0.2,synthetic_reference_based,climate-demo-1.0
bicol,13.139,123.743,60,ssp585,2081-2100,4,103.225,30.075,25.875,35.075,73.635,2.481,0.3247,1.525,17.038,0.3247,0.5544,0.8,0.2,synthetic_reference_based,climate-demo-1.0
bicol,13.139,123.743,60,ssp585,2081-2100,5,164.006,30.175,25.975,35.175,77.85,2.335,0.2909,2.423,17.288,0.2909,0.6281,0.8,0.2,synthetic_reference_based,climate-demo-1.0
bicol,13.139,123.743,60,ssp585,2081-2100,6,225.315,29.675,25.475,34.675,83.076,2.135,0.2568,3.329,16.038,0.2568,0.6378,0.8,0.2,synthetic_reference_based,climate-demo-1.0
bicol,13.139,123.743,60,ssp585,2081-2100,7,261.473,29.275,25.075,34.275,84.799,1.935,0.2367,3.863,15.038,0.2367,0.6224,0.8,0.2,synthetic_reference_based,climate-demo-1.0
bicol,13.139,123.743,60,ssp585,2081-2100,8,254.604,29.375,25.175,34.375,84.662,1.789,0.2406,3.761,15.288,0.2406,0.6239,0.8,0.2,synthetic_reference_based,climate-demo-1.0
bicol,13.139,123.743,60,ssp585,2081-2100,9,212.148,29.475,25.275,34.475,83.813,1.735,0.2641,3.134,15.538,0.2641,0.6641,0.8,0.2,synthetic_reference_based,climate-demo-1.0
bicol,13.139,123.743,60,ssp585,2081-2100,10,202.052,29.475,25.275,34.475,83.611,1.789,0.2697,2.985,15.538,0.2697,0.6751,0.8,0.2,synthetic_reference_based,climate-demo-1.0
bicol,13.139,123.743,60,ssp585,2081-2100,11,177.839,29.275,25.075,34.275,82.127,1.935,0.2832,2.627,15.038,0.2832,0.7003,0.8,0.2,synthetic_reference_based,climate-demo-1.0
bicol,13.139,123.743,60,ssp585,2081-2100,12,147.2,28.875,24.675,33.875,79.514,2.135,0.3002,2.175,14.038,0.3002,0.6841,0.8,0.2,synthetic_reference_based,climate-demo-1.0
